ISO-10303-21;
HEADER;
/* Generated by software containing ST-Developer
 * from STEP Tools, Inc. (www.steptools.com) 
 */

FILE_DESCRIPTION(
/* description */ (''),
/* implementation_level */ '2;1');

FILE_NAME(
/* name */ 'CBRNE-sensor-enclosure.stp',
/* time_stamp */ '2026-08-05T13:16:25+01:00',
/* author */ ('darkm'),
/* organization */ (''),
/* preprocessor_version */ 'ST-DEVELOPER v20.1',
/* originating_system */ 'Autodesk Inventor 2027',
/* authorisation */ '');

FILE_SCHEMA (('AUTOMOTIVE_DESIGN { 1 0 10303 214 3 1 1 }'));
ENDSEC;

DATA;
#10=MECHANICAL_DESIGN_GEOMETRIC_PRESENTATION_REPRESENTATION('',(#5305,#5306,
#5307,#5308,#5309,#5310,#5311,#5312,#5313,#5314,#5315,#5316,#5317,#5318,
#5319,#5320,#5321,#5322,#5323,#5324,#5325,#5326,#5327,#5328,#5329,#5330,
#5331,#5332,#5333,#5334,#5335,#5336,#5337,#5338,#5339,#5340,#5341,#5342,
#5343,#5344,#5345,#5346,#5347,#5348,#5349,#5350,#5351,#5352,#5353,#5354,
#5355,#5356,#5357,#5358,#5359,#5360,#5361,#5362,#5363,#5364,#5365,#5366,
#5367,#5368,#5369,#5370,#5371,#5372,#5373,#5374,#5375,#5376,#5377,#5378,
#5379,#5380,#5381,#5382,#5383,#5384,#5385,#5386,#5387,#5388,#5389,#5390,
#5391,#5392,#5393,#5394,#5395,#5396,#5397,#5398,#5399,#5400,#5401,#5402,
#5403,#5404,#5405,#5406,#5407,#5408,#5409,#5410,#5411,#5412,#5413,#5414,
#5415,#5416,#5417,#5418,#5419,#5420,#5421,#5422,#5423,#5424,#5425,#5426,
#5427,#5428,#5429,#5430,#5431,#5432,#5433,#5434,#5435,#5436,#5437,#5438,
#5439,#5440,#5441,#5442,#5443,#5444,#5445,#5446,#5447,#5448,#5449,#5450,
#5451,#5452,#5453,#5454,#5455,#5456,#5457,#5458,#5459,#5460,#5461,#5462,
#5463,#5464,#5465,#5466,#5467,#5468,#5469,#5470,#5471,#5472,#5473,#5474,
#5475,#5476,#5477,#5478,#5479,#5480,#5481,#5482,#5483,#5484,#5485,#5486,
#5487,#5488,#5489,#5490,#5491,#5492,#5493,#5494,#5495,#5496,#5497,#5498,
#5499,#5500,#5501,#5502,#5503,#5504,#5505,#5506,#5507,#5508,#5509,#5510,
#5511,#5512,#5513,#5514,#5515,#5516,#5517,#5518,#5519,#5520,#5521,#5522,
#5523,#5524,#5525,#5526,#5527,#5528,#5529,#5530,#5531,#5532,#5533,#5534,
#5535,#5536,#5537,#5538,#5539,#5540,#5541,#5542,#5543,#5544,#5545,#5546,
#5547,#5548,#5549,#5550,#5551,#5552,#5553,#5554,#5555,#5556,#5557,#5558,
#5559,#5560,#5561,#5562,#5563,#5564,#5565,#5566,#5567,#5568,#5569,#5570,
#5571),#9710);
#11=CONTEXT_DEPENDENT_OVER_RIDING_STYLED_ITEM('',(#9806),#9753,#5571,(#27));
#12=MAPPED_ITEM('',#13,#6528);
#13=REPRESENTATION_MAP(#6528,#9752);
#14=ITEM_DEFINED_TRANSFORMATION($,$,#6057,#6515);
#15=ITEM_DEFINED_TRANSFORMATION($,$,#6369,#6516);
#16=ITEM_DEFINED_TRANSFORMATION($,$,#6375,#6517);
#17=ITEM_DEFINED_TRANSFORMATION($,$,#6423,#6518);
#18=ITEM_DEFINED_TRANSFORMATION($,$,#6440,#6519);
#19=ITEM_DEFINED_TRANSFORMATION($,$,#6466,#6520);
#20=ITEM_DEFINED_TRANSFORMATION($,$,#6449,#6521);
#21=ITEM_DEFINED_TRANSFORMATION($,$,#6449,#6522);
#22=ITEM_DEFINED_TRANSFORMATION($,$,#6449,#6523);
#23=ITEM_DEFINED_TRANSFORMATION($,$,#6466,#6524);
#24=ITEM_DEFINED_TRANSFORMATION($,$,#6466,#6525);
#25=ITEM_DEFINED_TRANSFORMATION($,$,#6482,#6526);
#26=ITEM_DEFINED_TRANSFORMATION($,$,#6486,#6527);
#27=(
REPRESENTATION_RELATIONSHIP($,$,#9753,#9752)
REPRESENTATION_RELATIONSHIP_WITH_TRANSFORMATION(#14)
SHAPE_REPRESENTATION_RELATIONSHIP()
);
#28=(
REPRESENTATION_RELATIONSHIP($,$,#9754,#9752)
REPRESENTATION_RELATIONSHIP_WITH_TRANSFORMATION(#15)
SHAPE_REPRESENTATION_RELATIONSHIP()
);
#29=(
REPRESENTATION_RELATIONSHIP($,$,#9755,#9752)
REPRESENTATION_RELATIONSHIP_WITH_TRANSFORMATION(#16)
SHAPE_REPRESENTATION_RELATIONSHIP()
);
#30=(
REPRESENTATION_RELATIONSHIP($,$,#9756,#9752)
REPRESENTATION_RELATIONSHIP_WITH_TRANSFORMATION(#17)
SHAPE_REPRESENTATION_RELATIONSHIP()
);
#31=(
REPRESENTATION_RELATIONSHIP($,$,#9757,#9752)
REPRESENTATION_RELATIONSHIP_WITH_TRANSFORMATION(#18)
SHAPE_REPRESENTATION_RELATIONSHIP()
);
#32=(
REPRESENTATION_RELATIONSHIP($,$,#9759,#9752)
REPRESENTATION_RELATIONSHIP_WITH_TRANSFORMATION(#19)
SHAPE_REPRESENTATION_RELATIONSHIP()
);
#33=(
REPRESENTATION_RELATIONSHIP($,$,#9758,#9752)
REPRESENTATION_RELATIONSHIP_WITH_TRANSFORMATION(#20)
SHAPE_REPRESENTATION_RELATIONSHIP()
);
#34=(
REPRESENTATION_RELATIONSHIP($,$,#9758,#9752)
REPRESENTATION_RELATIONSHIP_WITH_TRANSFORMATION(#21)
SHAPE_REPRESENTATION_RELATIONSHIP()
);
#35=(
REPRESENTATION_RELATIONSHIP($,$,#9758,#9752)
REPRESENTATION_RELATIONSHIP_WITH_TRANSFORMATION(#22)
SHAPE_REPRESENTATION_RELATIONSHIP()
);
#36=(
REPRESENTATION_RELATIONSHIP($,$,#9759,#9752)
REPRESENTATION_RELATIONSHIP_WITH_TRANSFORMATION(#23)
SHAPE_REPRESENTATION_RELATIONSHIP()
);
#37=(
REPRESENTATION_RELATIONSHIP($,$,#9759,#9752)
REPRESENTATION_RELATIONSHIP_WITH_TRANSFORMATION(#24)
SHAPE_REPRESENTATION_RELATIONSHIP()
);
#38=(
REPRESENTATION_RELATIONSHIP($,$,#9760,#9752)
REPRESENTATION_RELATIONSHIP_WITH_TRANSFORMATION(#25)
SHAPE_REPRESENTATION_RELATIONSHIP()
);
#39=(
REPRESENTATION_RELATIONSHIP($,$,#9761,#9752)
REPRESENTATION_RELATIONSHIP_WITH_TRANSFORMATION(#26)
SHAPE_REPRESENTATION_RELATIONSHIP()
);
#40=CONTEXT_DEPENDENT_SHAPE_REPRESENTATION(#27,#9739);
#41=CONTEXT_DEPENDENT_SHAPE_REPRESENTATION(#28,#9740);
#42=CONTEXT_DEPENDENT_SHAPE_REPRESENTATION(#29,#9741);
#43=CONTEXT_DEPENDENT_SHAPE_REPRESENTATION(#30,#9742);
#44=CONTEXT_DEPENDENT_SHAPE_REPRESENTATION(#31,#9743);
#45=CONTEXT_DEPENDENT_SHAPE_REPRESENTATION(#32,#9744);
#46=CONTEXT_DEPENDENT_SHAPE_REPRESENTATION(#33,#9745);
#47=CONTEXT_DEPENDENT_SHAPE_REPRESENTATION(#34,#9746);
#48=CONTEXT_DEPENDENT_SHAPE_REPRESENTATION(#35,#9747);
#49=CONTEXT_DEPENDENT_SHAPE_REPRESENTATION(#36,#9748);
#50=CONTEXT_DEPENDENT_SHAPE_REPRESENTATION(#37,#9749);
#51=CONTEXT_DEPENDENT_SHAPE_REPRESENTATION(#38,#9750);
#52=CONTEXT_DEPENDENT_SHAPE_REPRESENTATION(#39,#9751);
#53=NEXT_ASSEMBLY_USAGE_OCCURRENCE('Main casing:1','Main casing:1',
'Main casing:1',#9763,#9764,'Main casing:1');
#54=NEXT_ASSEMBLY_USAGE_OCCURRENCE('Radiation sensor:1',
'Radiation sensor:1','Radiation sensor:1',#9763,#9765,
'Radiation sensor:1');
#55=NEXT_ASSEMBLY_USAGE_OCCURRENCE('Electronic screen:1',
'Electronic screen:1','Electronic screen:1',#9763,#9766,
'Electronic screen:1');
#56=NEXT_ASSEMBLY_USAGE_OCCURRENCE('Protective glass:1',
'Protective glass:1','Protective glass:1',#9763,#9767,
'Protective glass:1');
#57=NEXT_ASSEMBLY_USAGE_OCCURRENCE('O-ring for protective glass:1',
'O-ring for protective glass:1','O-ring for protective glass:1',#9763,#9768,
'O-ring for protective glass:1');
#58=NEXT_ASSEMBLY_USAGE_OCCURRENCE('Button:1','Button:1','Button:1',#9763,
#9770,'Button:1');
#59=NEXT_ASSEMBLY_USAGE_OCCURRENCE('O-Ring for buttons:1',
'O-Ring for buttons:1','O-Ring for buttons:1',#9763,#9769,
'O-Ring for buttons:1');
#60=NEXT_ASSEMBLY_USAGE_OCCURRENCE('O-Ring for buttons:2',
'O-Ring for buttons:2','O-Ring for buttons:2',#9763,#9769,
'O-Ring for buttons:2');
#61=NEXT_ASSEMBLY_USAGE_OCCURRENCE('O-Ring for buttons:3',
'O-Ring for buttons:3','O-Ring for buttons:3',#9763,#9769,
'O-Ring for buttons:3');
#62=NEXT_ASSEMBLY_USAGE_OCCURRENCE('Button:2','Button:2','Button:2',#9763,
#9770,'Button:2');
#63=NEXT_ASSEMBLY_USAGE_OCCURRENCE('Button:3','Button:3','Button:3',#9763,
#9770,'Button:3');
#64=NEXT_ASSEMBLY_USAGE_OCCURRENCE('O-ring for battery hatch:1',
'O-ring for battery hatch:1','O-ring for battery hatch:1',#9763,#9771,
'O-ring for battery hatch:1');
#65=NEXT_ASSEMBLY_USAGE_OCCURRENCE('Hatch opening:1','Hatch opening:1',
'Hatch opening:1',#9763,#9772,'Hatch opening:1');
#66=TOROIDAL_SURFACE('',#6483,14.,0.75);
#67=ELLIPSE('',#6442,1.41421356237309,1.);
#68=ELLIPSE('',#6443,1.4142135623731,1.);
#69=ELLIPSE('',#6445,1.4142135623731,1.);
#70=ELLIPSE('',#6447,1.4142135623731,1.);
#71=ELLIPSE('',#6451,1.76776695296637,1.25);
#72=ELLIPSE('',#6452,1.76776695296637,1.25);
#73=ELLIPSE('',#6453,1.76776695296637,1.25);
#74=ELLIPSE('',#6454,1.76776695296637,1.25);
#75=ELLIPSE('',#6455,1.76776695296637,1.25);
#76=ELLIPSE('',#6456,1.76776695296637,1.25);
#77=ELLIPSE('',#6458,1.76776695296637,1.25);
#78=ELLIPSE('',#6459,1.76776695296637,1.25);
#79=ELLIPSE('',#6460,1.76776695296637,1.25);
#80=ELLIPSE('',#6462,1.76776695296637,1.25);
#81=ELLIPSE('',#6463,1.76776695296637,1.25);
#82=ELLIPSE('',#6464,1.76776695296637,1.25);
#83=GEOMETRICALLY_BOUNDED_WIREFRAME_SHAPE_REPRESENTATION('',(#86,#87),#9701);
#84=GEOMETRICALLY_BOUNDED_WIREFRAME_SHAPE_REPRESENTATION('',(#88),#9703);
#85=GEOMETRICALLY_BOUNDED_WIREFRAME_SHAPE_REPRESENTATION('',(#89,#90,#91),
#9700);
#86=GEOMETRIC_CURVE_SET('Sketch44',(#9223));
#87=GEOMETRIC_CURVE_SET('Sketch45',(#9224));
#88=GEOMETRIC_CURVE_SET('Sketch6',(#9404));
#89=GEOMETRIC_CURVE_SET('',(#9672));
#90=GEOMETRIC_CURVE_SET('',(#9673));
#91=GEOMETRIC_CURVE_SET('',(#9674));
#92=SHAPE_REPRESENTATION_RELATIONSHIP('SRR','None',#9753,#104);
#93=SHAPE_REPRESENTATION_RELATIONSHIP('SRR','None',#9753,#83);
#94=SHAPE_REPRESENTATION_RELATIONSHIP('SRR','None',#9754,#105);
#95=SHAPE_REPRESENTATION_RELATIONSHIP('SRR','None',#9755,#106);
#96=SHAPE_REPRESENTATION_RELATIONSHIP('SRR','None',#9755,#84);
#97=SHAPE_REPRESENTATION_RELATIONSHIP('SRR','None',#9756,#107);
#98=SHAPE_REPRESENTATION_RELATIONSHIP('SRR','None',#9757,#108);
#99=SHAPE_REPRESENTATION_RELATIONSHIP('SRR','None',#9758,#109);
#100=SHAPE_REPRESENTATION_RELATIONSHIP('SRR','None',#9759,#110);
#101=SHAPE_REPRESENTATION_RELATIONSHIP('SRR','None',#9760,#111);
#102=SHAPE_REPRESENTATION_RELATIONSHIP('SRR','None',#9761,#112);
#103=SHAPE_REPRESENTATION_RELATIONSHIP('SRR','None',#9752,#85);
#104=ADVANCED_BREP_SHAPE_REPRESENTATION('',(#113),#9701);
#105=ADVANCED_BREP_SHAPE_REPRESENTATION('',(#114),#9702);
#106=ADVANCED_BREP_SHAPE_REPRESENTATION('',(#115),#9703);
#107=ADVANCED_BREP_SHAPE_REPRESENTATION('',(#116),#9704);
#108=ADVANCED_BREP_SHAPE_REPRESENTATION('',(#117),#9705);
#109=ADVANCED_BREP_SHAPE_REPRESENTATION('',(#118),#9706);
#110=ADVANCED_BREP_SHAPE_REPRESENTATION('',(#119),#9707);
#111=ADVANCED_BREP_SHAPE_REPRESENTATION('',(#120),#9708);
#112=ADVANCED_BREP_SHAPE_REPRESENTATION('',(#121),#9709);
#113=MANIFOLD_SOLID_BREP('Solid1',#5885);
#114=MANIFOLD_SOLID_BREP('Solid2',#5886);
#115=MANIFOLD_SOLID_BREP('Solid1',#5887);
#116=MANIFOLD_SOLID_BREP('Solid1',#5888);
#117=MANIFOLD_SOLID_BREP('Solid1',#5889);
#118=MANIFOLD_SOLID_BREP('Solid1',#5890);
#119=MANIFOLD_SOLID_BREP('Solid1',#5891);
#120=MANIFOLD_SOLID_BREP('Solid1',#5892);
#121=MANIFOLD_SOLID_BREP('Solid1',#5893);
#122=LINE('',#8110,#748);
#123=LINE('',#8116,#749);
#124=LINE('',#8122,#750);
#125=LINE('',#8124,#751);
#126=LINE('',#8126,#752);
#127=LINE('',#8127,#753);
#128=LINE('',#8131,#754);
#129=LINE('',#8137,#755);
#130=LINE('',#8140,#756);
#131=LINE('',#8143,#757);
#132=LINE('',#8145,#758);
#133=LINE('',#8146,#759);
#134=LINE('',#8152,#760);
#135=LINE('',#8154,#761);
#136=LINE('',#8155,#762);
#137=LINE('',#8162,#763);
#138=LINE('',#8165,#764);
#139=LINE('',#8168,#765);
#140=LINE('',#8170,#766);
#141=LINE('',#8171,#767);
#142=LINE('',#8176,#768);
#143=LINE('',#8179,#769);
#144=LINE('',#8180,#770);
#145=LINE('',#8185,#771);
#146=LINE('',#8187,#772);
#147=LINE('',#8189,#773);
#148=LINE('',#8190,#774);
#149=LINE('',#8193,#775);
#150=LINE('',#8195,#776);
#151=LINE('',#8196,#777);
#152=LINE('',#8199,#778);
#153=LINE('',#8201,#779);
#154=LINE('',#8202,#780);
#155=LINE('',#8204,#781);
#156=LINE('',#8205,#782);
#157=LINE('',#8210,#783);
#158=LINE('',#8212,#784);
#159=LINE('',#8214,#785);
#160=LINE('',#8215,#786);
#161=LINE('',#8218,#787);
#162=LINE('',#8220,#788);
#163=LINE('',#8221,#789);
#164=LINE('',#8224,#790);
#165=LINE('',#8226,#791);
#166=LINE('',#8227,#792);
#167=LINE('',#8229,#793);
#168=LINE('',#8230,#794);
#169=LINE('',#8240,#795);
#170=LINE('',#8243,#796);
#171=LINE('',#8249,#797);
#172=LINE('',#8252,#798);
#173=LINE('',#8258,#799);
#174=LINE('',#8261,#800);
#175=LINE('',#8267,#801);
#176=LINE('',#8270,#802);
#177=LINE('',#8273,#803);
#178=LINE('',#8275,#804);
#179=LINE('',#8276,#805);
#180=LINE('',#8278,#806);
#181=LINE('',#8280,#807);
#182=LINE('',#8282,#808);
#183=LINE('',#8284,#809);
#184=LINE('',#8285,#810);
#185=LINE('',#8287,#811);
#186=LINE('',#8289,#812);
#187=LINE('',#8290,#813);
#188=LINE('',#8292,#814);
#189=LINE('',#8294,#815);
#190=LINE('',#8295,#816);
#191=LINE('',#8298,#817);
#192=LINE('',#8300,#818);
#193=LINE('',#8301,#819);
#194=LINE('',#8307,#820);
#195=LINE('',#8309,#821);
#196=LINE('',#8311,#822);
#197=LINE('',#8312,#823);
#198=LINE('',#8315,#824);
#199=LINE('',#8317,#825);
#200=LINE('',#8318,#826);
#201=LINE('',#8321,#827);
#202=LINE('',#8323,#828);
#203=LINE('',#8324,#829);
#204=LINE('',#8326,#830);
#205=LINE('',#8327,#831);
#206=LINE('',#8331,#832);
#207=LINE('',#8333,#833);
#208=LINE('',#8335,#834);
#209=LINE('',#8336,#835);
#210=LINE('',#8339,#836);
#211=LINE('',#8341,#837);
#212=LINE('',#8342,#838);
#213=LINE('',#8345,#839);
#214=LINE('',#8347,#840);
#215=LINE('',#8348,#841);
#216=LINE('',#8350,#842);
#217=LINE('',#8351,#843);
#218=LINE('',#8356,#844);
#219=LINE('',#8358,#845);
#220=LINE('',#8360,#846);
#221=LINE('',#8361,#847);
#222=LINE('',#8368,#848);
#223=LINE('',#8370,#849);
#224=LINE('',#8372,#850);
#225=LINE('',#8373,#851);
#226=LINE('',#8376,#852);
#227=LINE('',#8378,#853);
#228=LINE('',#8379,#854);
#229=LINE('',#8383,#855);
#230=LINE('',#8385,#856);
#231=LINE('',#8387,#857);
#232=LINE('',#8388,#858);
#233=LINE('',#8391,#859);
#234=LINE('',#8393,#860);
#235=LINE('',#8394,#861);
#236=LINE('',#8397,#862);
#237=LINE('',#8399,#863);
#238=LINE('',#8400,#864);
#239=LINE('',#8402,#865);
#240=LINE('',#8403,#866);
#241=LINE('',#8406,#867);
#242=LINE('',#8408,#868);
#243=LINE('',#8409,#869);
#244=LINE('',#8411,#870);
#245=LINE('',#8412,#871);
#246=LINE('',#8417,#872);
#247=LINE('',#8419,#873);
#248=LINE('',#8421,#874);
#249=LINE('',#8422,#875);
#250=LINE('',#8425,#876);
#251=LINE('',#8427,#877);
#252=LINE('',#8428,#878);
#253=LINE('',#8432,#879);
#254=LINE('',#8434,#880);
#255=LINE('',#8436,#881);
#256=LINE('',#8437,#882);
#257=LINE('',#8440,#883);
#258=LINE('',#8442,#884);
#259=LINE('',#8443,#885);
#260=LINE('',#8446,#886);
#261=LINE('',#8448,#887);
#262=LINE('',#8449,#888);
#263=LINE('',#8451,#889);
#264=LINE('',#8452,#890);
#265=LINE('',#8455,#891);
#266=LINE('',#8457,#892);
#267=LINE('',#8458,#893);
#268=LINE('',#8460,#894);
#269=LINE('',#8461,#895);
#270=LINE('',#8466,#896);
#271=LINE('',#8468,#897);
#272=LINE('',#8470,#898);
#273=LINE('',#8471,#899);
#274=LINE('',#8475,#900);
#275=LINE('',#8477,#901);
#276=LINE('',#8479,#902);
#277=LINE('',#8480,#903);
#278=LINE('',#8485,#904);
#279=LINE('',#8490,#905);
#280=LINE('',#8492,#906);
#281=LINE('',#8494,#907);
#282=LINE('',#8495,#908);
#283=LINE('',#8499,#909);
#284=LINE('',#8501,#910);
#285=LINE('',#8503,#911);
#286=LINE('',#8504,#912);
#287=LINE('',#8507,#913);
#288=LINE('',#8511,#914);
#289=LINE('',#8514,#915);
#290=LINE('',#8519,#916);
#291=LINE('',#8522,#917);
#292=LINE('',#8527,#918);
#293=LINE('',#8534,#919);
#294=LINE('',#8537,#920);
#295=LINE('',#8542,#921);
#296=LINE('',#8545,#922);
#297=LINE('',#8547,#923);
#298=LINE('',#8551,#924);
#299=LINE('',#8554,#925);
#300=LINE('',#8558,#926);
#301=LINE('',#8563,#927);
#302=LINE('',#8569,#928);
#303=LINE('',#8571,#929);
#304=LINE('',#8572,#930);
#305=LINE('',#8575,#931);
#306=LINE('',#8576,#932);
#307=LINE('',#8579,#933);
#308=LINE('',#8581,#934);
#309=LINE('',#8582,#935);
#310=LINE('',#8585,#936);
#311=LINE('',#8586,#937);
#312=LINE('',#8590,#938);
#313=LINE('',#8592,#939);
#314=LINE('',#8594,#940);
#315=LINE('',#8595,#941);
#316=LINE('',#8599,#942);
#317=LINE('',#8601,#943);
#318=LINE('',#8603,#944);
#319=LINE('',#8604,#945);
#320=LINE('',#8610,#946);
#321=LINE('',#8611,#947);
#322=LINE('',#8616,#948);
#323=LINE('',#8617,#949);
#324=LINE('',#8621,#950);
#325=LINE('',#8622,#951);
#326=LINE('',#8625,#952);
#327=LINE('',#8627,#953);
#328=LINE('',#8628,#954);
#329=LINE('',#8631,#955);
#330=LINE('',#8633,#956);
#331=LINE('',#8634,#957);
#332=LINE('',#8637,#958);
#333=LINE('',#8638,#959);
#334=LINE('',#8643,#960);
#335=LINE('',#8647,#961);
#336=LINE('',#8648,#962);
#337=LINE('',#8650,#963);
#338=LINE('',#8654,#964);
#339=LINE('',#8656,#965);
#340=LINE('',#8658,#966);
#341=LINE('',#8659,#967);
#342=LINE('',#8661,#968);
#343=LINE('',#8662,#969);
#344=LINE('',#8663,#970);
#345=LINE('',#8665,#971);
#346=LINE('',#8666,#972);
#347=LINE('',#8668,#973);
#348=LINE('',#8670,#974);
#349=LINE('',#8674,#975);
#350=LINE('',#8675,#976);
#351=LINE('',#8678,#977);
#352=LINE('',#8680,#978);
#353=LINE('',#8681,#979);
#354=LINE('',#8685,#980);
#355=LINE('',#8686,#981);
#356=LINE('',#8687,#982);
#357=LINE('',#8693,#983);
#358=LINE('',#8694,#984);
#359=LINE('',#8699,#985);
#360=LINE('',#8700,#986);
#361=LINE('',#8703,#987);
#362=LINE('',#8710,#988);
#363=LINE('',#8711,#989);
#364=LINE('',#8716,#990);
#365=LINE('',#8717,#991);
#366=LINE('',#8719,#992);
#367=LINE('',#8720,#993);
#368=LINE('',#8722,#994);
#369=LINE('',#8724,#995);
#370=LINE('',#8725,#996);
#371=LINE('',#8728,#997);
#372=LINE('',#8729,#998);
#373=LINE('',#8736,#999);
#374=LINE('',#8738,#1000);
#375=LINE('',#8740,#1001);
#376=LINE('',#8741,#1002);
#377=LINE('',#8746,#1003);
#378=LINE('',#8747,#1004);
#379=LINE('',#8752,#1005);
#380=LINE('',#8753,#1006);
#381=LINE('',#8759,#1007);
#382=LINE('',#8761,#1008);
#383=LINE('',#8762,#1009);
#384=LINE('',#8764,#1010);
#385=LINE('',#8765,#1011);
#386=LINE('',#8768,#1012);
#387=LINE('',#8770,#1013);
#388=LINE('',#8771,#1014);
#389=LINE('',#8774,#1015);
#390=LINE('',#8776,#1016);
#391=LINE('',#8777,#1017);
#392=LINE('',#8780,#1018);
#393=LINE('',#8783,#1019);
#394=LINE('',#8784,#1020);
#395=LINE('',#8787,#1021);
#396=LINE('',#8792,#1022);
#397=LINE('',#8794,#1023);
#398=LINE('',#8796,#1024);
#399=LINE('',#8797,#1025);
#400=LINE('',#8801,#1026);
#401=LINE('',#8803,#1027);
#402=LINE('',#8805,#1028);
#403=LINE('',#8806,#1029);
#404=LINE('',#8810,#1030);
#405=LINE('',#8812,#1031);
#406=LINE('',#8814,#1032);
#407=LINE('',#8815,#1033);
#408=LINE('',#8819,#1034);
#409=LINE('',#8821,#1035);
#410=LINE('',#8823,#1036);
#411=LINE('',#8824,#1037);
#412=LINE('',#8828,#1038);
#413=LINE('',#8830,#1039);
#414=LINE('',#8832,#1040);
#415=LINE('',#8833,#1041);
#416=LINE('',#8835,#1042);
#417=LINE('',#8836,#1043);
#418=LINE('',#8838,#1044);
#419=LINE('',#8839,#1045);
#420=LINE('',#8846,#1046);
#421=LINE('',#8850,#1047);
#422=LINE('',#8853,#1048);
#423=LINE('',#8855,#1049);
#424=LINE('',#8856,#1050);
#425=LINE('',#8860,#1051);
#426=LINE('',#8863,#1052);
#427=LINE('',#8866,#1053);
#428=LINE('',#8868,#1054);
#429=LINE('',#8871,#1055);
#430=LINE('',#8874,#1056);
#431=LINE('',#8875,#1057);
#432=LINE('',#8878,#1058);
#433=LINE('',#8880,#1059);
#434=LINE('',#8881,#1060);
#435=LINE('',#8885,#1061);
#436=LINE('',#8887,#1062);
#437=LINE('',#8889,#1063);
#438=LINE('',#8890,#1064);
#439=LINE('',#8893,#1065);
#440=LINE('',#8895,#1066);
#441=LINE('',#8896,#1067);
#442=LINE('',#8899,#1068);
#443=LINE('',#8901,#1069);
#444=LINE('',#8902,#1070);
#445=LINE('',#8904,#1071);
#446=LINE('',#8905,#1072);
#447=LINE('',#8909,#1073);
#448=LINE('',#8910,#1074);
#449=LINE('',#8911,#1075);
#450=LINE('',#8912,#1076);
#451=LINE('',#8913,#1077);
#452=LINE('',#8914,#1078);
#453=LINE('',#8917,#1079);
#454=LINE('',#8918,#1080);
#455=LINE('',#8919,#1081);
#456=LINE('',#8922,#1082);
#457=LINE('',#8923,#1083);
#458=LINE('',#8924,#1084);
#459=LINE('',#8925,#1085);
#460=LINE('',#8926,#1086);
#461=LINE('',#8928,#1087);
#462=LINE('',#8929,#1088);
#463=LINE('',#8935,#1089);
#464=LINE('',#8937,#1090);
#465=LINE('',#8939,#1091);
#466=LINE('',#8941,#1092);
#467=LINE('',#8943,#1093);
#468=LINE('',#8947,#1094);
#469=LINE('',#8949,#1095);
#470=LINE('',#8950,#1096);
#471=LINE('',#8954,#1097);
#472=LINE('',#8956,#1098);
#473=LINE('',#8958,#1099);
#474=LINE('',#8959,#1100);
#475=LINE('',#8963,#1101);
#476=LINE('',#8964,#1102);
#477=LINE('',#8965,#1103);
#478=LINE('',#8968,#1104);
#479=LINE('',#8969,#1105);
#480=LINE('',#8972,#1106);
#481=LINE('',#8973,#1107);
#482=LINE('',#8975,#1108);
#483=LINE('',#8978,#1109);
#484=LINE('',#8980,#1110);
#485=LINE('',#8981,#1111);
#486=LINE('',#8983,#1112);
#487=LINE('',#8984,#1113);
#488=LINE('',#8988,#1114);
#489=LINE('',#8990,#1115);
#490=LINE('',#8991,#1116);
#491=LINE('',#8994,#1117);
#492=LINE('',#8995,#1118);
#493=LINE('',#8998,#1119);
#494=LINE('',#9000,#1120);
#495=LINE('',#9002,#1121);
#496=LINE('',#9003,#1122);
#497=LINE('',#9006,#1123);
#498=LINE('',#9007,#1124);
#499=LINE('',#9010,#1125);
#500=LINE('',#9012,#1126);
#501=LINE('',#9014,#1127);
#502=LINE('',#9015,#1128);
#503=LINE('',#9017,#1129);
#504=LINE('',#9018,#1130);
#505=LINE('',#9020,#1131);
#506=LINE('',#9026,#1132);
#507=LINE('',#9028,#1133);
#508=LINE('',#9032,#1134);
#509=LINE('',#9034,#1135);
#510=LINE('',#9036,#1136);
#511=LINE('',#9037,#1137);
#512=LINE('',#9042,#1138);
#513=LINE('',#9044,#1139);
#514=LINE('',#9045,#1140);
#515=LINE('',#9047,#1141);
#516=LINE('',#9048,#1142);
#517=LINE('',#9051,#1143);
#518=LINE('',#9052,#1144);
#519=LINE('',#9055,#1145);
#520=LINE('',#9057,#1146);
#521=LINE('',#9059,#1147);
#522=LINE('',#9061,#1148);
#523=LINE('',#9063,#1149);
#524=LINE('',#9064,#1150);
#525=LINE('',#9067,#1151);
#526=LINE('',#9069,#1152);
#527=LINE('',#9071,#1153);
#528=LINE('',#9072,#1154);
#529=LINE('',#9074,#1155);
#530=LINE('',#9075,#1156);
#531=LINE('',#9078,#1157);
#532=LINE('',#9080,#1158);
#533=LINE('',#9081,#1159);
#534=LINE('',#9090,#1160);
#535=LINE('',#9094,#1161);
#536=LINE('',#9095,#1162);
#537=LINE('',#9098,#1163);
#538=LINE('',#9100,#1164);
#539=LINE('',#9103,#1165);
#540=LINE('',#9104,#1166);
#541=LINE('',#9106,#1167);
#542=LINE('',#9107,#1168);
#543=LINE('',#9109,#1169);
#544=LINE('',#9110,#1170);
#545=LINE('',#9114,#1171);
#546=LINE('',#9119,#1172);
#547=LINE('',#9123,#1173);
#548=LINE('',#9125,#1174);
#549=LINE('',#9126,#1175);
#550=LINE('',#9129,#1176);
#551=LINE('',#9131,#1177);
#552=LINE('',#9133,#1178);
#553=LINE('',#9134,#1179);
#554=LINE('',#9137,#1180);
#555=LINE('',#9139,#1181);
#556=LINE('',#9141,#1182);
#557=LINE('',#9142,#1183);
#558=LINE('',#9144,#1184);
#559=LINE('',#9152,#1185);
#560=LINE('',#9155,#1186);
#561=LINE('',#9161,#1187);
#562=LINE('',#9164,#1188);
#563=LINE('',#9170,#1189);
#564=LINE('',#9173,#1190);
#565=LINE('',#9179,#1191);
#566=LINE('',#9182,#1192);
#567=LINE('',#9184,#1193);
#568=LINE('',#9186,#1194);
#569=LINE('',#9189,#1195);
#570=LINE('',#9190,#1196);
#571=LINE('',#9201,#1197);
#572=LINE('',#9203,#1198);
#573=LINE('',#9206,#1199);
#574=LINE('',#9207,#1200);
#575=LINE('',#9211,#1201);
#576=LINE('',#9213,#1202);
#577=LINE('',#9217,#1203);
#578=LINE('',#9221,#1204);
#579=LINE('',#9230,#1205);
#580=LINE('',#9238,#1206);
#581=LINE('',#9240,#1207);
#582=LINE('',#9242,#1208);
#583=LINE('',#9243,#1209);
#584=LINE('',#9246,#1210);
#585=LINE('',#9248,#1211);
#586=LINE('',#9249,#1212);
#587=LINE('',#9252,#1213);
#588=LINE('',#9254,#1214);
#589=LINE('',#9255,#1215);
#590=LINE('',#9258,#1216);
#591=LINE('',#9260,#1217);
#592=LINE('',#9261,#1218);
#593=LINE('',#9264,#1219);
#594=LINE('',#9266,#1220);
#595=LINE('',#9267,#1221);
#596=LINE('',#9270,#1222);
#597=LINE('',#9272,#1223);
#598=LINE('',#9273,#1224);
#599=LINE('',#9275,#1225);
#600=LINE('',#9276,#1226);
#601=LINE('',#9279,#1227);
#602=LINE('',#9281,#1228);
#603=LINE('',#9283,#1229);
#604=LINE('',#9284,#1230);
#605=LINE('',#9287,#1231);
#606=LINE('',#9290,#1232);
#607=LINE('',#9292,#1233);
#608=LINE('',#9294,#1234);
#609=LINE('',#9296,#1235);
#610=LINE('',#9297,#1236);
#611=LINE('',#9301,#1237);
#612=LINE('',#9303,#1238);
#613=LINE('',#9305,#1239);
#614=LINE('',#9306,#1240);
#615=LINE('',#9313,#1241);
#616=LINE('',#9315,#1242);
#617=LINE('',#9317,#1243);
#618=LINE('',#9318,#1244);
#619=LINE('',#9323,#1245);
#620=LINE('',#9327,#1246);
#621=LINE('',#9329,#1247);
#622=LINE('',#9330,#1248);
#623=LINE('',#9332,#1249);
#624=LINE('',#9333,#1250);
#625=LINE('',#9336,#1251);
#626=LINE('',#9337,#1252);
#627=LINE('',#9340,#1253);
#628=LINE('',#9341,#1254);
#629=LINE('',#9346,#1255);
#630=LINE('',#9347,#1256);
#631=LINE('',#9349,#1257);
#632=LINE('',#9350,#1258);
#633=LINE('',#9353,#1259);
#634=LINE('',#9355,#1260);
#635=LINE('',#9356,#1261);
#636=LINE('',#9363,#1262);
#637=LINE('',#9365,#1263);
#638=LINE('',#9366,#1264);
#639=LINE('',#9371,#1265);
#640=LINE('',#9374,#1266);
#641=LINE('',#9375,#1267);
#642=LINE('',#9380,#1268);
#643=LINE('',#9382,#1269);
#644=LINE('',#9384,#1270);
#645=LINE('',#9385,#1271);
#646=LINE('',#9388,#1272);
#647=LINE('',#9390,#1273);
#648=LINE('',#9391,#1274);
#649=LINE('',#9394,#1275);
#650=LINE('',#9395,#1276);
#651=LINE('',#9398,#1277);
#652=LINE('',#9399,#1278);
#653=LINE('',#9401,#1279);
#654=LINE('',#9409,#1280);
#655=LINE('',#9411,#1281);
#656=LINE('',#9413,#1282);
#657=LINE('',#9414,#1283);
#658=LINE('',#9417,#1284);
#659=LINE('',#9419,#1285);
#660=LINE('',#9420,#1286);
#661=LINE('',#9423,#1287);
#662=LINE('',#9425,#1288);
#663=LINE('',#9426,#1289);
#664=LINE('',#9428,#1290);
#665=LINE('',#9429,#1291);
#666=LINE('',#9433,#1292);
#667=LINE('',#9435,#1293);
#668=LINE('',#9437,#1294);
#669=LINE('',#9438,#1295);
#670=LINE('',#9441,#1296);
#671=LINE('',#9443,#1297);
#672=LINE('',#9444,#1298);
#673=LINE('',#9447,#1299);
#674=LINE('',#9449,#1300);
#675=LINE('',#9450,#1301);
#676=LINE('',#9452,#1302);
#677=LINE('',#9453,#1303);
#678=LINE('',#9458,#1304);
#679=LINE('',#9460,#1305);
#680=LINE('',#9462,#1306);
#681=LINE('',#9463,#1307);
#682=LINE('',#9467,#1308);
#683=LINE('',#9468,#1309);
#684=LINE('',#9469,#1310);
#685=LINE('',#9472,#1311);
#686=LINE('',#9473,#1312);
#687=LINE('',#9476,#1313);
#688=LINE('',#9477,#1314);
#689=LINE('',#9479,#1315);
#690=LINE('',#9487,#1316);
#691=LINE('',#9491,#1317);
#692=LINE('',#9495,#1318);
#693=LINE('',#9498,#1319);
#694=LINE('',#9507,#1320);
#695=LINE('',#9516,#1321);
#696=LINE('',#9524,#1322);
#697=LINE('',#9531,#1323);
#698=LINE('',#9536,#1324);
#699=LINE('',#9538,#1325);
#700=LINE('',#9540,#1326);
#701=LINE('',#9541,#1327);
#702=LINE('',#9545,#1328);
#703=LINE('',#9547,#1329);
#704=LINE('',#9549,#1330);
#705=LINE('',#9550,#1331);
#706=LINE('',#9553,#1332);
#707=LINE('',#9555,#1333);
#708=LINE('',#9556,#1334);
#709=LINE('',#9559,#1335);
#710=LINE('',#9561,#1336);
#711=LINE('',#9562,#1337);
#712=LINE('',#9564,#1338);
#713=LINE('',#9565,#1339);
#714=LINE('',#9570,#1340);
#715=LINE('',#9571,#1341);
#716=LINE('',#9572,#1342);
#717=LINE('',#9575,#1343);
#718=LINE('',#9576,#1344);
#719=LINE('',#9579,#1345);
#720=LINE('',#9580,#1346);
#721=LINE('',#9582,#1347);
#722=LINE('',#9586,#1348);
#723=LINE('',#9587,#1349);
#724=LINE('',#9588,#1350);
#725=LINE('',#9591,#1351);
#726=LINE('',#9592,#1352);
#727=LINE('',#9595,#1353);
#728=LINE('',#9596,#1354);
#729=LINE('',#9598,#1355);
#730=LINE('',#9611,#1356);
#731=LINE('',#9614,#1357);
#732=LINE('',#9617,#1358);
#733=LINE('',#9621,#1359);
#734=LINE('',#9623,#1360);
#735=LINE('',#9624,#1361);
#736=LINE('',#9627,#1362);
#737=LINE('',#9628,#1363);
#738=LINE('',#9632,#1364);
#739=LINE('',#9635,#1365);
#740=LINE('',#9637,#1366);
#741=LINE('',#9638,#1367);
#742=LINE('',#9640,#1368);
#743=LINE('',#9642,#1369);
#744=LINE('',#9647,#1370);
#745=LINE('',#9653,#1371);
#746=LINE('',#9665,#1372);
#747=LINE('',#9669,#1373);
#748=VECTOR('',#6541,13.);
#749=VECTOR('',#6548,15.);
#750=VECTOR('',#6555,10.);
#751=VECTOR('',#6556,10.);
#752=VECTOR('',#6557,10.);
#753=VECTOR('',#6558,10.);
#754=VECTOR('',#6563,12.5);
#755=VECTOR('',#6568,10.);
#756=VECTOR('',#6571,10.);
#757=VECTOR('',#6574,10.);
#758=VECTOR('',#6575,10.);
#759=VECTOR('',#6576,10.);
#760=VECTOR('',#6583,10.);
#761=VECTOR('',#6586,10.);
#762=VECTOR('',#6587,10.);
#763=VECTOR('',#6594,10.);
#764=VECTOR('',#6597,10.);
#765=VECTOR('',#6600,10.);
#766=VECTOR('',#6601,10.);
#767=VECTOR('',#6602,10.);
#768=VECTOR('',#6607,10.);
#769=VECTOR('',#6612,10.);
#770=VECTOR('',#6613,10.);
#771=VECTOR('',#6618,10.);
#772=VECTOR('',#6619,10.);
#773=VECTOR('',#6620,10.);
#774=VECTOR('',#6621,10.);
#775=VECTOR('',#6624,10.);
#776=VECTOR('',#6625,10.);
#777=VECTOR('',#6626,10.);
#778=VECTOR('',#6629,10.);
#779=VECTOR('',#6630,10.);
#780=VECTOR('',#6631,10.);
#781=VECTOR('',#6634,10.);
#782=VECTOR('',#6635,10.);
#783=VECTOR('',#6640,10.);
#784=VECTOR('',#6641,10.);
#785=VECTOR('',#6642,10.);
#786=VECTOR('',#6643,10.);
#787=VECTOR('',#6646,10.);
#788=VECTOR('',#6647,10.);
#789=VECTOR('',#6648,10.);
#790=VECTOR('',#6651,10.);
#791=VECTOR('',#6652,10.);
#792=VECTOR('',#6653,10.);
#793=VECTOR('',#6656,10.);
#794=VECTOR('',#6657,10.);
#795=VECTOR('',#6668,10.);
#796=VECTOR('',#6671,10.);
#797=VECTOR('',#6676,10.);
#798=VECTOR('',#6679,10.);
#799=VECTOR('',#6684,10.);
#800=VECTOR('',#6687,10.);
#801=VECTOR('',#6692,10.);
#802=VECTOR('',#6695,10.);
#803=VECTOR('',#6698,10.);
#804=VECTOR('',#6699,10.);
#805=VECTOR('',#6700,10.);
#806=VECTOR('',#6701,10.);
#807=VECTOR('',#6702,10.);
#808=VECTOR('',#6703,10.);
#809=VECTOR('',#6704,10.);
#810=VECTOR('',#6705,10.);
#811=VECTOR('',#6706,10.);
#812=VECTOR('',#6707,10.);
#813=VECTOR('',#6708,10.);
#814=VECTOR('',#6709,10.);
#815=VECTOR('',#6710,10.);
#816=VECTOR('',#6711,10.);
#817=VECTOR('',#6714,10.);
#818=VECTOR('',#6715,10.);
#819=VECTOR('',#6716,10.);
#820=VECTOR('',#6721,10.);
#821=VECTOR('',#6722,10.);
#822=VECTOR('',#6723,10.);
#823=VECTOR('',#6724,10.);
#824=VECTOR('',#6727,10.);
#825=VECTOR('',#6728,10.);
#826=VECTOR('',#6729,10.);
#827=VECTOR('',#6732,10.);
#828=VECTOR('',#6733,10.);
#829=VECTOR('',#6734,10.);
#830=VECTOR('',#6737,10.);
#831=VECTOR('',#6738,10.);
#832=VECTOR('',#6741,10.);
#833=VECTOR('',#6742,10.);
#834=VECTOR('',#6743,10.);
#835=VECTOR('',#6744,10.);
#836=VECTOR('',#6747,10.);
#837=VECTOR('',#6748,10.);
#838=VECTOR('',#6749,10.);
#839=VECTOR('',#6752,10.);
#840=VECTOR('',#6753,10.);
#841=VECTOR('',#6754,10.);
#842=VECTOR('',#6757,10.);
#843=VECTOR('',#6758,10.);
#844=VECTOR('',#6763,10.);
#845=VECTOR('',#6764,10.);
#846=VECTOR('',#6765,10.);
#847=VECTOR('',#6766,10.);
#848=VECTOR('',#6773,10.);
#849=VECTOR('',#6774,10.);
#850=VECTOR('',#6775,10.);
#851=VECTOR('',#6776,10.);
#852=VECTOR('',#6779,10.);
#853=VECTOR('',#6780,10.);
#854=VECTOR('',#6781,10.);
#855=VECTOR('',#6784,10.);
#856=VECTOR('',#6785,10.);
#857=VECTOR('',#6786,10.);
#858=VECTOR('',#6787,10.);
#859=VECTOR('',#6790,10.);
#860=VECTOR('',#6791,10.);
#861=VECTOR('',#6792,10.);
#862=VECTOR('',#6795,10.);
#863=VECTOR('',#6796,10.);
#864=VECTOR('',#6797,10.);
#865=VECTOR('',#6800,10.);
#866=VECTOR('',#6801,10.);
#867=VECTOR('',#6804,10.);
#868=VECTOR('',#6805,10.);
#869=VECTOR('',#6806,10.);
#870=VECTOR('',#6809,10.);
#871=VECTOR('',#6810,10.);
#872=VECTOR('',#6815,10.);
#873=VECTOR('',#6816,10.);
#874=VECTOR('',#6817,10.);
#875=VECTOR('',#6818,10.);
#876=VECTOR('',#6821,10.);
#877=VECTOR('',#6822,10.);
#878=VECTOR('',#6823,10.);
#879=VECTOR('',#6826,10.);
#880=VECTOR('',#6827,10.);
#881=VECTOR('',#6828,10.);
#882=VECTOR('',#6829,10.);
#883=VECTOR('',#6832,10.);
#884=VECTOR('',#6833,10.);
#885=VECTOR('',#6834,10.);
#886=VECTOR('',#6837,10.);
#887=VECTOR('',#6838,10.);
#888=VECTOR('',#6839,10.);
#889=VECTOR('',#6842,10.);
#890=VECTOR('',#6843,10.);
#891=VECTOR('',#6846,10.);
#892=VECTOR('',#6847,10.);
#893=VECTOR('',#6848,10.);
#894=VECTOR('',#6851,10.);
#895=VECTOR('',#6852,10.);
#896=VECTOR('',#6857,10.);
#897=VECTOR('',#6858,10.);
#898=VECTOR('',#6859,10.);
#899=VECTOR('',#6860,10.);
#900=VECTOR('',#6863,10.);
#901=VECTOR('',#6864,10.);
#902=VECTOR('',#6865,10.);
#903=VECTOR('',#6866,10.);
#904=VECTOR('',#6871,1.5);
#905=VECTOR('',#6876,10.);
#906=VECTOR('',#6877,10.);
#907=VECTOR('',#6878,10.);
#908=VECTOR('',#6879,10.);
#909=VECTOR('',#6882,10.);
#910=VECTOR('',#6883,10.);
#911=VECTOR('',#6884,10.);
#912=VECTOR('',#6885,10.);
#913=VECTOR('',#6890,10.);
#914=VECTOR('',#6895,10.);
#915=VECTOR('',#6900,10.);
#916=VECTOR('',#6907,10.);
#917=VECTOR('',#6912,10.);
#918=VECTOR('',#6917,10.);
#919=VECTOR('',#6924,10.);
#920=VECTOR('',#6927,10.);
#921=VECTOR('',#6930,10.);
#922=VECTOR('',#6933,10.);
#923=VECTOR('',#6934,10.);
#924=VECTOR('',#6937,10.);
#925=VECTOR('',#6940,10.);
#926=VECTOR('',#6945,1.5);
#927=VECTOR('',#6950,1.5);
#928=VECTOR('',#6959,10.);
#929=VECTOR('',#6960,10.);
#930=VECTOR('',#6961,10.);
#931=VECTOR('',#6964,10.);
#932=VECTOR('',#6965,10.);
#933=VECTOR('',#6968,10.);
#934=VECTOR('',#6969,10.);
#935=VECTOR('',#6970,10.);
#936=VECTOR('',#6973,10.);
#937=VECTOR('',#6974,10.);
#938=VECTOR('',#6977,10.);
#939=VECTOR('',#6978,10.);
#940=VECTOR('',#6979,10.);
#941=VECTOR('',#6980,10.);
#942=VECTOR('',#6983,10.);
#943=VECTOR('',#6984,10.);
#944=VECTOR('',#6985,10.);
#945=VECTOR('',#6986,10.);
#946=VECTOR('',#6991,10.);
#947=VECTOR('',#6992,10.);
#948=VECTOR('',#6997,10.);
#949=VECTOR('',#6998,10.);
#950=VECTOR('',#7003,10.);
#951=VECTOR('',#7004,10.);
#952=VECTOR('',#7007,10.);
#953=VECTOR('',#7008,10.);
#954=VECTOR('',#7009,10.);
#955=VECTOR('',#7012,10.);
#956=VECTOR('',#7013,10.);
#957=VECTOR('',#7014,10.);
#958=VECTOR('',#7017,10.);
#959=VECTOR('',#7018,10.);
#960=VECTOR('',#7027,10.);
#961=VECTOR('',#7032,10.);
#962=VECTOR('',#7033,10.);
#963=VECTOR('',#7036,10.);
#964=VECTOR('',#7039,10.);
#965=VECTOR('',#7040,10.);
#966=VECTOR('',#7041,10.);
#967=VECTOR('',#7042,10.);
#968=VECTOR('',#7045,10.);
#969=VECTOR('',#7046,10.);
#970=VECTOR('',#7047,10.);
#971=VECTOR('',#7050,10.);
#972=VECTOR('',#7051,10.);
#973=VECTOR('',#7054,10.);
#974=VECTOR('',#7057,10.);
#975=VECTOR('',#7062,10.);
#976=VECTOR('',#7063,10.);
#977=VECTOR('',#7066,10.);
#978=VECTOR('',#7067,10.);
#979=VECTOR('',#7068,10.);
#980=VECTOR('',#7071,10.);
#981=VECTOR('',#7072,10.);
#982=VECTOR('',#7073,10.);
#983=VECTOR('',#7078,10.);
#984=VECTOR('',#7079,10.);
#985=VECTOR('',#7084,10.);
#986=VECTOR('',#7085,10.);
#987=VECTOR('',#7088,10.);
#988=VECTOR('',#7095,10.);
#989=VECTOR('',#7096,10.);
#990=VECTOR('',#7101,10.);
#991=VECTOR('',#7102,10.);
#992=VECTOR('',#7105,10.);
#993=VECTOR('',#7106,10.);
#994=VECTOR('',#7109,10.);
#995=VECTOR('',#7112,10.);
#996=VECTOR('',#7113,10.);
#997=VECTOR('',#7116,10.);
#998=VECTOR('',#7117,10.);
#999=VECTOR('',#7126,10.);
#1000=VECTOR('',#7127,10.);
#1001=VECTOR('',#7128,10.);
#1002=VECTOR('',#7129,10.);
#1003=VECTOR('',#7134,10.);
#1004=VECTOR('',#7135,10.);
#1005=VECTOR('',#7140,10.);
#1006=VECTOR('',#7141,10.);
#1007=VECTOR('',#7146,10.);
#1008=VECTOR('',#7147,10.);
#1009=VECTOR('',#7148,10.);
#1010=VECTOR('',#7151,10.);
#1011=VECTOR('',#7152,10.);
#1012=VECTOR('',#7155,10.);
#1013=VECTOR('',#7156,10.);
#1014=VECTOR('',#7157,10.);
#1015=VECTOR('',#7160,10.);
#1016=VECTOR('',#7161,10.);
#1017=VECTOR('',#7162,10.);
#1018=VECTOR('',#7167,10.);
#1019=VECTOR('',#7170,10.);
#1020=VECTOR('',#7171,10.);
#1021=VECTOR('',#7176,10.);
#1022=VECTOR('',#7181,10.);
#1023=VECTOR('',#7182,10.);
#1024=VECTOR('',#7183,10.);
#1025=VECTOR('',#7184,10.);
#1026=VECTOR('',#7187,10.);
#1027=VECTOR('',#7188,10.);
#1028=VECTOR('',#7189,10.);
#1029=VECTOR('',#7190,10.);
#1030=VECTOR('',#7193,10.);
#1031=VECTOR('',#7194,10.);
#1032=VECTOR('',#7195,10.);
#1033=VECTOR('',#7196,10.);
#1034=VECTOR('',#7199,10.);
#1035=VECTOR('',#7200,10.);
#1036=VECTOR('',#7201,10.);
#1037=VECTOR('',#7202,10.);
#1038=VECTOR('',#7205,10.);
#1039=VECTOR('',#7206,10.);
#1040=VECTOR('',#7207,10.);
#1041=VECTOR('',#7208,10.);
#1042=VECTOR('',#7211,10.);
#1043=VECTOR('',#7212,10.);
#1044=VECTOR('',#7215,10.);
#1045=VECTOR('',#7216,10.);
#1046=VECTOR('',#7223,10.);
#1047=VECTOR('',#7228,10.);
#1048=VECTOR('',#7231,10.);
#1049=VECTOR('',#7232,10.);
#1050=VECTOR('',#7233,10.);
#1051=VECTOR('',#7238,10.);
#1052=VECTOR('',#7241,10.);
#1053=VECTOR('',#7244,10.);
#1054=VECTOR('',#7245,10.);
#1055=VECTOR('',#7248,10.);
#1056=VECTOR('',#7251,10.);
#1057=VECTOR('',#7252,10.);
#1058=VECTOR('',#7255,10.);
#1059=VECTOR('',#7256,10.);
#1060=VECTOR('',#7257,10.);
#1061=VECTOR('',#7260,10.);
#1062=VECTOR('',#7261,10.);
#1063=VECTOR('',#7262,10.);
#1064=VECTOR('',#7263,10.);
#1065=VECTOR('',#7266,10.);
#1066=VECTOR('',#7267,10.);
#1067=VECTOR('',#7268,10.);
#1068=VECTOR('',#7271,10.);
#1069=VECTOR('',#7272,10.);
#1070=VECTOR('',#7273,10.);
#1071=VECTOR('',#7276,10.);
#1072=VECTOR('',#7277,10.);
#1073=VECTOR('',#7280,10.);
#1074=VECTOR('',#7281,10.);
#1075=VECTOR('',#7282,10.);
#1076=VECTOR('',#7283,10.);
#1077=VECTOR('',#7284,10.);
#1078=VECTOR('',#7285,10.);
#1079=VECTOR('',#7288,10.);
#1080=VECTOR('',#7289,10.);
#1081=VECTOR('',#7290,10.);
#1082=VECTOR('',#7293,10.);
#1083=VECTOR('',#7294,10.);
#1084=VECTOR('',#7295,10.);
#1085=VECTOR('',#7296,10.);
#1086=VECTOR('',#7297,10.);
#1087=VECTOR('',#7300,10.);
#1088=VECTOR('',#7301,10.);
#1089=VECTOR('',#7308,10.);
#1090=VECTOR('',#7309,10.);
#1091=VECTOR('',#7310,10.);
#1092=VECTOR('',#7311,10.);
#1093=VECTOR('',#7312,10.);
#1094=VECTOR('',#7317,10.);
#1095=VECTOR('',#7318,10.);
#1096=VECTOR('',#7319,10.);
#1097=VECTOR('',#7322,10.);
#1098=VECTOR('',#7323,10.);
#1099=VECTOR('',#7324,10.);
#1100=VECTOR('',#7325,10.);
#1101=VECTOR('',#7328,10.);
#1102=VECTOR('',#7329,10.);
#1103=VECTOR('',#7330,10.);
#1104=VECTOR('',#7333,10.);
#1105=VECTOR('',#7334,10.);
#1106=VECTOR('',#7337,10.);
#1107=VECTOR('',#7338,10.);
#1108=VECTOR('',#7341,10.);
#1109=VECTOR('',#7344,10.);
#1110=VECTOR('',#7345,10.);
#1111=VECTOR('',#7346,10.);
#1112=VECTOR('',#7349,10.);
#1113=VECTOR('',#7350,10.);
#1114=VECTOR('',#7355,10.);
#1115=VECTOR('',#7356,10.);
#1116=VECTOR('',#7357,10.);
#1117=VECTOR('',#7360,10.);
#1118=VECTOR('',#7361,10.);
#1119=VECTOR('',#7364,10.);
#1120=VECTOR('',#7365,10.);
#1121=VECTOR('',#7366,10.);
#1122=VECTOR('',#7367,10.);
#1123=VECTOR('',#7370,10.);
#1124=VECTOR('',#7371,10.);
#1125=VECTOR('',#7374,10.);
#1126=VECTOR('',#7375,10.);
#1127=VECTOR('',#7376,10.);
#1128=VECTOR('',#7377,10.);
#1129=VECTOR('',#7380,10.);
#1130=VECTOR('',#7381,10.);
#1131=VECTOR('',#7384,10.);
#1132=VECTOR('',#7395,10.);
#1133=VECTOR('',#7398,10.);
#1134=VECTOR('',#7401,10.);
#1135=VECTOR('',#7402,10.);
#1136=VECTOR('',#7403,10.);
#1137=VECTOR('',#7404,10.);
#1138=VECTOR('',#7409,10.);
#1139=VECTOR('',#7410,10.);
#1140=VECTOR('',#7411,10.);
#1141=VECTOR('',#7412,10.);
#1142=VECTOR('',#7413,10.);
#1143=VECTOR('',#7416,10.);
#1144=VECTOR('',#7417,10.);
#1145=VECTOR('',#7420,10.);
#1146=VECTOR('',#7421,10.);
#1147=VECTOR('',#7422,10.);
#1148=VECTOR('',#7425,10.);
#1149=VECTOR('',#7428,10.);
#1150=VECTOR('',#7429,10.);
#1151=VECTOR('',#7434,10.);
#1152=VECTOR('',#7437,35.);
#1153=VECTOR('',#7440,10.);
#1154=VECTOR('',#7441,10.);
#1155=VECTOR('',#7444,10.);
#1156=VECTOR('',#7445,10.);
#1157=VECTOR('',#7448,10.);
#1158=VECTOR('',#7449,10.);
#1159=VECTOR('',#7450,10.);
#1160=VECTOR('',#7461,10.);
#1161=VECTOR('',#7464,10.);
#1162=VECTOR('',#7465,10.);
#1163=VECTOR('',#7468,10.);
#1164=VECTOR('',#7469,10.);
#1165=VECTOR('',#7474,10.);
#1166=VECTOR('',#7475,10.);
#1167=VECTOR('',#7478,10.);
#1168=VECTOR('',#7479,10.);
#1169=VECTOR('',#7482,10.);
#1170=VECTOR('',#7483,10.);
#1171=VECTOR('',#7490,10.);
#1172=VECTOR('',#7499,10.);
#1173=VECTOR('',#7504,10.);
#1174=VECTOR('',#7505,10.);
#1175=VECTOR('',#7506,10.);
#1176=VECTOR('',#7507,10.);
#1177=VECTOR('',#7508,10.);
#1178=VECTOR('',#7509,10.);
#1179=VECTOR('',#7510,10.);
#1180=VECTOR('',#7511,10.);
#1181=VECTOR('',#7512,10.);
#1182=VECTOR('',#7513,10.);
#1183=VECTOR('',#7514,10.);
#1184=VECTOR('',#7517,10.);
#1185=VECTOR('',#7526,10.);
#1186=VECTOR('',#7529,10.);
#1187=VECTOR('',#7534,10.);
#1188=VECTOR('',#7537,10.);
#1189=VECTOR('',#7542,10.);
#1190=VECTOR('',#7545,10.);
#1191=VECTOR('',#7550,10.);
#1192=VECTOR('',#7553,10.);
#1193=VECTOR('',#7556,10.);
#1194=VECTOR('',#7557,10.);
#1195=VECTOR('',#7560,10.);
#1196=VECTOR('',#7561,10.);
#1197=VECTOR('',#7582,10.);
#1198=VECTOR('',#7585,10.);
#1199=VECTOR('',#7588,10.);
#1200=VECTOR('',#7589,10.);
#1201=VECTOR('',#7594,10.);
#1202=VECTOR('',#7597,10.);
#1203=VECTOR('',#7602,30.);
#1204=VECTOR('',#7609,10.);
#1205=VECTOR('',#7618,30.);
#1206=VECTOR('',#7629,10.);
#1207=VECTOR('',#7630,10.);
#1208=VECTOR('',#7631,10.);
#1209=VECTOR('',#7632,10.);
#1210=VECTOR('',#7635,10.);
#1211=VECTOR('',#7636,10.);
#1212=VECTOR('',#7637,10.);
#1213=VECTOR('',#7640,10.);
#1214=VECTOR('',#7641,10.);
#1215=VECTOR('',#7642,10.);
#1216=VECTOR('',#7645,10.);
#1217=VECTOR('',#7646,10.);
#1218=VECTOR('',#7647,10.);
#1219=VECTOR('',#7650,10.);
#1220=VECTOR('',#7651,10.);
#1221=VECTOR('',#7652,10.);
#1222=VECTOR('',#7655,10.);
#1223=VECTOR('',#7656,10.);
#1224=VECTOR('',#7657,10.);
#1225=VECTOR('',#7660,10.);
#1226=VECTOR('',#7661,10.);
#1227=VECTOR('',#7666,10.);
#1228=VECTOR('',#7667,10.);
#1229=VECTOR('',#7668,10.);
#1230=VECTOR('',#7669,10.);
#1231=VECTOR('',#7672,10.);
#1232=VECTOR('',#7675,10.);
#1233=VECTOR('',#7678,10.);
#1234=VECTOR('',#7681,10.);
#1235=VECTOR('',#7682,10.);
#1236=VECTOR('',#7683,10.);
#1237=VECTOR('',#7686,10.);
#1238=VECTOR('',#7687,10.);
#1239=VECTOR('',#7688,10.);
#1240=VECTOR('',#7689,10.);
#1241=VECTOR('',#7698,10.);
#1242=VECTOR('',#7699,10.);
#1243=VECTOR('',#7700,10.);
#1244=VECTOR('',#7701,10.);
#1245=VECTOR('',#7706,10.);
#1246=VECTOR('',#7711,10.);
#1247=VECTOR('',#7712,10.);
#1248=VECTOR('',#7713,10.);
#1249=VECTOR('',#7716,10.);
#1250=VECTOR('',#7717,10.);
#1251=VECTOR('',#7722,10.);
#1252=VECTOR('',#7723,10.);
#1253=VECTOR('',#7726,10.);
#1254=VECTOR('',#7727,10.);
#1255=VECTOR('',#7734,10.);
#1256=VECTOR('',#7735,10.);
#1257=VECTOR('',#7736,10.);
#1258=VECTOR('',#7737,10.);
#1259=VECTOR('',#7740,10.);
#1260=VECTOR('',#7741,10.);
#1261=VECTOR('',#7742,10.);
#1262=VECTOR('',#7753,10.);
#1263=VECTOR('',#7754,10.);
#1264=VECTOR('',#7755,10.);
#1265=VECTOR('',#7760,10.);
#1266=VECTOR('',#7765,10.);
#1267=VECTOR('',#7766,10.);
#1268=VECTOR('',#7771,10.);
#1269=VECTOR('',#7772,10.);
#1270=VECTOR('',#7773,10.);
#1271=VECTOR('',#7774,10.);
#1272=VECTOR('',#7777,10.);
#1273=VECTOR('',#7778,10.);
#1274=VECTOR('',#7779,10.);
#1275=VECTOR('',#7782,10.);
#1276=VECTOR('',#7783,10.);
#1277=VECTOR('',#7786,10.);
#1278=VECTOR('',#7787,10.);
#1279=VECTOR('',#7790,10.);
#1280=VECTOR('',#7799,10.);
#1281=VECTOR('',#7800,10.);
#1282=VECTOR('',#7801,10.);
#1283=VECTOR('',#7802,10.);
#1284=VECTOR('',#7805,10.);
#1285=VECTOR('',#7806,10.);
#1286=VECTOR('',#7807,10.);
#1287=VECTOR('',#7810,10.);
#1288=VECTOR('',#7811,10.);
#1289=VECTOR('',#7812,10.);
#1290=VECTOR('',#7815,10.);
#1291=VECTOR('',#7816,10.);
#1292=VECTOR('',#7819,10.);
#1293=VECTOR('',#7820,10.);
#1294=VECTOR('',#7821,10.);
#1295=VECTOR('',#7822,10.);
#1296=VECTOR('',#7825,10.);
#1297=VECTOR('',#7826,10.);
#1298=VECTOR('',#7827,10.);
#1299=VECTOR('',#7830,10.);
#1300=VECTOR('',#7831,10.);
#1301=VECTOR('',#7832,10.);
#1302=VECTOR('',#7835,10.);
#1303=VECTOR('',#7836,10.);
#1304=VECTOR('',#7841,10.);
#1305=VECTOR('',#7842,10.);
#1306=VECTOR('',#7843,10.);
#1307=VECTOR('',#7844,10.);
#1308=VECTOR('',#7847,10.);
#1309=VECTOR('',#7848,10.);
#1310=VECTOR('',#7849,10.);
#1311=VECTOR('',#7852,10.);
#1312=VECTOR('',#7853,10.);
#1313=VECTOR('',#7856,10.);
#1314=VECTOR('',#7857,10.);
#1315=VECTOR('',#7860,10.);
#1316=VECTOR('',#7871,1.);
#1317=VECTOR('',#7876,1.);
#1318=VECTOR('',#7881,1.);
#1319=VECTOR('',#7886,1.);
#1320=VECTOR('',#7895,1.25);
#1321=VECTOR('',#7906,1.25);
#1322=VECTOR('',#7915,1.25);
#1323=VECTOR('',#7924,1.25);
#1324=VECTOR('',#7929,10.);
#1325=VECTOR('',#7930,10.);
#1326=VECTOR('',#7931,10.);
#1327=VECTOR('',#7932,10.);
#1328=VECTOR('',#7935,10.);
#1329=VECTOR('',#7936,10.);
#1330=VECTOR('',#7937,10.);
#1331=VECTOR('',#7938,10.);
#1332=VECTOR('',#7941,10.);
#1333=VECTOR('',#7942,10.);
#1334=VECTOR('',#7943,10.);
#1335=VECTOR('',#7946,10.);
#1336=VECTOR('',#7947,10.);
#1337=VECTOR('',#7948,10.);
#1338=VECTOR('',#7951,10.);
#1339=VECTOR('',#7952,10.);
#1340=VECTOR('',#7957,10.);
#1341=VECTOR('',#7958,10.);
#1342=VECTOR('',#7959,10.);
#1343=VECTOR('',#7962,10.);
#1344=VECTOR('',#7963,10.);
#1345=VECTOR('',#7966,10.);
#1346=VECTOR('',#7967,10.);
#1347=VECTOR('',#7970,10.);
#1348=VECTOR('',#7973,10.);
#1349=VECTOR('',#7974,10.);
#1350=VECTOR('',#7975,10.);
#1351=VECTOR('',#7978,10.);
#1352=VECTOR('',#7979,10.);
#1353=VECTOR('',#7982,10.);
#1354=VECTOR('',#7983,10.);
#1355=VECTOR('',#7986,10.);
#1356=VECTOR('',#8003,10.);
#1357=VECTOR('',#8006,10.);
#1358=VECTOR('',#8009,10.);
#1359=VECTOR('',#8012,10.);
#1360=VECTOR('',#8013,10.);
#1361=VECTOR('',#8014,10.);
#1362=VECTOR('',#8017,10.);
#1363=VECTOR('',#8018,10.);
#1364=VECTOR('',#8023,10.);
#1365=VECTOR('',#8026,10.);
#1366=VECTOR('',#8027,10.);
#1367=VECTOR('',#8028,10.);
#1368=VECTOR('',#8031,10.);
#1369=VECTOR('',#8034,10.);
#1370=VECTOR('',#8039,13.5);
#1371=VECTOR('',#8046,14.5);
#1372=VECTOR('',#8063,15.);
#1373=VECTOR('',#8068,12.5);
#1374=CYLINDRICAL_SURFACE('',#6061,13.);
#1375=CYLINDRICAL_SURFACE('',#6063,15.);
#1376=CYLINDRICAL_SURFACE('',#6068,12.5);
#1377=CYLINDRICAL_SURFACE('',#6070,1.5);
#1378=CYLINDRICAL_SURFACE('',#6074,1.50000000000001);
#1379=CYLINDRICAL_SURFACE('',#6079,1.58);
#1380=CYLINDRICAL_SURFACE('',#6083,1.58);
#1381=CYLINDRICAL_SURFACE('',#6100,35.);
#1382=CYLINDRICAL_SURFACE('',#6103,35.);
#1383=CYLINDRICAL_SURFACE('',#6106,35.);
#1384=CYLINDRICAL_SURFACE('',#6109,35.);
#1385=CYLINDRICAL_SURFACE('',#6147,1.5);
#1386=CYLINDRICAL_SURFACE('',#6163,115.497987100219);
#1387=CYLINDRICAL_SURFACE('',#6166,115.497987100219);
#1388=CYLINDRICAL_SURFACE('',#6173,1.5);
#1389=CYLINDRICAL_SURFACE('',#6175,1.5);
#1390=CYLINDRICAL_SURFACE('',#6257,35.);
#1391=CYLINDRICAL_SURFACE('',#6296,35.);
#1392=CYLINDRICAL_SURFACE('',#6305,105.39771637764);
#1393=CYLINDRICAL_SURFACE('',#6307,35.);
#1394=CYLINDRICAL_SURFACE('',#6319,35.);
#1395=CYLINDRICAL_SURFACE('',#6332,35.);
#1396=CYLINDRICAL_SURFACE('',#6334,55.0000000000004);
#1397=CYLINDRICAL_SURFACE('',#6337,50.);
#1398=CYLINDRICAL_SURFACE('',#6340,50.);
#1399=CYLINDRICAL_SURFACE('',#6343,50.);
#1400=CYLINDRICAL_SURFACE('',#6351,130.);
#1401=CYLINDRICAL_SURFACE('',#6353,130.);
#1402=CYLINDRICAL_SURFACE('',#6355,130.);
#1403=CYLINDRICAL_SURFACE('',#6360,100.);
#1404=CYLINDRICAL_SURFACE('',#6364,30.);
#1405=CYLINDRICAL_SURFACE('',#6370,30.);
#1406=CYLINDRICAL_SURFACE('',#6390,16.121395448927);
#1407=CYLINDRICAL_SURFACE('',#6394,17.1191958587929);
#1408=CYLINDRICAL_SURFACE('',#6402,13.);
#1409=CYLINDRICAL_SURFACE('',#6406,7.99999999999999);
#1410=CYLINDRICAL_SURFACE('',#6411,8.);
#1411=CYLINDRICAL_SURFACE('',#6441,1.);
#1412=CYLINDRICAL_SURFACE('',#6444,1.);
#1413=CYLINDRICAL_SURFACE('',#6446,1.);
#1414=CYLINDRICAL_SURFACE('',#6448,1.);
#1415=CYLINDRICAL_SURFACE('',#6450,1.25);
#1416=CYLINDRICAL_SURFACE('',#6457,1.25);
#1417=CYLINDRICAL_SURFACE('',#6461,1.25);
#1418=CYLINDRICAL_SURFACE('',#6465,1.25);
#1419=CYLINDRICAL_SURFACE('',#6487,5.);
#1420=CYLINDRICAL_SURFACE('',#6493,5.);
#1421=CYLINDRICAL_SURFACE('',#6498,13.5);
#1422=CYLINDRICAL_SURFACE('',#6501,14.5);
#1423=CYLINDRICAL_SURFACE('',#6509,15.);
#1424=CYLINDRICAL_SURFACE('',#6512,12.5);
#1425=FACE_BOUND('',#1791,.T.);
#1426=FACE_BOUND('',#1795,.T.);
#1427=FACE_BOUND('',#1797,.T.);
#1428=FACE_BOUND('',#1809,.T.);
#1429=FACE_BOUND('',#1811,.T.);
#1430=FACE_BOUND('',#1828,.T.);
#1431=FACE_BOUND('',#1838,.T.);
#1432=FACE_BOUND('',#1840,.T.);
#1433=FACE_BOUND('',#1851,.T.);
#1434=FACE_BOUND('',#1861,.T.);
#1435=FACE_BOUND('',#1863,.T.);
#1436=FACE_BOUND('',#1865,.T.);
#1437=FACE_BOUND('',#1869,.T.);
#1438=FACE_BOUND('',#1874,.T.);
#1439=FACE_BOUND('',#1880,.T.);
#1440=FACE_BOUND('',#1881,.T.);
#1441=FACE_BOUND('',#1885,.T.);
#1442=FACE_BOUND('',#1887,.T.);
#1443=FACE_BOUND('',#1905,.T.);
#1444=FACE_BOUND('',#1925,.T.);
#1445=FACE_BOUND('',#1935,.T.);
#1446=FACE_BOUND('',#1937,.T.);
#1447=FACE_BOUND('',#1961,.T.);
#1448=FACE_BOUND('',#1965,.T.);
#1449=FACE_BOUND('',#1971,.T.);
#1450=FACE_BOUND('',#1991,.T.);
#1451=FACE_BOUND('',#1992,.T.);
#1452=FACE_BOUND('',#1993,.T.);
#1453=FACE_BOUND('',#1997,.T.);
#1454=FACE_BOUND('',#1998,.T.);
#1455=FACE_BOUND('',#2002,.T.);
#1456=FACE_BOUND('',#2017,.T.);
#1457=FACE_BOUND('',#2018,.T.);
#1458=FACE_BOUND('',#2022,.T.);
#1459=FACE_BOUND('',#2023,.T.);
#1460=FACE_BOUND('',#2024,.T.);
#1461=FACE_BOUND('',#2026,.T.);
#1462=FACE_BOUND('',#2027,.T.);
#1463=FACE_BOUND('',#2039,.T.);
#1464=FACE_BOUND('',#2040,.T.);
#1465=FACE_BOUND('',#2041,.T.);
#1466=FACE_BOUND('',#2047,.T.);
#1467=FACE_BOUND('',#2071,.T.);
#1468=FACE_BOUND('',#2084,.T.);
#1469=FACE_BOUND('',#2090,.T.);
#1470=FACE_BOUND('',#2101,.T.);
#1471=FACE_BOUND('',#2103,.T.);
#1472=FACE_BOUND('',#2133,.T.);
#1473=FACE_BOUND('',#2145,.T.);
#1474=FACE_BOUND('',#2147,.T.);
#1475=FACE_BOUND('',#2149,.T.);
#1476=FACE_BOUND('',#2152,.T.);
#1477=FACE_OUTER_BOUND('',#1790,.T.);
#1478=FACE_OUTER_BOUND('',#1792,.T.);
#1479=FACE_OUTER_BOUND('',#1793,.T.);
#1480=FACE_OUTER_BOUND('',#1794,.T.);
#1481=FACE_OUTER_BOUND('',#1796,.T.);
#1482=FACE_OUTER_BOUND('',#1798,.T.);
#1483=FACE_OUTER_BOUND('',#1799,.T.);
#1484=FACE_OUTER_BOUND('',#1800,.T.);
#1485=FACE_OUTER_BOUND('',#1801,.T.);
#1486=FACE_OUTER_BOUND('',#1802,.T.);
#1487=FACE_OUTER_BOUND('',#1803,.T.);
#1488=FACE_OUTER_BOUND('',#1804,.T.);
#1489=FACE_OUTER_BOUND('',#1805,.T.);
#1490=FACE_OUTER_BOUND('',#1806,.T.);
#1491=FACE_OUTER_BOUND('',#1807,.T.);
#1492=FACE_OUTER_BOUND('',#1808,.T.);
#1493=FACE_OUTER_BOUND('',#1810,.T.);
#1494=FACE_OUTER_BOUND('',#1812,.T.);
#1495=FACE_OUTER_BOUND('',#1813,.T.);
#1496=FACE_OUTER_BOUND('',#1814,.T.);
#1497=FACE_OUTER_BOUND('',#1815,.T.);
#1498=FACE_OUTER_BOUND('',#1816,.T.);
#1499=FACE_OUTER_BOUND('',#1817,.T.);
#1500=FACE_OUTER_BOUND('',#1818,.T.);
#1501=FACE_OUTER_BOUND('',#1819,.T.);
#1502=FACE_OUTER_BOUND('',#1820,.T.);
#1503=FACE_OUTER_BOUND('',#1821,.T.);
#1504=FACE_OUTER_BOUND('',#1822,.T.);
#1505=FACE_OUTER_BOUND('',#1823,.T.);
#1506=FACE_OUTER_BOUND('',#1824,.T.);
#1507=FACE_OUTER_BOUND('',#1825,.T.);
#1508=FACE_OUTER_BOUND('',#1826,.T.);
#1509=FACE_OUTER_BOUND('',#1827,.T.);
#1510=FACE_OUTER_BOUND('',#1829,.T.);
#1511=FACE_OUTER_BOUND('',#1830,.T.);
#1512=FACE_OUTER_BOUND('',#1831,.T.);
#1513=FACE_OUTER_BOUND('',#1832,.T.);
#1514=FACE_OUTER_BOUND('',#1833,.T.);
#1515=FACE_OUTER_BOUND('',#1834,.T.);
#1516=FACE_OUTER_BOUND('',#1835,.T.);
#1517=FACE_OUTER_BOUND('',#1836,.T.);
#1518=FACE_OUTER_BOUND('',#1837,.T.);
#1519=FACE_OUTER_BOUND('',#1839,.T.);
#1520=FACE_OUTER_BOUND('',#1841,.T.);
#1521=FACE_OUTER_BOUND('',#1842,.T.);
#1522=FACE_OUTER_BOUND('',#1843,.T.);
#1523=FACE_OUTER_BOUND('',#1844,.T.);
#1524=FACE_OUTER_BOUND('',#1845,.T.);
#1525=FACE_OUTER_BOUND('',#1846,.T.);
#1526=FACE_OUTER_BOUND('',#1847,.T.);
#1527=FACE_OUTER_BOUND('',#1848,.T.);
#1528=FACE_OUTER_BOUND('',#1849,.T.);
#1529=FACE_OUTER_BOUND('',#1850,.T.);
#1530=FACE_OUTER_BOUND('',#1852,.T.);
#1531=FACE_OUTER_BOUND('',#1853,.T.);
#1532=FACE_OUTER_BOUND('',#1854,.T.);
#1533=FACE_OUTER_BOUND('',#1855,.T.);
#1534=FACE_OUTER_BOUND('',#1856,.T.);
#1535=FACE_OUTER_BOUND('',#1857,.T.);
#1536=FACE_OUTER_BOUND('',#1858,.T.);
#1537=FACE_OUTER_BOUND('',#1859,.T.);
#1538=FACE_OUTER_BOUND('',#1860,.T.);
#1539=FACE_OUTER_BOUND('',#1862,.T.);
#1540=FACE_OUTER_BOUND('',#1864,.T.);
#1541=FACE_OUTER_BOUND('',#1866,.T.);
#1542=FACE_OUTER_BOUND('',#1867,.T.);
#1543=FACE_OUTER_BOUND('',#1868,.T.);
#1544=FACE_OUTER_BOUND('',#1870,.T.);
#1545=FACE_OUTER_BOUND('',#1871,.T.);
#1546=FACE_OUTER_BOUND('',#1872,.T.);
#1547=FACE_OUTER_BOUND('',#1873,.T.);
#1548=FACE_OUTER_BOUND('',#1875,.T.);
#1549=FACE_OUTER_BOUND('',#1876,.T.);
#1550=FACE_OUTER_BOUND('',#1877,.T.);
#1551=FACE_OUTER_BOUND('',#1878,.T.);
#1552=FACE_OUTER_BOUND('',#1879,.T.);
#1553=FACE_OUTER_BOUND('',#1882,.T.);
#1554=FACE_OUTER_BOUND('',#1883,.T.);
#1555=FACE_OUTER_BOUND('',#1884,.T.);
#1556=FACE_OUTER_BOUND('',#1886,.T.);
#1557=FACE_OUTER_BOUND('',#1888,.T.);
#1558=FACE_OUTER_BOUND('',#1889,.T.);
#1559=FACE_OUTER_BOUND('',#1890,.T.);
#1560=FACE_OUTER_BOUND('',#1891,.T.);
#1561=FACE_OUTER_BOUND('',#1892,.T.);
#1562=FACE_OUTER_BOUND('',#1893,.T.);
#1563=FACE_OUTER_BOUND('',#1894,.T.);
#1564=FACE_OUTER_BOUND('',#1895,.T.);
#1565=FACE_OUTER_BOUND('',#1896,.T.);
#1566=FACE_OUTER_BOUND('',#1897,.T.);
#1567=FACE_OUTER_BOUND('',#1898,.T.);
#1568=FACE_OUTER_BOUND('',#1899,.T.);
#1569=FACE_OUTER_BOUND('',#1900,.T.);
#1570=FACE_OUTER_BOUND('',#1901,.T.);
#1571=FACE_OUTER_BOUND('',#1902,.T.);
#1572=FACE_OUTER_BOUND('',#1903,.T.);
#1573=FACE_OUTER_BOUND('',#1904,.T.);
#1574=FACE_OUTER_BOUND('',#1906,.T.);
#1575=FACE_OUTER_BOUND('',#1907,.T.);
#1576=FACE_OUTER_BOUND('',#1908,.T.);
#1577=FACE_OUTER_BOUND('',#1909,.T.);
#1578=FACE_OUTER_BOUND('',#1910,.T.);
#1579=FACE_OUTER_BOUND('',#1911,.T.);
#1580=FACE_OUTER_BOUND('',#1912,.T.);
#1581=FACE_OUTER_BOUND('',#1913,.T.);
#1582=FACE_OUTER_BOUND('',#1914,.T.);
#1583=FACE_OUTER_BOUND('',#1915,.T.);
#1584=FACE_OUTER_BOUND('',#1916,.T.);
#1585=FACE_OUTER_BOUND('',#1917,.T.);
#1586=FACE_OUTER_BOUND('',#1918,.T.);
#1587=FACE_OUTER_BOUND('',#1919,.T.);
#1588=FACE_OUTER_BOUND('',#1920,.T.);
#1589=FACE_OUTER_BOUND('',#1921,.T.);
#1590=FACE_OUTER_BOUND('',#1922,.T.);
#1591=FACE_OUTER_BOUND('',#1923,.T.);
#1592=FACE_OUTER_BOUND('',#1924,.T.);
#1593=FACE_OUTER_BOUND('',#1926,.T.);
#1594=FACE_OUTER_BOUND('',#1927,.T.);
#1595=FACE_OUTER_BOUND('',#1928,.T.);
#1596=FACE_OUTER_BOUND('',#1929,.T.);
#1597=FACE_OUTER_BOUND('',#1930,.T.);
#1598=FACE_OUTER_BOUND('',#1931,.T.);
#1599=FACE_OUTER_BOUND('',#1932,.T.);
#1600=FACE_OUTER_BOUND('',#1933,.T.);
#1601=FACE_OUTER_BOUND('',#1934,.T.);
#1602=FACE_OUTER_BOUND('',#1936,.T.);
#1603=FACE_OUTER_BOUND('',#1938,.T.);
#1604=FACE_OUTER_BOUND('',#1939,.T.);
#1605=FACE_OUTER_BOUND('',#1940,.T.);
#1606=FACE_OUTER_BOUND('',#1941,.T.);
#1607=FACE_OUTER_BOUND('',#1942,.T.);
#1608=FACE_OUTER_BOUND('',#1943,.T.);
#1609=FACE_OUTER_BOUND('',#1944,.T.);
#1610=FACE_OUTER_BOUND('',#1945,.T.);
#1611=FACE_OUTER_BOUND('',#1946,.T.);
#1612=FACE_OUTER_BOUND('',#1947,.T.);
#1613=FACE_OUTER_BOUND('',#1948,.T.);
#1614=FACE_OUTER_BOUND('',#1949,.T.);
#1615=FACE_OUTER_BOUND('',#1950,.T.);
#1616=FACE_OUTER_BOUND('',#1951,.T.);
#1617=FACE_OUTER_BOUND('',#1952,.T.);
#1618=FACE_OUTER_BOUND('',#1953,.T.);
#1619=FACE_OUTER_BOUND('',#1954,.T.);
#1620=FACE_OUTER_BOUND('',#1955,.T.);
#1621=FACE_OUTER_BOUND('',#1956,.T.);
#1622=FACE_OUTER_BOUND('',#1957,.T.);
#1623=FACE_OUTER_BOUND('',#1958,.T.);
#1624=FACE_OUTER_BOUND('',#1959,.T.);
#1625=FACE_OUTER_BOUND('',#1960,.T.);
#1626=FACE_OUTER_BOUND('',#1962,.T.);
#1627=FACE_OUTER_BOUND('',#1963,.T.);
#1628=FACE_OUTER_BOUND('',#1964,.T.);
#1629=FACE_OUTER_BOUND('',#1966,.T.);
#1630=FACE_OUTER_BOUND('',#1967,.T.);
#1631=FACE_OUTER_BOUND('',#1968,.T.);
#1632=FACE_OUTER_BOUND('',#1969,.T.);
#1633=FACE_OUTER_BOUND('',#1970,.T.);
#1634=FACE_OUTER_BOUND('',#1972,.T.);
#1635=FACE_OUTER_BOUND('',#1973,.T.);
#1636=FACE_OUTER_BOUND('',#1974,.T.);
#1637=FACE_OUTER_BOUND('',#1975,.T.);
#1638=FACE_OUTER_BOUND('',#1976,.T.);
#1639=FACE_OUTER_BOUND('',#1977,.T.);
#1640=FACE_OUTER_BOUND('',#1978,.T.);
#1641=FACE_OUTER_BOUND('',#1979,.T.);
#1642=FACE_OUTER_BOUND('',#1980,.T.);
#1643=FACE_OUTER_BOUND('',#1981,.T.);
#1644=FACE_OUTER_BOUND('',#1982,.T.);
#1645=FACE_OUTER_BOUND('',#1983,.T.);
#1646=FACE_OUTER_BOUND('',#1984,.T.);
#1647=FACE_OUTER_BOUND('',#1985,.T.);
#1648=FACE_OUTER_BOUND('',#1986,.T.);
#1649=FACE_OUTER_BOUND('',#1987,.T.);
#1650=FACE_OUTER_BOUND('',#1988,.T.);
#1651=FACE_OUTER_BOUND('',#1989,.T.);
#1652=FACE_OUTER_BOUND('',#1990,.T.);
#1653=FACE_OUTER_BOUND('',#1994,.T.);
#1654=FACE_OUTER_BOUND('',#1995,.T.);
#1655=FACE_OUTER_BOUND('',#1996,.T.);
#1656=FACE_OUTER_BOUND('',#1999,.T.);
#1657=FACE_OUTER_BOUND('',#2000,.T.);
#1658=FACE_OUTER_BOUND('',#2001,.T.);
#1659=FACE_OUTER_BOUND('',#2003,.T.);
#1660=FACE_OUTER_BOUND('',#2004,.T.);
#1661=FACE_OUTER_BOUND('',#2005,.T.);
#1662=FACE_OUTER_BOUND('',#2006,.T.);
#1663=FACE_OUTER_BOUND('',#2007,.T.);
#1664=FACE_OUTER_BOUND('',#2008,.T.);
#1665=FACE_OUTER_BOUND('',#2009,.T.);
#1666=FACE_OUTER_BOUND('',#2010,.T.);
#1667=FACE_OUTER_BOUND('',#2011,.T.);
#1668=FACE_OUTER_BOUND('',#2012,.T.);
#1669=FACE_OUTER_BOUND('',#2013,.T.);
#1670=FACE_OUTER_BOUND('',#2014,.T.);
#1671=FACE_OUTER_BOUND('',#2015,.T.);
#1672=FACE_OUTER_BOUND('',#2016,.T.);
#1673=FACE_OUTER_BOUND('',#2019,.T.);
#1674=FACE_OUTER_BOUND('',#2020,.T.);
#1675=FACE_OUTER_BOUND('',#2021,.T.);
#1676=FACE_OUTER_BOUND('',#2025,.T.);
#1677=FACE_OUTER_BOUND('',#2028,.T.);
#1678=FACE_OUTER_BOUND('',#2029,.T.);
#1679=FACE_OUTER_BOUND('',#2030,.T.);
#1680=FACE_OUTER_BOUND('',#2031,.T.);
#1681=FACE_OUTER_BOUND('',#2032,.T.);
#1682=FACE_OUTER_BOUND('',#2033,.T.);
#1683=FACE_OUTER_BOUND('',#2034,.T.);
#1684=FACE_OUTER_BOUND('',#2035,.T.);
#1685=FACE_OUTER_BOUND('',#2036,.T.);
#1686=FACE_OUTER_BOUND('',#2037,.T.);
#1687=FACE_OUTER_BOUND('',#2038,.T.);
#1688=FACE_OUTER_BOUND('',#2042,.T.);
#1689=FACE_OUTER_BOUND('',#2043,.T.);
#1690=FACE_OUTER_BOUND('',#2044,.T.);
#1691=FACE_OUTER_BOUND('',#2045,.T.);
#1692=FACE_OUTER_BOUND('',#2046,.T.);
#1693=FACE_OUTER_BOUND('',#2048,.T.);
#1694=FACE_OUTER_BOUND('',#2049,.T.);
#1695=FACE_OUTER_BOUND('',#2050,.T.);
#1696=FACE_OUTER_BOUND('',#2051,.T.);
#1697=FACE_OUTER_BOUND('',#2052,.T.);
#1698=FACE_OUTER_BOUND('',#2053,.T.);
#1699=FACE_OUTER_BOUND('',#2054,.T.);
#1700=FACE_OUTER_BOUND('',#2055,.T.);
#1701=FACE_OUTER_BOUND('',#2056,.T.);
#1702=FACE_OUTER_BOUND('',#2057,.T.);
#1703=FACE_OUTER_BOUND('',#2058,.T.);
#1704=FACE_OUTER_BOUND('',#2059,.T.);
#1705=FACE_OUTER_BOUND('',#2060,.T.);
#1706=FACE_OUTER_BOUND('',#2061,.T.);
#1707=FACE_OUTER_BOUND('',#2062,.T.);
#1708=FACE_OUTER_BOUND('',#2063,.T.);
#1709=FACE_OUTER_BOUND('',#2064,.T.);
#1710=FACE_OUTER_BOUND('',#2065,.T.);
#1711=FACE_OUTER_BOUND('',#2066,.T.);
#1712=FACE_OUTER_BOUND('',#2067,.T.);
#1713=FACE_OUTER_BOUND('',#2068,.T.);
#1714=FACE_OUTER_BOUND('',#2069,.T.);
#1715=FACE_OUTER_BOUND('',#2070,.T.);
#1716=FACE_OUTER_BOUND('',#2072,.T.);
#1717=FACE_OUTER_BOUND('',#2073,.T.);
#1718=FACE_OUTER_BOUND('',#2074,.T.);
#1719=FACE_OUTER_BOUND('',#2075,.T.);
#1720=FACE_OUTER_BOUND('',#2076,.T.);
#1721=FACE_OUTER_BOUND('',#2077,.T.);
#1722=FACE_OUTER_BOUND('',#2078,.T.);
#1723=FACE_OUTER_BOUND('',#2079,.T.);
#1724=FACE_OUTER_BOUND('',#2080,.T.);
#1725=FACE_OUTER_BOUND('',#2081,.T.);
#1726=FACE_OUTER_BOUND('',#2082,.T.);
#1727=FACE_OUTER_BOUND('',#2083,.T.);
#1728=FACE_OUTER_BOUND('',#2085,.T.);
#1729=FACE_OUTER_BOUND('',#2086,.T.);
#1730=FACE_OUTER_BOUND('',#2087,.T.);
#1731=FACE_OUTER_BOUND('',#2088,.T.);
#1732=FACE_OUTER_BOUND('',#2089,.T.);
#1733=FACE_OUTER_BOUND('',#2091,.T.);
#1734=FACE_OUTER_BOUND('',#2092,.T.);
#1735=FACE_OUTER_BOUND('',#2093,.T.);
#1736=FACE_OUTER_BOUND('',#2094,.T.);
#1737=FACE_OUTER_BOUND('',#2095,.T.);
#1738=FACE_OUTER_BOUND('',#2096,.T.);
#1739=FACE_OUTER_BOUND('',#2097,.T.);
#1740=FACE_OUTER_BOUND('',#2098,.T.);
#1741=FACE_OUTER_BOUND('',#2099,.T.);
#1742=FACE_OUTER_BOUND('',#2100,.T.);
#1743=FACE_OUTER_BOUND('',#2102,.T.);
#1744=FACE_OUTER_BOUND('',#2104,.T.);
#1745=FACE_OUTER_BOUND('',#2105,.T.);
#1746=FACE_OUTER_BOUND('',#2106,.T.);
#1747=FACE_OUTER_BOUND('',#2107,.T.);
#1748=FACE_OUTER_BOUND('',#2108,.T.);
#1749=FACE_OUTER_BOUND('',#2109,.T.);
#1750=FACE_OUTER_BOUND('',#2110,.T.);
#1751=FACE_OUTER_BOUND('',#2111,.T.);
#1752=FACE_OUTER_BOUND('',#2112,.T.);
#1753=FACE_OUTER_BOUND('',#2113,.T.);
#1754=FACE_OUTER_BOUND('',#2114,.T.);
#1755=FACE_OUTER_BOUND('',#2115,.T.);
#1756=FACE_OUTER_BOUND('',#2116,.T.);
#1757=FACE_OUTER_BOUND('',#2117,.T.);
#1758=FACE_OUTER_BOUND('',#2118,.T.);
#1759=FACE_OUTER_BOUND('',#2119,.T.);
#1760=FACE_OUTER_BOUND('',#2120,.T.);
#1761=FACE_OUTER_BOUND('',#2121,.T.);
#1762=FACE_OUTER_BOUND('',#2122,.T.);
#1763=FACE_OUTER_BOUND('',#2123,.T.);
#1764=FACE_OUTER_BOUND('',#2124,.T.);
#1765=FACE_OUTER_BOUND('',#2125,.T.);
#1766=FACE_OUTER_BOUND('',#2126,.T.);
#1767=FACE_OUTER_BOUND('',#2127,.T.);
#1768=FACE_OUTER_BOUND('',#2128,.T.);
#1769=FACE_OUTER_BOUND('',#2129,.T.);
#1770=FACE_OUTER_BOUND('',#2130,.T.);
#1771=FACE_OUTER_BOUND('',#2131,.T.);
#1772=FACE_OUTER_BOUND('',#2132,.T.);
#1773=FACE_OUTER_BOUND('',#2134,.T.);
#1774=FACE_OUTER_BOUND('',#2135,.T.);
#1775=FACE_OUTER_BOUND('',#2136,.T.);
#1776=FACE_OUTER_BOUND('',#2137,.T.);
#1777=FACE_OUTER_BOUND('',#2138,.T.);
#1778=FACE_OUTER_BOUND('',#2139,.T.);
#1779=FACE_OUTER_BOUND('',#2140,.T.);
#1780=FACE_OUTER_BOUND('',#2141,.T.);
#1781=FACE_OUTER_BOUND('',#2142,.T.);
#1782=FACE_OUTER_BOUND('',#2143,.T.);
#1783=FACE_OUTER_BOUND('',#2144,.T.);
#1784=FACE_OUTER_BOUND('',#2146,.T.);
#1785=FACE_OUTER_BOUND('',#2148,.T.);
#1786=FACE_OUTER_BOUND('',#2150,.T.);
#1787=FACE_OUTER_BOUND('',#2151,.T.);
#1788=FACE_OUTER_BOUND('',#2153,.T.);
#1789=FACE_OUTER_BOUND('',#2154,.T.);
#1790=EDGE_LOOP('',(#3520));
#1791=EDGE_LOOP('',(#3521));
#1792=EDGE_LOOP('',(#3522,#3523,#3524,#3525));
#1793=EDGE_LOOP('',(#3526,#3527,#3528,#3529));
#1794=EDGE_LOOP('',(#3530));
#1795=EDGE_LOOP('',(#3531));
#1796=EDGE_LOOP('',(#3532,#3533,#3534,#3535));
#1797=EDGE_LOOP('',(#3536));
#1798=EDGE_LOOP('',(#3537,#3538,#3539,#3540));
#1799=EDGE_LOOP('',(#3541,#3542,#3543,#3544));
#1800=EDGE_LOOP('',(#3545,#3546,#3547,#3548));
#1801=EDGE_LOOP('',(#3549,#3550,#3551,#3552));
#1802=EDGE_LOOP('',(#3553,#3554,#3555,#3556));
#1803=EDGE_LOOP('',(#3557,#3558,#3559,#3560));
#1804=EDGE_LOOP('',(#3561,#3562,#3563,#3564));
#1805=EDGE_LOOP('',(#3565,#3566,#3567,#3568));
#1806=EDGE_LOOP('',(#3569,#3570,#3571,#3572));
#1807=EDGE_LOOP('',(#3573,#3574,#3575,#3576));
#1808=EDGE_LOOP('',(#3577,#3578,#3579,#3580));
#1809=EDGE_LOOP('',(#3581,#3582,#3583,#3584));
#1810=EDGE_LOOP('',(#3585,#3586,#3587,#3588));
#1811=EDGE_LOOP('',(#3589,#3590,#3591,#3592));
#1812=EDGE_LOOP('',(#3593,#3594,#3595,#3596));
#1813=EDGE_LOOP('',(#3597,#3598,#3599,#3600));
#1814=EDGE_LOOP('',(#3601,#3602,#3603,#3604));
#1815=EDGE_LOOP('',(#3605,#3606,#3607,#3608));
#1816=EDGE_LOOP('',(#3609,#3610,#3611,#3612));
#1817=EDGE_LOOP('',(#3613,#3614,#3615,#3616));
#1818=EDGE_LOOP('',(#3617,#3618,#3619,#3620));
#1819=EDGE_LOOP('',(#3621,#3622,#3623,#3624));
#1820=EDGE_LOOP('',(#3625,#3626,#3627,#3628));
#1821=EDGE_LOOP('',(#3629));
#1822=EDGE_LOOP('',(#3630,#3631,#3632,#3633));
#1823=EDGE_LOOP('',(#3634,#3635,#3636,#3637));
#1824=EDGE_LOOP('',(#3638,#3639,#3640,#3641));
#1825=EDGE_LOOP('',(#3642,#3643,#3644,#3645));
#1826=EDGE_LOOP('',(#3646,#3647,#3648,#3649,#3650,#3651,#3652,#3653,#3654,
#3655,#3656,#3657,#3658,#3659,#3660,#3661,#3662,#3663));
#1827=EDGE_LOOP('',(#3664,#3665,#3666,#3667));
#1828=EDGE_LOOP('',(#3668));
#1829=EDGE_LOOP('',(#3669,#3670,#3671,#3672));
#1830=EDGE_LOOP('',(#3673,#3674,#3675,#3676));
#1831=EDGE_LOOP('',(#3677,#3678,#3679,#3680));
#1832=EDGE_LOOP('',(#3681,#3682,#3683,#3684));
#1833=EDGE_LOOP('',(#3685,#3686,#3687,#3688));
#1834=EDGE_LOOP('',(#3689,#3690,#3691,#3692));
#1835=EDGE_LOOP('',(#3693,#3694,#3695,#3696));
#1836=EDGE_LOOP('',(#3697,#3698,#3699,#3700));
#1837=EDGE_LOOP('',(#3701,#3702,#3703,#3704));
#1838=EDGE_LOOP('',(#3705,#3706,#3707,#3708));
#1839=EDGE_LOOP('',(#3709,#3710,#3711,#3712));
#1840=EDGE_LOOP('',(#3713,#3714,#3715,#3716));
#1841=EDGE_LOOP('',(#3717));
#1842=EDGE_LOOP('',(#3718,#3719,#3720,#3721));
#1843=EDGE_LOOP('',(#3722,#3723,#3724,#3725));
#1844=EDGE_LOOP('',(#3726,#3727,#3728,#3729));
#1845=EDGE_LOOP('',(#3730,#3731,#3732,#3733));
#1846=EDGE_LOOP('',(#3734,#3735,#3736,#3737));
#1847=EDGE_LOOP('',(#3738,#3739,#3740,#3741));
#1848=EDGE_LOOP('',(#3742,#3743,#3744,#3745));
#1849=EDGE_LOOP('',(#3746,#3747,#3748,#3749));
#1850=EDGE_LOOP('',(#3750,#3751,#3752,#3753));
#1851=EDGE_LOOP('',(#3754,#3755,#3756,#3757));
#1852=EDGE_LOOP('',(#3758,#3759,#3760,#3761));
#1853=EDGE_LOOP('',(#3762,#3763,#3764,#3765));
#1854=EDGE_LOOP('',(#3766,#3767,#3768,#3769));
#1855=EDGE_LOOP('',(#3770,#3771,#3772,#3773));
#1856=EDGE_LOOP('',(#3774,#3775,#3776,#3777));
#1857=EDGE_LOOP('',(#3778,#3779,#3780,#3781));
#1858=EDGE_LOOP('',(#3782,#3783,#3784,#3785));
#1859=EDGE_LOOP('',(#3786,#3787,#3788,#3789));
#1860=EDGE_LOOP('',(#3790,#3791,#3792,#3793));
#1861=EDGE_LOOP('',(#3794,#3795,#3796,#3797));
#1862=EDGE_LOOP('',(#3798,#3799,#3800,#3801));
#1863=EDGE_LOOP('',(#3802,#3803,#3804,#3805));
#1864=EDGE_LOOP('',(#3806,#3807,#3808,#3809));
#1865=EDGE_LOOP('',(#3810,#3811,#3812,#3813));
#1866=EDGE_LOOP('',(#3814,#3815,#3816,#3817));
#1867=EDGE_LOOP('',(#3818,#3819,#3820,#3821));
#1868=EDGE_LOOP('',(#3822,#3823,#3824,#3825));
#1869=EDGE_LOOP('',(#3826));
#1870=EDGE_LOOP('',(#3827,#3828,#3829,#3830));
#1871=EDGE_LOOP('',(#3831,#3832,#3833));
#1872=EDGE_LOOP('',(#3834,#3835,#3836,#3837));
#1873=EDGE_LOOP('',(#3838,#3839,#3840,#3841));
#1874=EDGE_LOOP('',(#3842));
#1875=EDGE_LOOP('',(#3843,#3844,#3845));
#1876=EDGE_LOOP('',(#3846,#3847,#3848,#3849));
#1877=EDGE_LOOP('',(#3850,#3851,#3852,#3853));
#1878=EDGE_LOOP('',(#3854,#3855,#3856,#3857));
#1879=EDGE_LOOP('',(#3858,#3859,#3860,#3861));
#1880=EDGE_LOOP('',(#3862,#3863,#3864,#3865));
#1881=EDGE_LOOP('',(#3866,#3867,#3868,#3869,#3870,#3871,#3872,#3873));
#1882=EDGE_LOOP('',(#3874,#3875,#3876,#3877));
#1883=EDGE_LOOP('',(#3878,#3879,#3880,#3881));
#1884=EDGE_LOOP('',(#3882,#3883,#3884,#3885));
#1885=EDGE_LOOP('',(#3886));
#1886=EDGE_LOOP('',(#3887,#3888,#3889,#3890));
#1887=EDGE_LOOP('',(#3891));
#1888=EDGE_LOOP('',(#3892,#3893,#3894,#3895));
#1889=EDGE_LOOP('',(#3896,#3897,#3898,#3899));
#1890=EDGE_LOOP('',(#3900,#3901,#3902,#3903));
#1891=EDGE_LOOP('',(#3904,#3905,#3906,#3907));
#1892=EDGE_LOOP('',(#3908,#3909,#3910,#3911));
#1893=EDGE_LOOP('',(#3912,#3913,#3914,#3915));
#1894=EDGE_LOOP('',(#3916,#3917,#3918));
#1895=EDGE_LOOP('',(#3919,#3920,#3921,#3922));
#1896=EDGE_LOOP('',(#3923,#3924,#3925,#3926,#3927));
#1897=EDGE_LOOP('',(#3928,#3929,#3930,#3931));
#1898=EDGE_LOOP('',(#3932,#3933,#3934,#3935));
#1899=EDGE_LOOP('',(#3936,#3937,#3938,#3939));
#1900=EDGE_LOOP('',(#3940,#3941,#3942));
#1901=EDGE_LOOP('',(#3943,#3944,#3945,#3946));
#1902=EDGE_LOOP('',(#3947,#3948,#3949,#3950,#3951));
#1903=EDGE_LOOP('',(#3952,#3953,#3954,#3955));
#1904=EDGE_LOOP('',(#3956,#3957,#3958,#3959));
#1905=EDGE_LOOP('',(#3960,#3961,#3962,#3963));
#1906=EDGE_LOOP('',(#3964,#3965,#3966,#3967,#3968,#3969,#3970,#3971));
#1907=EDGE_LOOP('',(#3972,#3973,#3974,#3975));
#1908=EDGE_LOOP('',(#3976,#3977,#3978,#3979,#3980));
#1909=EDGE_LOOP('',(#3981,#3982,#3983,#3984));
#1910=EDGE_LOOP('',(#3985,#3986,#3987,#3988,#3989));
#1911=EDGE_LOOP('',(#3990,#3991,#3992,#3993));
#1912=EDGE_LOOP('',(#3994,#3995,#3996,#3997));
#1913=EDGE_LOOP('',(#3998,#3999,#4000,#4001));
#1914=EDGE_LOOP('',(#4002,#4003,#4004));
#1915=EDGE_LOOP('',(#4005,#4006,#4007));
#1916=EDGE_LOOP('',(#4008,#4009,#4010,#4011,#4012));
#1917=EDGE_LOOP('',(#4013,#4014,#4015));
#1918=EDGE_LOOP('',(#4016,#4017,#4018));
#1919=EDGE_LOOP('',(#4019,#4020,#4021,#4022));
#1920=EDGE_LOOP('',(#4023,#4024,#4025,#4026));
#1921=EDGE_LOOP('',(#4027,#4028,#4029,#4030));
#1922=EDGE_LOOP('',(#4031,#4032,#4033,#4034));
#1923=EDGE_LOOP('',(#4035,#4036,#4037,#4038,#4039));
#1924=EDGE_LOOP('',(#4040,#4041,#4042,#4043,#4044,#4045));
#1925=EDGE_LOOP('',(#4046,#4047,#4048,#4049));
#1926=EDGE_LOOP('',(#4050,#4051,#4052,#4053));
#1927=EDGE_LOOP('',(#4054,#4055,#4056,#4057));
#1928=EDGE_LOOP('',(#4058,#4059,#4060,#4061));
#1929=EDGE_LOOP('',(#4062,#4063,#4064,#4065));
#1930=EDGE_LOOP('',(#4066,#4067,#4068,#4069));
#1931=EDGE_LOOP('',(#4070,#4071,#4072,#4073));
#1932=EDGE_LOOP('',(#4074,#4075,#4076,#4077));
#1933=EDGE_LOOP('',(#4078,#4079,#4080,#4081));
#1934=EDGE_LOOP('',(#4082,#4083,#4084,#4085));
#1935=EDGE_LOOP('',(#4086,#4087,#4088,#4089));
#1936=EDGE_LOOP('',(#4090,#4091,#4092,#4093));
#1937=EDGE_LOOP('',(#4094));
#1938=EDGE_LOOP('',(#4095,#4096,#4097,#4098));
#1939=EDGE_LOOP('',(#4099,#4100,#4101,#4102));
#1940=EDGE_LOOP('',(#4103,#4104,#4105,#4106));
#1941=EDGE_LOOP('',(#4107,#4108,#4109,#4110));
#1942=EDGE_LOOP('',(#4111,#4112,#4113,#4114));
#1943=EDGE_LOOP('',(#4115,#4116,#4117,#4118));
#1944=EDGE_LOOP('',(#4119,#4120,#4121,#4122));
#1945=EDGE_LOOP('',(#4123,#4124,#4125,#4126));
#1946=EDGE_LOOP('',(#4127,#4128,#4129,#4130));
#1947=EDGE_LOOP('',(#4131,#4132,#4133,#4134,#4135,#4136,#4137,#4138,#4139,
#4140,#4141,#4142));
#1948=EDGE_LOOP('',(#4143,#4144,#4145,#4146));
#1949=EDGE_LOOP('',(#4147,#4148,#4149,#4150,#4151,#4152,#4153,#4154,#4155,
#4156,#4157,#4158,#4159,#4160));
#1950=EDGE_LOOP('',(#4161,#4162,#4163,#4164));
#1951=EDGE_LOOP('',(#4165,#4166,#4167,#4168));
#1952=EDGE_LOOP('',(#4169,#4170,#4171,#4172));
#1953=EDGE_LOOP('',(#4173,#4174,#4175,#4176));
#1954=EDGE_LOOP('',(#4177,#4178,#4179,#4180));
#1955=EDGE_LOOP('',(#4181,#4182,#4183,#4184));
#1956=EDGE_LOOP('',(#4185,#4186,#4187,#4188,#4189,#4190));
#1957=EDGE_LOOP('',(#4191,#4192,#4193,#4194));
#1958=EDGE_LOOP('',(#4195,#4196,#4197,#4198,#4199,#4200));
#1959=EDGE_LOOP('',(#4201,#4202,#4203,#4204));
#1960=EDGE_LOOP('',(#4205,#4206,#4207,#4208,#4209,#4210,#4211,#4212));
#1961=EDGE_LOOP('',(#4213,#4214,#4215,#4216));
#1962=EDGE_LOOP('',(#4217,#4218,#4219,#4220,#4221,#4222,#4223,#4224,#4225,
#4226));
#1963=EDGE_LOOP('',(#4227,#4228,#4229,#4230,#4231,#4232,#4233,#4234));
#1964=EDGE_LOOP('',(#4235,#4236,#4237,#4238));
#1965=EDGE_LOOP('',(#4239,#4240,#4241,#4242));
#1966=EDGE_LOOP('',(#4243,#4244,#4245,#4246));
#1967=EDGE_LOOP('',(#4247,#4248,#4249,#4250));
#1968=EDGE_LOOP('',(#4251,#4252,#4253,#4254));
#1969=EDGE_LOOP('',(#4255,#4256,#4257,#4258));
#1970=EDGE_LOOP('',(#4259,#4260,#4261,#4262));
#1971=EDGE_LOOP('',(#4263,#4264,#4265,#4266));
#1972=EDGE_LOOP('',(#4267,#4268,#4269,#4270));
#1973=EDGE_LOOP('',(#4271,#4272,#4273,#4274));
#1974=EDGE_LOOP('',(#4275,#4276,#4277,#4278));
#1975=EDGE_LOOP('',(#4279,#4280,#4281,#4282));
#1976=EDGE_LOOP('',(#4283,#4284,#4285,#4286));
#1977=EDGE_LOOP('',(#4287,#4288,#4289,#4290));
#1978=EDGE_LOOP('',(#4291,#4292,#4293,#4294));
#1979=EDGE_LOOP('',(#4295,#4296,#4297,#4298));
#1980=EDGE_LOOP('',(#4299,#4300,#4301,#4302));
#1981=EDGE_LOOP('',(#4303,#4304,#4305,#4306,#4307,#4308,#4309,#4310));
#1982=EDGE_LOOP('',(#4311,#4312,#4313,#4314));
#1983=EDGE_LOOP('',(#4315,#4316,#4317,#4318));
#1984=EDGE_LOOP('',(#4319,#4320,#4321,#4322,#4323,#4324,#4325,#4326,#4327,
#4328,#4329,#4330,#4331,#4332));
#1985=EDGE_LOOP('',(#4333,#4334,#4335,#4336));
#1986=EDGE_LOOP('',(#4337,#4338,#4339,#4340,#4341,#4342,#4343,#4344));
#1987=EDGE_LOOP('',(#4345,#4346,#4347,#4348));
#1988=EDGE_LOOP('',(#4349,#4350,#4351,#4352,#4353,#4354,#4355,#4356));
#1989=EDGE_LOOP('',(#4357,#4358,#4359,#4360));
#1990=EDGE_LOOP('',(#4361,#4362,#4363,#4364));
#1991=EDGE_LOOP('',(#4365,#4366,#4367,#4368));
#1992=EDGE_LOOP('',(#4369,#4370,#4371,#4372));
#1993=EDGE_LOOP('',(#4373,#4374,#4375,#4376));
#1994=EDGE_LOOP('',(#4377,#4378,#4379,#4380));
#1995=EDGE_LOOP('',(#4381,#4382,#4383,#4384));
#1996=EDGE_LOOP('',(#4385,#4386,#4387,#4388));
#1997=EDGE_LOOP('',(#4389,#4390,#4391,#4392));
#1998=EDGE_LOOP('',(#4393,#4394,#4395,#4396));
#1999=EDGE_LOOP('',(#4397,#4398,#4399,#4400));
#2000=EDGE_LOOP('',(#4401,#4402,#4403,#4404));
#2001=EDGE_LOOP('',(#4405,#4406,#4407,#4408,#4409,#4410,#4411,#4412));
#2002=EDGE_LOOP('',(#4413));
#2003=EDGE_LOOP('',(#4414,#4415,#4416,#4417));
#2004=EDGE_LOOP('',(#4418,#4419,#4420,#4421));
#2005=EDGE_LOOP('',(#4422,#4423,#4424,#4425));
#2006=EDGE_LOOP('',(#4426,#4427,#4428,#4429));
#2007=EDGE_LOOP('',(#4430,#4431,#4432,#4433));
#2008=EDGE_LOOP('',(#4434,#4435,#4436,#4437,#4438));
#2009=EDGE_LOOP('',(#4439,#4440,#4441,#4442,#4443));
#2010=EDGE_LOOP('',(#4444,#4445,#4446,#4447,#4448));
#2011=EDGE_LOOP('',(#4449,#4450,#4451,#4452,#4453));
#2012=EDGE_LOOP('',(#4454,#4455,#4456,#4457,#4458));
#2013=EDGE_LOOP('',(#4459,#4460,#4461,#4462,#4463));
#2014=EDGE_LOOP('',(#4464,#4465,#4466,#4467,#4468));
#2015=EDGE_LOOP('',(#4469,#4470,#4471,#4472,#4473));
#2016=EDGE_LOOP('',(#4474,#4475,#4476,#4477));
#2017=EDGE_LOOP('',(#4478,#4479,#4480,#4481));
#2018=EDGE_LOOP('',(#4482,#4483,#4484,#4485));
#2019=EDGE_LOOP('',(#4486,#4487,#4488,#4489));
#2020=EDGE_LOOP('',(#4490,#4491,#4492,#4493));
#2021=EDGE_LOOP('',(#4494,#4495,#4496,#4497));
#2022=EDGE_LOOP('',(#4498));
#2023=EDGE_LOOP('',(#4499,#4500,#4501,#4502));
#2024=EDGE_LOOP('',(#4503,#4504,#4505,#4506));
#2025=EDGE_LOOP('',(#4507,#4508,#4509,#4510));
#2026=EDGE_LOOP('',(#4511,#4512,#4513,#4514));
#2027=EDGE_LOOP('',(#4515,#4516,#4517,#4518));
#2028=EDGE_LOOP('',(#4519,#4520,#4521,#4522));
#2029=EDGE_LOOP('',(#4523,#4524,#4525,#4526));
#2030=EDGE_LOOP('',(#4527,#4528,#4529,#4530));
#2031=EDGE_LOOP('',(#4531,#4532,#4533,#4534,#4535,#4536,#4537,#4538,#4539,
#4540,#4541,#4542,#4543,#4544));
#2032=EDGE_LOOP('',(#4545,#4546,#4547,#4548));
#2033=EDGE_LOOP('',(#4549,#4550,#4551,#4552));
#2034=EDGE_LOOP('',(#4553,#4554,#4555,#4556));
#2035=EDGE_LOOP('',(#4557,#4558,#4559,#4560));
#2036=EDGE_LOOP('',(#4561,#4562,#4563,#4564));
#2037=EDGE_LOOP('',(#4565,#4566,#4567,#4568));
#2038=EDGE_LOOP('',(#4569,#4570,#4571,#4572));
#2039=EDGE_LOOP('',(#4573,#4574,#4575,#4576));
#2040=EDGE_LOOP('',(#4577,#4578,#4579,#4580));
#2041=EDGE_LOOP('',(#4581,#4582,#4583,#4584,#4585,#4586));
#2042=EDGE_LOOP('',(#4587,#4588,#4589,#4590));
#2043=EDGE_LOOP('',(#4591,#4592,#4593,#4594,#4595,#4596,#4597,#4598,#4599,
#4600,#4601,#4602,#4603,#4604));
#2044=EDGE_LOOP('',(#4605,#4606,#4607,#4608));
#2045=EDGE_LOOP('',(#4609));
#2046=EDGE_LOOP('',(#4610,#4611,#4612,#4613));
#2047=EDGE_LOOP('',(#4614,#4615,#4616,#4617));
#2048=EDGE_LOOP('',(#4618,#4619,#4620,#4621));
#2049=EDGE_LOOP('',(#4622,#4623,#4624,#4625));
#2050=EDGE_LOOP('',(#4626));
#2051=EDGE_LOOP('',(#4627));
#2052=EDGE_LOOP('',(#4628,#4629,#4630,#4631));
#2053=EDGE_LOOP('',(#4632,#4633,#4634,#4635));
#2054=EDGE_LOOP('',(#4636,#4637,#4638,#4639));
#2055=EDGE_LOOP('',(#4640,#4641,#4642,#4643));
#2056=EDGE_LOOP('',(#4644,#4645,#4646,#4647));
#2057=EDGE_LOOP('',(#4648,#4649,#4650,#4651));
#2058=EDGE_LOOP('',(#4652,#4653,#4654,#4655));
#2059=EDGE_LOOP('',(#4656,#4657,#4658,#4659,#4660,#4661,#4662));
#2060=EDGE_LOOP('',(#4663,#4664,#4665,#4666));
#2061=EDGE_LOOP('',(#4667,#4668,#4669,#4670,#4671,#4672,#4673,#4674,#4675));
#2062=EDGE_LOOP('',(#4676,#4677,#4678));
#2063=EDGE_LOOP('',(#4679,#4680,#4681,#4682));
#2064=EDGE_LOOP('',(#4683,#4684,#4685,#4686));
#2065=EDGE_LOOP('',(#4687,#4688,#4689,#4690));
#2066=EDGE_LOOP('',(#4691,#4692,#4693,#4694));
#2067=EDGE_LOOP('',(#4695,#4696,#4697,#4698));
#2068=EDGE_LOOP('',(#4699,#4700,#4701,#4702));
#2069=EDGE_LOOP('',(#4703,#4704,#4705,#4706));
#2070=EDGE_LOOP('',(#4707,#4708,#4709,#4710));
#2071=EDGE_LOOP('',(#4711,#4712));
#2072=EDGE_LOOP('',(#4713,#4714,#4715,#4716));
#2073=EDGE_LOOP('',(#4717,#4718,#4719,#4720));
#2074=EDGE_LOOP('',(#4721,#4722,#4723,#4724));
#2075=EDGE_LOOP('',(#4725,#4726,#4727,#4728));
#2076=EDGE_LOOP('',(#4729,#4730,#4731,#4732));
#2077=EDGE_LOOP('',(#4733,#4734,#4735,#4736));
#2078=EDGE_LOOP('',(#4737,#4738,#4739));
#2079=EDGE_LOOP('',(#4740,#4741,#4742,#4743));
#2080=EDGE_LOOP('',(#4744,#4745,#4746,#4747));
#2081=EDGE_LOOP('',(#4748,#4749,#4750,#4751));
#2082=EDGE_LOOP('',(#4752,#4753,#4754));
#2083=EDGE_LOOP('',(#4755,#4756,#4757,#4758));
#2084=EDGE_LOOP('',(#4759,#4760,#4761,#4762));
#2085=EDGE_LOOP('',(#4763,#4764,#4765,#4766));
#2086=EDGE_LOOP('',(#4767,#4768,#4769,#4770));
#2087=EDGE_LOOP('',(#4771,#4772,#4773,#4774));
#2088=EDGE_LOOP('',(#4775,#4776,#4777,#4778));
#2089=EDGE_LOOP('',(#4779,#4780));
#2090=EDGE_LOOP('',(#4781,#4782,#4783,#4784,#4785,#4786,#4787,#4788,#4789,
#4790,#4791));
#2091=EDGE_LOOP('',(#4792,#4793,#4794,#4795));
#2092=EDGE_LOOP('',(#4796,#4797,#4798,#4799));
#2093=EDGE_LOOP('',(#4800,#4801,#4802,#4803));
#2094=EDGE_LOOP('',(#4804,#4805,#4806,#4807));
#2095=EDGE_LOOP('',(#4808,#4809,#4810,#4811));
#2096=EDGE_LOOP('',(#4812,#4813,#4814,#4815));
#2097=EDGE_LOOP('',(#4816,#4817,#4818,#4819));
#2098=EDGE_LOOP('',(#4820,#4821,#4822,#4823));
#2099=EDGE_LOOP('',(#4824,#4825,#4826,#4827));
#2100=EDGE_LOOP('',(#4828,#4829,#4830,#4831));
#2101=EDGE_LOOP('',(#4832,#4833,#4834,#4835));
#2102=EDGE_LOOP('',(#4836,#4837,#4838,#4839));
#2103=EDGE_LOOP('',(#4840,#4841,#4842,#4843));
#2104=EDGE_LOOP('',(#4844,#4845,#4846,#4847));
#2105=EDGE_LOOP('',(#4848,#4849,#4850,#4851));
#2106=EDGE_LOOP('',(#4852,#4853,#4854,#4855));
#2107=EDGE_LOOP('',(#4856,#4857,#4858,#4859));
#2108=EDGE_LOOP('',(#4860,#4861,#4862,#4863));
#2109=EDGE_LOOP('',(#4864,#4865,#4866,#4867));
#2110=EDGE_LOOP('',(#4868,#4869,#4870,#4871));
#2111=EDGE_LOOP('',(#4872,#4873,#4874,#4875));
#2112=EDGE_LOOP('',(#4876,#4877,#4878,#4879));
#2113=EDGE_LOOP('',(#4880,#4881,#4882,#4883));
#2114=EDGE_LOOP('',(#4884,#4885,#4886,#4887,#4888,#4889,#4890,#4891));
#2115=EDGE_LOOP('',(#4892,#4893,#4894,#4895,#4896,#4897,#4898,#4899));
#2116=EDGE_LOOP('',(#4900,#4901,#4902,#4903,#4904,#4905,#4906,#4907));
#2117=EDGE_LOOP('',(#4908,#4909,#4910,#4911,#4912,#4913,#4914,#4915));
#2118=EDGE_LOOP('',(#4916,#4917,#4918,#4919));
#2119=EDGE_LOOP('',(#4920,#4921,#4922,#4923));
#2120=EDGE_LOOP('',(#4924,#4925,#4926,#4927));
#2121=EDGE_LOOP('',(#4928,#4929,#4930,#4931));
#2122=EDGE_LOOP('',(#4932,#4933,#4934,#4935));
#2123=EDGE_LOOP('',(#4936,#4937,#4938,#4939));
#2124=EDGE_LOOP('',(#4940,#4941,#4942,#4943));
#2125=EDGE_LOOP('',(#4944,#4945,#4946,#4947));
#2126=EDGE_LOOP('',(#4948,#4949,#4950,#4951));
#2127=EDGE_LOOP('',(#4952,#4953,#4954,#4955));
#2128=EDGE_LOOP('',(#4956,#4957,#4958,#4959));
#2129=EDGE_LOOP('',(#4960,#4961,#4962,#4963));
#2130=EDGE_LOOP('',(#4964,#4965,#4966,#4967));
#2131=EDGE_LOOP('',(#4968,#4969,#4970,#4971));
#2132=EDGE_LOOP('',(#4972,#4973,#4974,#4975));
#2133=EDGE_LOOP('',(#4976,#4977,#4978,#4979));
#2134=EDGE_LOOP('',(#4980,#4981,#4982,#4983));
#2135=EDGE_LOOP('',(#4984,#4985,#4986,#4987));
#2136=EDGE_LOOP('',(#4988,#4989,#4990,#4991,#4992,#4993));
#2137=EDGE_LOOP('',(#4994,#4995,#4996,#4997));
#2138=EDGE_LOOP('',(#4998,#4999,#5000,#5001));
#2139=EDGE_LOOP('',(#5002,#5003,#5004,#5005,#5006,#5007));
#2140=EDGE_LOOP('',(#5008,#5009,#5010,#5011));
#2141=EDGE_LOOP('',(#5012,#5013,#5014,#5015));
#2142=EDGE_LOOP('',(#5016,#5017,#5018,#5019));
#2143=EDGE_LOOP('',(#5020,#5021,#5022,#5023));
#2144=EDGE_LOOP('',(#5024));
#2145=EDGE_LOOP('',(#5025));
#2146=EDGE_LOOP('',(#5026));
#2147=EDGE_LOOP('',(#5027));
#2148=EDGE_LOOP('',(#5028));
#2149=EDGE_LOOP('',(#5029));
#2150=EDGE_LOOP('',(#5030,#5031,#5032,#5033));
#2151=EDGE_LOOP('',(#5034));
#2152=EDGE_LOOP('',(#5035,#5036,#5037,#5038));
#2153=EDGE_LOOP('',(#5039,#5040,#5041,#5042));
#2154=EDGE_LOOP('',(#5043));
#2155=CIRCLE('',#6059,13.);
#2156=CIRCLE('',#6060,12.5);
#2157=CIRCLE('',#6062,13.);
#2158=CIRCLE('',#6064,15.);
#2159=CIRCLE('',#6065,15.);
#2160=CIRCLE('',#6069,12.5);
#2161=CIRCLE('',#6071,1.5);
#2162=CIRCLE('',#6072,1.5);
#2163=CIRCLE('',#6075,1.50000000000001);
#2164=CIRCLE('',#6076,1.50000000000001);
#2165=CIRCLE('',#6080,1.58);
#2166=CIRCLE('',#6081,1.58);
#2167=CIRCLE('',#6084,1.58);
#2168=CIRCLE('',#6085,1.58);
#2169=CIRCLE('',#6099,35.);
#2170=CIRCLE('',#6101,35.);
#2171=CIRCLE('',#6102,35.);
#2172=CIRCLE('',#6104,35.);
#2173=CIRCLE('',#6105,35.);
#2174=CIRCLE('',#6107,35.);
#2175=CIRCLE('',#6108,35.);
#2176=CIRCLE('',#6110,35.);
#2177=CIRCLE('',#6111,35.);
#2178=CIRCLE('',#6114,35.);
#2179=CIRCLE('',#6126,1.5);
#2180=CIRCLE('',#6148,1.5);
#2181=CIRCLE('',#6149,1.5);
#2182=CIRCLE('',#6153,115.497987100219);
#2183=CIRCLE('',#6155,55.0000000000004);
#2184=CIRCLE('',#6157,115.497987100219);
#2185=CIRCLE('',#6160,55.0000000000004);
#2186=CIRCLE('',#6164,115.497987100219);
#2187=CIRCLE('',#6165,115.497987100219);
#2188=CIRCLE('',#6167,115.497987100219);
#2189=CIRCLE('',#6168,115.497987100219);
#2190=CIRCLE('',#6169,115.497987100219);
#2191=CIRCLE('',#6170,115.497987100219);
#2192=CIRCLE('',#6171,115.497987100219);
#2193=CIRCLE('',#6172,115.497987100219);
#2194=CIRCLE('',#6174,1.5);
#2195=CIRCLE('',#6176,1.5);
#2196=CIRCLE('',#6177,1.5);
#2197=CIRCLE('',#6187,55.0000000000004);
#2198=CIRCLE('',#6189,100.);
#2199=CIRCLE('',#6191,105.39771637764);
#2200=CIRCLE('',#6196,55.0000000000004);
#2201=CIRCLE('',#6198,100.);
#2202=CIRCLE('',#6200,105.39771637764);
#2203=CIRCLE('',#6212,100.);
#2204=CIRCLE('',#6214,100.);
#2205=CIRCLE('',#6216,105.39771637764);
#2206=CIRCLE('',#6218,100.);
#2207=CIRCLE('',#6220,100.);
#2208=CIRCLE('',#6226,105.39771637764);
#2209=CIRCLE('',#6230,100.);
#2210=CIRCLE('',#6232,100.);
#2211=CIRCLE('',#6234,105.39771637764);
#2212=CIRCLE('',#6239,105.39771637764);
#2213=CIRCLE('',#6252,35.);
#2214=CIRCLE('',#6253,35.);
#2215=CIRCLE('',#6254,35.);
#2216=CIRCLE('',#6255,35.);
#2217=CIRCLE('',#6258,35.);
#2218=CIRCLE('',#6259,35.);
#2219=CIRCLE('',#6260,35.);
#2220=CIRCLE('',#6261,35.);
#2221=CIRCLE('',#6274,35.);
#2222=CIRCLE('',#6275,35.);
#2223=CIRCLE('',#6294,35.);
#2224=CIRCLE('',#6297,35.);
#2225=CIRCLE('',#6300,105.39771637764);
#2226=CIRCLE('',#6303,105.39771637764);
#2227=CIRCLE('',#6312,35.);
#2228=CIRCLE('',#6313,35.);
#2229=CIRCLE('',#6314,30.);
#2230=CIRCLE('',#6316,35.);
#2231=CIRCLE('',#6318,35.);
#2232=CIRCLE('',#6335,55.0000000000004);
#2233=CIRCLE('',#6336,55.0000000000004);
#2234=CIRCLE('',#6338,50.);
#2235=CIRCLE('',#6339,50.);
#2236=CIRCLE('',#6341,50.);
#2237=CIRCLE('',#6342,50.);
#2238=CIRCLE('',#6344,50.);
#2239=CIRCLE('',#6345,50.);
#2240=CIRCLE('',#6347,100.);
#2241=CIRCLE('',#6348,130.);
#2242=CIRCLE('',#6349,130.);
#2243=CIRCLE('',#6350,130.);
#2244=CIRCLE('',#6352,130.);
#2245=CIRCLE('',#6354,130.);
#2246=CIRCLE('',#6356,130.);
#2247=CIRCLE('',#6361,100.);
#2248=CIRCLE('',#6365,30.);
#2249=CIRCLE('',#6371,30.);
#2250=CIRCLE('',#6372,30.);
#2251=CIRCLE('',#6386,13.);
#2252=CIRCLE('',#6391,16.121395448927);
#2253=CIRCLE('',#6392,16.121395448927);
#2254=CIRCLE('',#6395,17.1191958587929);
#2255=CIRCLE('',#6396,17.1191958587929);
#2256=CIRCLE('',#6403,13.);
#2257=CIRCLE('',#6407,7.99999999999999);
#2258=CIRCLE('',#6408,7.99999999999999);
#2259=CIRCLE('',#6412,8.);
#2260=CIRCLE('',#6413,8.);
#2261=CIRCLE('',#6484,0.75);
#2262=CIRCLE('',#6485,13.25);
#2263=CIRCLE('',#6488,5.);
#2264=CIRCLE('',#6489,5.);
#2265=CIRCLE('',#6491,5.);
#2266=CIRCLE('',#6494,5.);
#2267=CIRCLE('',#6499,13.5);
#2268=CIRCLE('',#6500,13.5);
#2269=CIRCLE('',#6502,14.5);
#2270=CIRCLE('',#6503,14.5);
#2271=CIRCLE('',#6506,15.);
#2272=CIRCLE('',#6508,12.5);
#2273=CIRCLE('',#6510,15.);
#2274=CIRCLE('',#6513,12.5);
#2275=VERTEX_POINT('',#8104);
#2276=VERTEX_POINT('',#8106);
#2277=VERTEX_POINT('',#8109);
#2278=VERTEX_POINT('',#8113);
#2279=VERTEX_POINT('',#8115);
#2280=VERTEX_POINT('',#8120);
#2281=VERTEX_POINT('',#8121);
#2282=VERTEX_POINT('',#8123);
#2283=VERTEX_POINT('',#8125);
#2284=VERTEX_POINT('',#8129);
#2285=VERTEX_POINT('',#8133);
#2286=VERTEX_POINT('',#8134);
#2287=VERTEX_POINT('',#8136);
#2288=VERTEX_POINT('',#8138);
#2289=VERTEX_POINT('',#8142);
#2290=VERTEX_POINT('',#8144);
#2291=VERTEX_POINT('',#8148);
#2292=VERTEX_POINT('',#8150);
#2293=VERTEX_POINT('',#8158);
#2294=VERTEX_POINT('',#8159);
#2295=VERTEX_POINT('',#8161);
#2296=VERTEX_POINT('',#8163);
#2297=VERTEX_POINT('',#8167);
#2298=VERTEX_POINT('',#8169);
#2299=VERTEX_POINT('',#8173);
#2300=VERTEX_POINT('',#8175);
#2301=VERTEX_POINT('',#8183);
#2302=VERTEX_POINT('',#8184);
#2303=VERTEX_POINT('',#8186);
#2304=VERTEX_POINT('',#8188);
#2305=VERTEX_POINT('',#8192);
#2306=VERTEX_POINT('',#8194);
#2307=VERTEX_POINT('',#8198);
#2308=VERTEX_POINT('',#8200);
#2309=VERTEX_POINT('',#8208);
#2310=VERTEX_POINT('',#8209);
#2311=VERTEX_POINT('',#8211);
#2312=VERTEX_POINT('',#8213);
#2313=VERTEX_POINT('',#8217);
#2314=VERTEX_POINT('',#8219);
#2315=VERTEX_POINT('',#8223);
#2316=VERTEX_POINT('',#8225);
#2317=VERTEX_POINT('',#8233);
#2318=VERTEX_POINT('',#8236);
#2319=VERTEX_POINT('',#8237);
#2320=VERTEX_POINT('',#8239);
#2321=VERTEX_POINT('',#8241);
#2322=VERTEX_POINT('',#8245);
#2323=VERTEX_POINT('',#8246);
#2324=VERTEX_POINT('',#8248);
#2325=VERTEX_POINT('',#8250);
#2326=VERTEX_POINT('',#8254);
#2327=VERTEX_POINT('',#8255);
#2328=VERTEX_POINT('',#8257);
#2329=VERTEX_POINT('',#8259);
#2330=VERTEX_POINT('',#8263);
#2331=VERTEX_POINT('',#8264);
#2332=VERTEX_POINT('',#8266);
#2333=VERTEX_POINT('',#8268);
#2334=VERTEX_POINT('',#8272);
#2335=VERTEX_POINT('',#8274);
#2336=VERTEX_POINT('',#8277);
#2337=VERTEX_POINT('',#8279);
#2338=VERTEX_POINT('',#8281);
#2339=VERTEX_POINT('',#8283);
#2340=VERTEX_POINT('',#8286);
#2341=VERTEX_POINT('',#8288);
#2342=VERTEX_POINT('',#8291);
#2343=VERTEX_POINT('',#8293);
#2344=VERTEX_POINT('',#8297);
#2345=VERTEX_POINT('',#8299);
#2346=VERTEX_POINT('',#8302);
#2347=VERTEX_POINT('',#8305);
#2348=VERTEX_POINT('',#8306);
#2349=VERTEX_POINT('',#8308);
#2350=VERTEX_POINT('',#8310);
#2351=VERTEX_POINT('',#8314);
#2352=VERTEX_POINT('',#8316);
#2353=VERTEX_POINT('',#8320);
#2354=VERTEX_POINT('',#8322);
#2355=VERTEX_POINT('',#8329);
#2356=VERTEX_POINT('',#8330);
#2357=VERTEX_POINT('',#8332);
#2358=VERTEX_POINT('',#8334);
#2359=VERTEX_POINT('',#8338);
#2360=VERTEX_POINT('',#8340);
#2361=VERTEX_POINT('',#8344);
#2362=VERTEX_POINT('',#8346);
#2363=VERTEX_POINT('',#8354);
#2364=VERTEX_POINT('',#8355);
#2365=VERTEX_POINT('',#8357);
#2366=VERTEX_POINT('',#8359);
#2367=VERTEX_POINT('',#8363);
#2368=VERTEX_POINT('',#8366);
#2369=VERTEX_POINT('',#8367);
#2370=VERTEX_POINT('',#8369);
#2371=VERTEX_POINT('',#8371);
#2372=VERTEX_POINT('',#8375);
#2373=VERTEX_POINT('',#8377);
#2374=VERTEX_POINT('',#8381);
#2375=VERTEX_POINT('',#8382);
#2376=VERTEX_POINT('',#8384);
#2377=VERTEX_POINT('',#8386);
#2378=VERTEX_POINT('',#8390);
#2379=VERTEX_POINT('',#8392);
#2380=VERTEX_POINT('',#8396);
#2381=VERTEX_POINT('',#8398);
#2382=VERTEX_POINT('',#8405);
#2383=VERTEX_POINT('',#8407);
#2384=VERTEX_POINT('',#8415);
#2385=VERTEX_POINT('',#8416);
#2386=VERTEX_POINT('',#8418);
#2387=VERTEX_POINT('',#8420);
#2388=VERTEX_POINT('',#8424);
#2389=VERTEX_POINT('',#8426);
#2390=VERTEX_POINT('',#8430);
#2391=VERTEX_POINT('',#8431);
#2392=VERTEX_POINT('',#8433);
#2393=VERTEX_POINT('',#8435);
#2394=VERTEX_POINT('',#8439);
#2395=VERTEX_POINT('',#8441);
#2396=VERTEX_POINT('',#8445);
#2397=VERTEX_POINT('',#8447);
#2398=VERTEX_POINT('',#8454);
#2399=VERTEX_POINT('',#8456);
#2400=VERTEX_POINT('',#8464);
#2401=VERTEX_POINT('',#8465);
#2402=VERTEX_POINT('',#8467);
#2403=VERTEX_POINT('',#8469);
#2404=VERTEX_POINT('',#8473);
#2405=VERTEX_POINT('',#8474);
#2406=VERTEX_POINT('',#8476);
#2407=VERTEX_POINT('',#8478);
#2408=VERTEX_POINT('',#8482);
#2409=VERTEX_POINT('',#8484);
#2410=VERTEX_POINT('',#8488);
#2411=VERTEX_POINT('',#8489);
#2412=VERTEX_POINT('',#8491);
#2413=VERTEX_POINT('',#8493);
#2414=VERTEX_POINT('',#8497);
#2415=VERTEX_POINT('',#8498);
#2416=VERTEX_POINT('',#8500);
#2417=VERTEX_POINT('',#8502);
#2418=VERTEX_POINT('',#8509);
#2419=VERTEX_POINT('',#8517);
#2420=VERTEX_POINT('',#8524);
#2421=VERTEX_POINT('',#8526);
#2422=VERTEX_POINT('',#8530);
#2423=VERTEX_POINT('',#8531);
#2424=VERTEX_POINT('',#8533);
#2425=VERTEX_POINT('',#8535);
#2426=VERTEX_POINT('',#8538);
#2427=VERTEX_POINT('',#8539);
#2428=VERTEX_POINT('',#8541);
#2429=VERTEX_POINT('',#8543);
#2430=VERTEX_POINT('',#8546);
#2431=VERTEX_POINT('',#8548);
#2432=VERTEX_POINT('',#8550);
#2433=VERTEX_POINT('',#8552);
#2434=VERTEX_POINT('',#8556);
#2435=VERTEX_POINT('',#8560);
#2436=VERTEX_POINT('',#8562);
#2437=VERTEX_POINT('',#8568);
#2438=VERTEX_POINT('',#8570);
#2439=VERTEX_POINT('',#8574);
#2440=VERTEX_POINT('',#8578);
#2441=VERTEX_POINT('',#8580);
#2442=VERTEX_POINT('',#8584);
#2443=VERTEX_POINT('',#8588);
#2444=VERTEX_POINT('',#8589);
#2445=VERTEX_POINT('',#8591);
#2446=VERTEX_POINT('',#8593);
#2447=VERTEX_POINT('',#8597);
#2448=VERTEX_POINT('',#8598);
#2449=VERTEX_POINT('',#8600);
#2450=VERTEX_POINT('',#8602);
#2451=VERTEX_POINT('',#8606);
#2452=VERTEX_POINT('',#8607);
#2453=VERTEX_POINT('',#8609);
#2454=VERTEX_POINT('',#8613);
#2455=VERTEX_POINT('',#8615);
#2456=VERTEX_POINT('',#8619);
#2457=VERTEX_POINT('',#8624);
#2458=VERTEX_POINT('',#8626);
#2459=VERTEX_POINT('',#8630);
#2460=VERTEX_POINT('',#8632);
#2461=VERTEX_POINT('',#8636);
#2462=VERTEX_POINT('',#8645);
#2463=VERTEX_POINT('',#8652);
#2464=VERTEX_POINT('',#8653);
#2465=VERTEX_POINT('',#8655);
#2466=VERTEX_POINT('',#8657);
#2467=VERTEX_POINT('',#8673);
#2468=VERTEX_POINT('',#8677);
#2469=VERTEX_POINT('',#8679);
#2470=VERTEX_POINT('',#8683);
#2471=VERTEX_POINT('',#8684);
#2472=VERTEX_POINT('',#8689);
#2473=VERTEX_POINT('',#8690);
#2474=VERTEX_POINT('',#8692);
#2475=VERTEX_POINT('',#8696);
#2476=VERTEX_POINT('',#8698);
#2477=VERTEX_POINT('',#8702);
#2478=VERTEX_POINT('',#8706);
#2479=VERTEX_POINT('',#8707);
#2480=VERTEX_POINT('',#8709);
#2481=VERTEX_POINT('',#8713);
#2482=VERTEX_POINT('',#8715);
#2483=VERTEX_POINT('',#8727);
#2484=VERTEX_POINT('',#8734);
#2485=VERTEX_POINT('',#8735);
#2486=VERTEX_POINT('',#8737);
#2487=VERTEX_POINT('',#8739);
#2488=VERTEX_POINT('',#8743);
#2489=VERTEX_POINT('',#8745);
#2490=VERTEX_POINT('',#8749);
#2491=VERTEX_POINT('',#8751);
#2492=VERTEX_POINT('',#8755);
#2493=VERTEX_POINT('',#8756);
#2494=VERTEX_POINT('',#8758);
#2495=VERTEX_POINT('',#8760);
#2496=VERTEX_POINT('',#8767);
#2497=VERTEX_POINT('',#8769);
#2498=VERTEX_POINT('',#8773);
#2499=VERTEX_POINT('',#8775);
#2500=VERTEX_POINT('',#8782);
#2501=VERTEX_POINT('',#8790);
#2502=VERTEX_POINT('',#8791);
#2503=VERTEX_POINT('',#8793);
#2504=VERTEX_POINT('',#8795);
#2505=VERTEX_POINT('',#8799);
#2506=VERTEX_POINT('',#8800);
#2507=VERTEX_POINT('',#8802);
#2508=VERTEX_POINT('',#8804);
#2509=VERTEX_POINT('',#8808);
#2510=VERTEX_POINT('',#8809);
#2511=VERTEX_POINT('',#8811);
#2512=VERTEX_POINT('',#8813);
#2513=VERTEX_POINT('',#8817);
#2514=VERTEX_POINT('',#8818);
#2515=VERTEX_POINT('',#8820);
#2516=VERTEX_POINT('',#8822);
#2517=VERTEX_POINT('',#8826);
#2518=VERTEX_POINT('',#8827);
#2519=VERTEX_POINT('',#8829);
#2520=VERTEX_POINT('',#8831);
#2521=VERTEX_POINT('',#8841);
#2522=VERTEX_POINT('',#8843);
#2523=VERTEX_POINT('',#8845);
#2524=VERTEX_POINT('',#8848);
#2525=VERTEX_POINT('',#8852);
#2526=VERTEX_POINT('',#8854);
#2527=VERTEX_POINT('',#8858);
#2528=VERTEX_POINT('',#8862);
#2529=VERTEX_POINT('',#8865);
#2530=VERTEX_POINT('',#8867);
#2531=VERTEX_POINT('',#8869);
#2532=VERTEX_POINT('',#8873);
#2533=VERTEX_POINT('',#8877);
#2534=VERTEX_POINT('',#8879);
#2535=VERTEX_POINT('',#8883);
#2536=VERTEX_POINT('',#8884);
#2537=VERTEX_POINT('',#8886);
#2538=VERTEX_POINT('',#8888);
#2539=VERTEX_POINT('',#8892);
#2540=VERTEX_POINT('',#8894);
#2541=VERTEX_POINT('',#8898);
#2542=VERTEX_POINT('',#8900);
#2543=VERTEX_POINT('',#8907);
#2544=VERTEX_POINT('',#8908);
#2545=VERTEX_POINT('',#8916);
#2546=VERTEX_POINT('',#8921);
#2547=VERTEX_POINT('',#8932);
#2548=VERTEX_POINT('',#8934);
#2549=VERTEX_POINT('',#8936);
#2550=VERTEX_POINT('',#8938);
#2551=VERTEX_POINT('',#8940);
#2552=VERTEX_POINT('',#8942);
#2553=VERTEX_POINT('',#8946);
#2554=VERTEX_POINT('',#8948);
#2555=VERTEX_POINT('',#8952);
#2556=VERTEX_POINT('',#8953);
#2557=VERTEX_POINT('',#8955);
#2558=VERTEX_POINT('',#8957);
#2559=VERTEX_POINT('',#8961);
#2560=VERTEX_POINT('',#8962);
#2561=VERTEX_POINT('',#8967);
#2562=VERTEX_POINT('',#8971);
#2563=VERTEX_POINT('',#8977);
#2564=VERTEX_POINT('',#8979);
#2565=VERTEX_POINT('',#8987);
#2566=VERTEX_POINT('',#8989);
#2567=VERTEX_POINT('',#8993);
#2568=VERTEX_POINT('',#8997);
#2569=VERTEX_POINT('',#8999);
#2570=VERTEX_POINT('',#9001);
#2571=VERTEX_POINT('',#9005);
#2572=VERTEX_POINT('',#9009);
#2573=VERTEX_POINT('',#9011);
#2574=VERTEX_POINT('',#9013);
#2575=VERTEX_POINT('',#9030);
#2576=VERTEX_POINT('',#9031);
#2577=VERTEX_POINT('',#9033);
#2578=VERTEX_POINT('',#9035);
#2579=VERTEX_POINT('',#9039);
#2580=VERTEX_POINT('',#9041);
#2581=VERTEX_POINT('',#9043);
#2582=VERTEX_POINT('',#9046);
#2583=VERTEX_POINT('',#9050);
#2584=VERTEX_POINT('',#9054);
#2585=VERTEX_POINT('',#9056);
#2586=VERTEX_POINT('',#9058);
#2587=VERTEX_POINT('',#9077);
#2588=VERTEX_POINT('',#9079);
#2589=VERTEX_POINT('',#9085);
#2590=VERTEX_POINT('',#9088);
#2591=VERTEX_POINT('',#9089);
#2592=VERTEX_POINT('',#9091);
#2593=VERTEX_POINT('',#9093);
#2594=VERTEX_POINT('',#9097);
#2595=VERTEX_POINT('',#9099);
#2596=VERTEX_POINT('',#9122);
#2597=VERTEX_POINT('',#9124);
#2598=VERTEX_POINT('',#9127);
#2599=VERTEX_POINT('',#9128);
#2600=VERTEX_POINT('',#9130);
#2601=VERTEX_POINT('',#9132);
#2602=VERTEX_POINT('',#9135);
#2603=VERTEX_POINT('',#9136);
#2604=VERTEX_POINT('',#9138);
#2605=VERTEX_POINT('',#9140);
#2606=VERTEX_POINT('',#9148);
#2607=VERTEX_POINT('',#9149);
#2608=VERTEX_POINT('',#9151);
#2609=VERTEX_POINT('',#9153);
#2610=VERTEX_POINT('',#9157);
#2611=VERTEX_POINT('',#9158);
#2612=VERTEX_POINT('',#9160);
#2613=VERTEX_POINT('',#9162);
#2614=VERTEX_POINT('',#9166);
#2615=VERTEX_POINT('',#9167);
#2616=VERTEX_POINT('',#9169);
#2617=VERTEX_POINT('',#9171);
#2618=VERTEX_POINT('',#9175);
#2619=VERTEX_POINT('',#9176);
#2620=VERTEX_POINT('',#9178);
#2621=VERTEX_POINT('',#9180);
#2622=VERTEX_POINT('',#9185);
#2623=VERTEX_POINT('',#9187);
#2624=VERTEX_POINT('',#9205);
#2625=VERTEX_POINT('',#9209);
#2626=VERTEX_POINT('',#9216);
#2627=VERTEX_POINT('',#9227);
#2628=VERTEX_POINT('',#9229);
#2629=VERTEX_POINT('',#9236);
#2630=VERTEX_POINT('',#9237);
#2631=VERTEX_POINT('',#9239);
#2632=VERTEX_POINT('',#9241);
#2633=VERTEX_POINT('',#9245);
#2634=VERTEX_POINT('',#9247);
#2635=VERTEX_POINT('',#9251);
#2636=VERTEX_POINT('',#9253);
#2637=VERTEX_POINT('',#9257);
#2638=VERTEX_POINT('',#9259);
#2639=VERTEX_POINT('',#9263);
#2640=VERTEX_POINT('',#9265);
#2641=VERTEX_POINT('',#9269);
#2642=VERTEX_POINT('',#9271);
#2643=VERTEX_POINT('',#9280);
#2644=VERTEX_POINT('',#9282);
#2645=VERTEX_POINT('',#9286);
#2646=VERTEX_POINT('',#9288);
#2647=VERTEX_POINT('',#9295);
#2648=VERTEX_POINT('',#9299);
#2649=VERTEX_POINT('',#9300);
#2650=VERTEX_POINT('',#9302);
#2651=VERTEX_POINT('',#9304);
#2652=VERTEX_POINT('',#9311);
#2653=VERTEX_POINT('',#9312);
#2654=VERTEX_POINT('',#9314);
#2655=VERTEX_POINT('',#9316);
#2656=VERTEX_POINT('',#9320);
#2657=VERTEX_POINT('',#9322);
#2658=VERTEX_POINT('',#9326);
#2659=VERTEX_POINT('',#9328);
#2660=VERTEX_POINT('',#9339);
#2661=VERTEX_POINT('',#9345);
#2662=VERTEX_POINT('',#9348);
#2663=VERTEX_POINT('',#9352);
#2664=VERTEX_POINT('',#9354);
#2665=VERTEX_POINT('',#9362);
#2666=VERTEX_POINT('',#9364);
#2667=VERTEX_POINT('',#9368);
#2668=VERTEX_POINT('',#9370);
#2669=VERTEX_POINT('',#9378);
#2670=VERTEX_POINT('',#9379);
#2671=VERTEX_POINT('',#9381);
#2672=VERTEX_POINT('',#9383);
#2673=VERTEX_POINT('',#9387);
#2674=VERTEX_POINT('',#9389);
#2675=VERTEX_POINT('',#9393);
#2676=VERTEX_POINT('',#9397);
#2677=VERTEX_POINT('',#9407);
#2678=VERTEX_POINT('',#9408);
#2679=VERTEX_POINT('',#9410);
#2680=VERTEX_POINT('',#9412);
#2681=VERTEX_POINT('',#9416);
#2682=VERTEX_POINT('',#9418);
#2683=VERTEX_POINT('',#9422);
#2684=VERTEX_POINT('',#9424);
#2685=VERTEX_POINT('',#9431);
#2686=VERTEX_POINT('',#9432);
#2687=VERTEX_POINT('',#9434);
#2688=VERTEX_POINT('',#9436);
#2689=VERTEX_POINT('',#9440);
#2690=VERTEX_POINT('',#9442);
#2691=VERTEX_POINT('',#9446);
#2692=VERTEX_POINT('',#9448);
#2693=VERTEX_POINT('',#9456);
#2694=VERTEX_POINT('',#9457);
#2695=VERTEX_POINT('',#9459);
#2696=VERTEX_POINT('',#9461);
#2697=VERTEX_POINT('',#9465);
#2698=VERTEX_POINT('',#9466);
#2699=VERTEX_POINT('',#9471);
#2700=VERTEX_POINT('',#9475);
#2701=VERTEX_POINT('',#9484);
#2702=VERTEX_POINT('',#9486);
#2703=VERTEX_POINT('',#9490);
#2704=VERTEX_POINT('',#9494);
#2705=VERTEX_POINT('',#9501);
#2706=VERTEX_POINT('',#9502);
#2707=VERTEX_POINT('',#9504);
#2708=VERTEX_POINT('',#9506);
#2709=VERTEX_POINT('',#9508);
#2710=VERTEX_POINT('',#9510);
#2711=VERTEX_POINT('',#9515);
#2712=VERTEX_POINT('',#9517);
#2713=VERTEX_POINT('',#9519);
#2714=VERTEX_POINT('',#9523);
#2715=VERTEX_POINT('',#9525);
#2716=VERTEX_POINT('',#9527);
#2717=VERTEX_POINT('',#9534);
#2718=VERTEX_POINT('',#9535);
#2719=VERTEX_POINT('',#9537);
#2720=VERTEX_POINT('',#9539);
#2721=VERTEX_POINT('',#9543);
#2722=VERTEX_POINT('',#9544);
#2723=VERTEX_POINT('',#9546);
#2724=VERTEX_POINT('',#9548);
#2725=VERTEX_POINT('',#9552);
#2726=VERTEX_POINT('',#9554);
#2727=VERTEX_POINT('',#9558);
#2728=VERTEX_POINT('',#9560);
#2729=VERTEX_POINT('',#9568);
#2730=VERTEX_POINT('',#9569);
#2731=VERTEX_POINT('',#9574);
#2732=VERTEX_POINT('',#9578);
#2733=VERTEX_POINT('',#9584);
#2734=VERTEX_POINT('',#9585);
#2735=VERTEX_POINT('',#9590);
#2736=VERTEX_POINT('',#9594);
#2737=VERTEX_POINT('',#9602);
#2738=VERTEX_POINT('',#9607);
#2739=VERTEX_POINT('',#9608);
#2740=VERTEX_POINT('',#9610);
#2741=VERTEX_POINT('',#9612);
#2742=VERTEX_POINT('',#9616);
#2743=VERTEX_POINT('',#9618);
#2744=VERTEX_POINT('',#9620);
#2745=VERTEX_POINT('',#9622);
#2746=VERTEX_POINT('',#9626);
#2747=VERTEX_POINT('',#9630);
#2748=VERTEX_POINT('',#9634);
#2749=VERTEX_POINT('',#9636);
#2750=VERTEX_POINT('',#9644);
#2751=VERTEX_POINT('',#9646);
#2752=VERTEX_POINT('',#9650);
#2753=VERTEX_POINT('',#9652);
#2754=VERTEX_POINT('',#9657);
#2755=VERTEX_POINT('',#9660);
#2756=VERTEX_POINT('',#9663);
#2757=VERTEX_POINT('',#9668);
#2758=EDGE_CURVE('',#2275,#2275,#2155,.T.);
#2759=EDGE_CURVE('',#2276,#2276,#2156,.T.);
#2760=EDGE_CURVE('',#2275,#2277,#122,.T.);
#2761=EDGE_CURVE('',#2277,#2277,#2157,.T.);
#2762=EDGE_CURVE('',#2278,#2278,#2158,.T.);
#2763=EDGE_CURVE('',#2278,#2279,#123,.T.);
#2764=EDGE_CURVE('',#2279,#2279,#2159,.T.);
#2765=EDGE_CURVE('',#2280,#2281,#124,.T.);
#2766=EDGE_CURVE('',#2282,#2280,#125,.T.);
#2767=EDGE_CURVE('',#2283,#2282,#126,.T.);
#2768=EDGE_CURVE('',#2281,#2283,#127,.T.);
#2769=EDGE_CURVE('',#2284,#2284,#2160,.T.);
#2770=EDGE_CURVE('',#2284,#2276,#128,.T.);
#2771=EDGE_CURVE('',#2285,#2286,#2161,.T.);
#2772=EDGE_CURVE('',#2285,#2287,#129,.T.);
#2773=EDGE_CURVE('',#2288,#2287,#2162,.T.);
#2774=EDGE_CURVE('',#2286,#2288,#130,.T.);
#2775=EDGE_CURVE('',#2286,#2289,#131,.T.);
#2776=EDGE_CURVE('',#2290,#2288,#132,.T.);
#2777=EDGE_CURVE('',#2289,#2290,#133,.T.);
#2778=EDGE_CURVE('',#2289,#2291,#2163,.T.);
#2779=EDGE_CURVE('',#2292,#2290,#2164,.T.);
#2780=EDGE_CURVE('',#2291,#2292,#134,.T.);
#2781=EDGE_CURVE('',#2291,#2285,#135,.T.);
#2782=EDGE_CURVE('',#2287,#2292,#136,.T.);
#2783=EDGE_CURVE('',#2293,#2294,#2165,.T.);
#2784=EDGE_CURVE('',#2293,#2295,#137,.T.);
#2785=EDGE_CURVE('',#2295,#2296,#2166,.T.);
#2786=EDGE_CURVE('',#2294,#2296,#138,.T.);
#2787=EDGE_CURVE('',#2297,#2293,#139,.T.);
#2788=EDGE_CURVE('',#2297,#2298,#140,.T.);
#2789=EDGE_CURVE('',#2298,#2295,#141,.T.);
#2790=EDGE_CURVE('',#2299,#2297,#2167,.T.);
#2791=EDGE_CURVE('',#2299,#2300,#142,.T.);
#2792=EDGE_CURVE('',#2300,#2298,#2168,.T.);
#2793=EDGE_CURVE('',#2294,#2299,#143,.T.);
#2794=EDGE_CURVE('',#2296,#2300,#144,.T.);
#2795=EDGE_CURVE('',#2301,#2302,#145,.T.);
#2796=EDGE_CURVE('',#2301,#2303,#146,.T.);
#2797=EDGE_CURVE('',#2304,#2303,#147,.T.);
#2798=EDGE_CURVE('',#2302,#2304,#148,.T.);
#2799=EDGE_CURVE('',#2302,#2305,#149,.T.);
#2800=EDGE_CURVE('',#2306,#2304,#150,.T.);
#2801=EDGE_CURVE('',#2305,#2306,#151,.T.);
#2802=EDGE_CURVE('',#2305,#2307,#152,.T.);
#2803=EDGE_CURVE('',#2308,#2306,#153,.T.);
#2804=EDGE_CURVE('',#2307,#2308,#154,.T.);
#2805=EDGE_CURVE('',#2307,#2301,#155,.T.);
#2806=EDGE_CURVE('',#2303,#2308,#156,.T.);
#2807=EDGE_CURVE('',#2309,#2310,#157,.T.);
#2808=EDGE_CURVE('',#2309,#2311,#158,.T.);
#2809=EDGE_CURVE('',#2312,#2311,#159,.T.);
#2810=EDGE_CURVE('',#2310,#2312,#160,.T.);
#2811=EDGE_CURVE('',#2310,#2313,#161,.T.);
#2812=EDGE_CURVE('',#2314,#2312,#162,.T.);
#2813=EDGE_CURVE('',#2313,#2314,#163,.T.);
#2814=EDGE_CURVE('',#2313,#2315,#164,.T.);
#2815=EDGE_CURVE('',#2316,#2314,#165,.T.);
#2816=EDGE_CURVE('',#2315,#2316,#166,.T.);
#2817=EDGE_CURVE('',#2315,#2309,#167,.T.);
#2818=EDGE_CURVE('',#2311,#2316,#168,.T.);
#2819=EDGE_CURVE('',#2317,#2317,#2169,.T.);
#2820=EDGE_CURVE('',#2318,#2319,#2170,.T.);
#2821=EDGE_CURVE('',#2320,#2319,#169,.T.);
#2822=EDGE_CURVE('',#2321,#2320,#2171,.T.);
#2823=EDGE_CURVE('',#2321,#2318,#170,.T.);
#2824=EDGE_CURVE('',#2322,#2323,#2172,.T.);
#2825=EDGE_CURVE('',#2324,#2323,#171,.T.);
#2826=EDGE_CURVE('',#2325,#2324,#2173,.T.);
#2827=EDGE_CURVE('',#2325,#2322,#172,.T.);
#2828=EDGE_CURVE('',#2326,#2327,#2174,.T.);
#2829=EDGE_CURVE('',#2328,#2327,#173,.T.);
#2830=EDGE_CURVE('',#2329,#2328,#2175,.T.);
#2831=EDGE_CURVE('',#2329,#2326,#174,.T.);
#2832=EDGE_CURVE('',#2330,#2331,#2176,.T.);
#2833=EDGE_CURVE('',#2332,#2331,#175,.T.);
#2834=EDGE_CURVE('',#2333,#2332,#2177,.T.);
#2835=EDGE_CURVE('',#2333,#2330,#176,.T.);
#2836=EDGE_CURVE('',#2330,#2334,#177,.T.);
#2837=EDGE_CURVE('',#2334,#2335,#178,.T.);
#2838=EDGE_CURVE('',#2335,#2327,#179,.T.);
#2839=EDGE_CURVE('',#2326,#2336,#180,.T.);
#2840=EDGE_CURVE('',#2336,#2337,#181,.T.);
#2841=EDGE_CURVE('',#2337,#2338,#182,.T.);
#2842=EDGE_CURVE('',#2338,#2339,#183,.T.);
#2843=EDGE_CURVE('',#2339,#2323,#184,.T.);
#2844=EDGE_CURVE('',#2322,#2340,#185,.T.);
#2845=EDGE_CURVE('',#2340,#2341,#186,.T.);
#2846=EDGE_CURVE('',#2341,#2319,#187,.T.);
#2847=EDGE_CURVE('',#2318,#2342,#188,.T.);
#2848=EDGE_CURVE('',#2342,#2343,#189,.T.);
#2849=EDGE_CURVE('',#2343,#2331,#190,.T.);
#2850=EDGE_CURVE('',#2344,#2281,#191,.T.);
#2851=EDGE_CURVE('',#2283,#2345,#192,.T.);
#2852=EDGE_CURVE('',#2345,#2344,#193,.T.);
#2853=EDGE_CURVE('',#2346,#2346,#2178,.T.);
#2854=EDGE_CURVE('',#2347,#2348,#194,.T.);
#2855=EDGE_CURVE('',#2347,#2349,#195,.T.);
#2856=EDGE_CURVE('',#2350,#2349,#196,.T.);
#2857=EDGE_CURVE('',#2348,#2350,#197,.T.);
#2858=EDGE_CURVE('',#2348,#2351,#198,.T.);
#2859=EDGE_CURVE('',#2352,#2350,#199,.T.);
#2860=EDGE_CURVE('',#2351,#2352,#200,.T.);
#2861=EDGE_CURVE('',#2351,#2353,#201,.T.);
#2862=EDGE_CURVE('',#2354,#2352,#202,.T.);
#2863=EDGE_CURVE('',#2353,#2354,#203,.T.);
#2864=EDGE_CURVE('',#2353,#2347,#204,.T.);
#2865=EDGE_CURVE('',#2349,#2354,#205,.T.);
#2866=EDGE_CURVE('',#2355,#2356,#206,.T.);
#2867=EDGE_CURVE('',#2355,#2357,#207,.T.);
#2868=EDGE_CURVE('',#2358,#2357,#208,.T.);
#2869=EDGE_CURVE('',#2356,#2358,#209,.T.);
#2870=EDGE_CURVE('',#2356,#2359,#210,.T.);
#2871=EDGE_CURVE('',#2360,#2358,#211,.T.);
#2872=EDGE_CURVE('',#2359,#2360,#212,.T.);
#2873=EDGE_CURVE('',#2359,#2361,#213,.T.);
#2874=EDGE_CURVE('',#2362,#2360,#214,.T.);
#2875=EDGE_CURVE('',#2361,#2362,#215,.T.);
#2876=EDGE_CURVE('',#2361,#2355,#216,.T.);
#2877=EDGE_CURVE('',#2357,#2362,#217,.T.);
#2878=EDGE_CURVE('',#2363,#2364,#218,.T.);
#2879=EDGE_CURVE('',#2363,#2365,#219,.T.);
#2880=EDGE_CURVE('',#2365,#2366,#220,.T.);
#2881=EDGE_CURVE('',#2366,#2364,#221,.T.);
#2882=EDGE_CURVE('',#2367,#2367,#2179,.T.);
#2883=EDGE_CURVE('',#2368,#2369,#222,.T.);
#2884=EDGE_CURVE('',#2368,#2370,#223,.T.);
#2885=EDGE_CURVE('',#2371,#2370,#224,.T.);
#2886=EDGE_CURVE('',#2369,#2371,#225,.T.);
#2887=EDGE_CURVE('',#2372,#2368,#226,.T.);
#2888=EDGE_CURVE('',#2372,#2373,#227,.T.);
#2889=EDGE_CURVE('',#2370,#2373,#228,.T.);
#2890=EDGE_CURVE('',#2374,#2375,#229,.T.);
#2891=EDGE_CURVE('',#2374,#2376,#230,.T.);
#2892=EDGE_CURVE('',#2377,#2376,#231,.T.);
#2893=EDGE_CURVE('',#2375,#2377,#232,.T.);
#2894=EDGE_CURVE('',#2378,#2374,#233,.T.);
#2895=EDGE_CURVE('',#2378,#2379,#234,.T.);
#2896=EDGE_CURVE('',#2376,#2379,#235,.T.);
#2897=EDGE_CURVE('',#2369,#2380,#236,.T.);
#2898=EDGE_CURVE('',#2381,#2371,#237,.T.);
#2899=EDGE_CURVE('',#2380,#2381,#238,.T.);
#2900=EDGE_CURVE('',#2380,#2372,#239,.T.);
#2901=EDGE_CURVE('',#2373,#2381,#240,.T.);
#2902=EDGE_CURVE('',#2375,#2382,#241,.T.);
#2903=EDGE_CURVE('',#2383,#2377,#242,.T.);
#2904=EDGE_CURVE('',#2382,#2383,#243,.T.);
#2905=EDGE_CURVE('',#2382,#2378,#244,.T.);
#2906=EDGE_CURVE('',#2379,#2383,#245,.T.);
#2907=EDGE_CURVE('',#2384,#2385,#246,.T.);
#2908=EDGE_CURVE('',#2384,#2386,#247,.T.);
#2909=EDGE_CURVE('',#2387,#2386,#248,.T.);
#2910=EDGE_CURVE('',#2385,#2387,#249,.T.);
#2911=EDGE_CURVE('',#2388,#2384,#250,.T.);
#2912=EDGE_CURVE('',#2388,#2389,#251,.T.);
#2913=EDGE_CURVE('',#2386,#2389,#252,.T.);
#2914=EDGE_CURVE('',#2390,#2391,#253,.T.);
#2915=EDGE_CURVE('',#2390,#2392,#254,.T.);
#2916=EDGE_CURVE('',#2393,#2392,#255,.T.);
#2917=EDGE_CURVE('',#2391,#2393,#256,.T.);
#2918=EDGE_CURVE('',#2394,#2390,#257,.T.);
#2919=EDGE_CURVE('',#2394,#2395,#258,.T.);
#2920=EDGE_CURVE('',#2392,#2395,#259,.T.);
#2921=EDGE_CURVE('',#2385,#2396,#260,.T.);
#2922=EDGE_CURVE('',#2397,#2387,#261,.T.);
#2923=EDGE_CURVE('',#2396,#2397,#262,.T.);
#2924=EDGE_CURVE('',#2396,#2388,#263,.T.);
#2925=EDGE_CURVE('',#2389,#2397,#264,.T.);
#2926=EDGE_CURVE('',#2391,#2398,#265,.T.);
#2927=EDGE_CURVE('',#2399,#2393,#266,.T.);
#2928=EDGE_CURVE('',#2398,#2399,#267,.T.);
#2929=EDGE_CURVE('',#2398,#2394,#268,.T.);
#2930=EDGE_CURVE('',#2395,#2399,#269,.T.);
#2931=EDGE_CURVE('',#2400,#2401,#270,.T.);
#2932=EDGE_CURVE('',#2402,#2400,#271,.T.);
#2933=EDGE_CURVE('',#2403,#2402,#272,.T.);
#2934=EDGE_CURVE('',#2401,#2403,#273,.T.);
#2935=EDGE_CURVE('',#2404,#2405,#274,.T.);
#2936=EDGE_CURVE('',#2406,#2404,#275,.T.);
#2937=EDGE_CURVE('',#2407,#2406,#276,.T.);
#2938=EDGE_CURVE('',#2405,#2407,#277,.T.);
#2939=EDGE_CURVE('',#2408,#2408,#2180,.T.);
#2940=EDGE_CURVE('',#2408,#2409,#278,.T.);
#2941=EDGE_CURVE('',#2409,#2409,#2181,.T.);
#2942=EDGE_CURVE('',#2410,#2411,#279,.T.);
#2943=EDGE_CURVE('',#2410,#2412,#280,.T.);
#2944=EDGE_CURVE('',#2413,#2412,#281,.T.);
#2945=EDGE_CURVE('',#2411,#2413,#282,.T.);
#2946=EDGE_CURVE('',#2414,#2415,#283,.T.);
#2947=EDGE_CURVE('',#2414,#2416,#284,.T.);
#2948=EDGE_CURVE('',#2416,#2417,#285,.T.);
#2949=EDGE_CURVE('',#2417,#2415,#286,.T.);
#2950=EDGE_CURVE('',#2364,#2414,#2182,.T.);
#2951=EDGE_CURVE('',#2366,#2416,#287,.T.);
#2952=EDGE_CURVE('',#2418,#2410,#2183,.T.);
#2953=EDGE_CURVE('',#2412,#2418,#288,.T.);
#2954=EDGE_CURVE('',#2415,#2363,#2184,.T.);
#2955=EDGE_CURVE('',#2365,#2417,#289,.T.);
#2956=EDGE_CURVE('',#2411,#2419,#2185,.T.);
#2957=EDGE_CURVE('',#2419,#2413,#290,.T.);
#2958=EDGE_CURVE('',#2419,#2418,#291,.T.);
#2959=EDGE_CURVE('',#2364,#2420,#2186,.T.);
#2960=EDGE_CURVE('',#2420,#2421,#292,.T.);
#2961=EDGE_CURVE('',#2421,#2363,#2187,.T.);
#2962=EDGE_CURVE('',#2422,#2423,#2188,.T.);
#2963=EDGE_CURVE('',#2423,#2424,#293,.T.);
#2964=EDGE_CURVE('',#2424,#2425,#2189,.T.);
#2965=EDGE_CURVE('',#2422,#2425,#294,.T.);
#2966=EDGE_CURVE('',#2426,#2427,#2190,.T.);
#2967=EDGE_CURVE('',#2427,#2428,#295,.T.);
#2968=EDGE_CURVE('',#2428,#2429,#2191,.T.);
#2969=EDGE_CURVE('',#2429,#2426,#296,.T.);
#2970=EDGE_CURVE('',#2363,#2430,#297,.T.);
#2971=EDGE_CURVE('',#2430,#2431,#2192,.T.);
#2972=EDGE_CURVE('',#2431,#2432,#298,.T.);
#2973=EDGE_CURVE('',#2432,#2433,#2193,.T.);
#2974=EDGE_CURVE('',#2433,#2364,#299,.T.);
#2975=EDGE_CURVE('',#2434,#2434,#2194,.T.);
#2976=EDGE_CURVE('',#2434,#2367,#300,.T.);
#2977=EDGE_CURVE('',#2435,#2435,#2195,.T.);
#2978=EDGE_CURVE('',#2435,#2436,#301,.T.);
#2979=EDGE_CURVE('',#2436,#2436,#2196,.T.);
#2980=EDGE_CURVE('',#2437,#2402,#302,.T.);
#2981=EDGE_CURVE('',#2438,#2437,#303,.T.);
#2982=EDGE_CURVE('',#2438,#2403,#304,.T.);
#2983=EDGE_CURVE('',#2439,#2400,#305,.T.);
#2984=EDGE_CURVE('',#2437,#2439,#306,.T.);
#2985=EDGE_CURVE('',#2440,#2404,#307,.T.);
#2986=EDGE_CURVE('',#2441,#2440,#308,.T.);
#2987=EDGE_CURVE('',#2441,#2406,#309,.T.);
#2988=EDGE_CURVE('',#2442,#2405,#310,.T.);
#2989=EDGE_CURVE('',#2440,#2442,#311,.T.);
#2990=EDGE_CURVE('',#2443,#2444,#312,.T.);
#2991=EDGE_CURVE('',#2445,#2443,#313,.T.);
#2992=EDGE_CURVE('',#2446,#2445,#314,.T.);
#2993=EDGE_CURVE('',#2446,#2444,#315,.T.);
#2994=EDGE_CURVE('',#2447,#2448,#316,.T.);
#2995=EDGE_CURVE('',#2447,#2449,#317,.T.);
#2996=EDGE_CURVE('',#2450,#2449,#318,.T.);
#2997=EDGE_CURVE('',#2448,#2450,#319,.T.);
#2998=EDGE_CURVE('',#2451,#2452,#2197,.T.);
#2999=EDGE_CURVE('',#2451,#2453,#320,.T.);
#3000=EDGE_CURVE('',#2452,#2453,#321,.T.);
#3001=EDGE_CURVE('',#2444,#2454,#2198,.T.);
#3002=EDGE_CURVE('',#2455,#2446,#322,.T.);
#3003=EDGE_CURVE('',#2455,#2454,#323,.T.);
#3004=EDGE_CURVE('',#2456,#2447,#2199,.T.);
#3005=EDGE_CURVE('',#2456,#2431,#324,.T.);
#3006=EDGE_CURVE('',#2449,#2430,#325,.T.);
#3007=EDGE_CURVE('',#2457,#2451,#326,.T.);
#3008=EDGE_CURVE('',#2457,#2458,#327,.T.);
#3009=EDGE_CURVE('',#2453,#2458,#328,.T.);
#3010=EDGE_CURVE('',#2454,#2459,#329,.T.);
#3011=EDGE_CURVE('',#2460,#2455,#330,.T.);
#3012=EDGE_CURVE('',#2460,#2459,#331,.T.);
#3013=EDGE_CURVE('',#2452,#2461,#332,.T.);
#3014=EDGE_CURVE('',#2458,#2461,#333,.T.);
#3015=EDGE_CURVE('',#2461,#2457,#2200,.T.);
#3016=EDGE_CURVE('',#2459,#2443,#2201,.T.);
#3017=EDGE_CURVE('',#2445,#2460,#334,.T.);
#3018=EDGE_CURVE('',#2448,#2462,#2202,.T.);
#3019=EDGE_CURVE('',#2433,#2450,#335,.T.);
#3020=EDGE_CURVE('',#2462,#2432,#336,.T.);
#3021=EDGE_CURVE('',#2462,#2456,#337,.T.);
#3022=EDGE_CURVE('',#2463,#2464,#338,.T.);
#3023=EDGE_CURVE('',#2464,#2465,#339,.T.);
#3024=EDGE_CURVE('',#2465,#2466,#340,.T.);
#3025=EDGE_CURVE('',#2466,#2463,#341,.T.);
#3026=EDGE_CURVE('',#2363,#2365,#342,.T.);
#3027=EDGE_CURVE('',#2365,#2366,#343,.T.);
#3028=EDGE_CURVE('',#2366,#2364,#344,.T.);
#3029=EDGE_CURVE('',#2463,#2420,#345,.T.);
#3030=EDGE_CURVE('',#2466,#2421,#346,.T.);
#3031=EDGE_CURVE('',#2465,#2365,#347,.T.);
#3032=EDGE_CURVE('',#2464,#2366,#348,.T.);
#3033=EDGE_CURVE('',#2467,#2438,#349,.T.);
#3034=EDGE_CURVE('',#2467,#2401,#350,.T.);
#3035=EDGE_CURVE('',#2427,#2468,#351,.T.);
#3036=EDGE_CURVE('',#2468,#2469,#352,.T.);
#3037=EDGE_CURVE('',#2469,#2428,#353,.T.);
#3038=EDGE_CURVE('',#2470,#2471,#354,.T.);
#3039=EDGE_CURVE('',#2470,#2469,#355,.T.);
#3040=EDGE_CURVE('',#2471,#2468,#356,.T.);
#3041=EDGE_CURVE('',#2472,#2473,#2203,.T.);
#3042=EDGE_CURVE('',#2474,#2472,#357,.T.);
#3043=EDGE_CURVE('',#2473,#2474,#358,.T.);
#3044=EDGE_CURVE('',#2473,#2475,#2204,.T.);
#3045=EDGE_CURVE('',#2476,#2473,#359,.T.);
#3046=EDGE_CURVE('',#2476,#2475,#360,.T.);
#3047=EDGE_CURVE('',#2477,#2426,#361,.T.);
#3048=EDGE_CURVE('',#2471,#2477,#2205,.T.);
#3049=EDGE_CURVE('',#2478,#2479,#2206,.T.);
#3050=EDGE_CURVE('',#2480,#2478,#362,.T.);
#3051=EDGE_CURVE('',#2480,#2479,#363,.T.);
#3052=EDGE_CURVE('',#2481,#2478,#2207,.T.);
#3053=EDGE_CURVE('',#2482,#2481,#364,.T.);
#3054=EDGE_CURVE('',#2478,#2482,#365,.T.);
#3055=EDGE_CURVE('',#2479,#2472,#366,.T.);
#3056=EDGE_CURVE('',#2474,#2480,#367,.T.);
#3057=EDGE_CURVE('',#2439,#2467,#368,.T.);
#3058=EDGE_CURVE('',#2475,#2481,#369,.T.);
#3059=EDGE_CURVE('',#2482,#2476,#370,.T.);
#3060=EDGE_CURVE('',#2483,#2429,#371,.T.);
#3061=EDGE_CURVE('',#2477,#2483,#372,.T.);
#3062=EDGE_CURVE('',#2483,#2470,#2208,.T.);
#3063=EDGE_CURVE('',#2484,#2485,#373,.T.);
#3064=EDGE_CURVE('',#2486,#2484,#374,.T.);
#3065=EDGE_CURVE('',#2487,#2486,#375,.T.);
#3066=EDGE_CURVE('',#2487,#2485,#376,.T.);
#3067=EDGE_CURVE('',#2488,#2484,#2209,.T.);
#3068=EDGE_CURVE('',#2489,#2488,#377,.T.);
#3069=EDGE_CURVE('',#2486,#2489,#378,.T.);
#3070=EDGE_CURVE('',#2485,#2490,#2210,.T.);
#3071=EDGE_CURVE('',#2491,#2487,#379,.T.);
#3072=EDGE_CURVE('',#2491,#2490,#380,.T.);
#3073=EDGE_CURVE('',#2492,#2493,#2211,.T.);
#3074=EDGE_CURVE('',#2492,#2494,#381,.T.);
#3075=EDGE_CURVE('',#2495,#2494,#382,.T.);
#3076=EDGE_CURVE('',#2493,#2495,#383,.T.);
#3077=EDGE_CURVE('',#2490,#2488,#384,.T.);
#3078=EDGE_CURVE('',#2489,#2491,#385,.T.);
#3079=EDGE_CURVE('',#2496,#2492,#386,.T.);
#3080=EDGE_CURVE('',#2496,#2497,#387,.T.);
#3081=EDGE_CURVE('',#2494,#2497,#388,.T.);
#3082=EDGE_CURVE('',#2493,#2498,#389,.T.);
#3083=EDGE_CURVE('',#2499,#2495,#390,.T.);
#3084=EDGE_CURVE('',#2498,#2499,#391,.T.);
#3085=EDGE_CURVE('',#2498,#2496,#2212,.T.);
#3086=EDGE_CURVE('',#2497,#2499,#392,.T.);
#3087=EDGE_CURVE('',#2442,#2500,#393,.T.);
#3088=EDGE_CURVE('',#2500,#2441,#394,.T.);
#3089=EDGE_CURVE('',#2500,#2407,#395,.T.);
#3090=EDGE_CURVE('',#2501,#2502,#396,.T.);
#3091=EDGE_CURVE('',#2503,#2501,#397,.T.);
#3092=EDGE_CURVE('',#2504,#2503,#398,.T.);
#3093=EDGE_CURVE('',#2502,#2504,#399,.T.);
#3094=EDGE_CURVE('',#2505,#2506,#400,.T.);
#3095=EDGE_CURVE('',#2507,#2505,#401,.T.);
#3096=EDGE_CURVE('',#2507,#2508,#402,.T.);
#3097=EDGE_CURVE('',#2506,#2508,#403,.T.);
#3098=EDGE_CURVE('',#2509,#2510,#404,.T.);
#3099=EDGE_CURVE('',#2510,#2511,#405,.T.);
#3100=EDGE_CURVE('',#2511,#2512,#406,.T.);
#3101=EDGE_CURVE('',#2512,#2509,#407,.T.);
#3102=EDGE_CURVE('',#2513,#2514,#408,.T.);
#3103=EDGE_CURVE('',#2515,#2513,#409,.T.);
#3104=EDGE_CURVE('',#2515,#2516,#410,.T.);
#3105=EDGE_CURVE('',#2514,#2516,#411,.T.);
#3106=EDGE_CURVE('',#2517,#2518,#412,.T.);
#3107=EDGE_CURVE('',#2519,#2517,#413,.T.);
#3108=EDGE_CURVE('',#2520,#2519,#414,.T.);
#3109=EDGE_CURVE('',#2518,#2520,#415,.T.);
#3110=EDGE_CURVE('',#2504,#2515,#416,.T.);
#3111=EDGE_CURVE('',#2516,#2503,#417,.T.);
#3112=EDGE_CURVE('',#2520,#2507,#418,.T.);
#3113=EDGE_CURVE('',#2508,#2519,#419,.T.);
#3114=EDGE_CURVE('',#2506,#2521,#2213,.T.);
#3115=EDGE_CURVE('',#2522,#2517,#2214,.T.);
#3116=EDGE_CURVE('',#2523,#2522,#420,.T.);
#3117=EDGE_CURVE('',#2514,#2523,#2215,.T.);
#3118=EDGE_CURVE('',#2524,#2501,#2216,.T.);
#3119=EDGE_CURVE('',#2521,#2524,#421,.T.);
#3120=EDGE_CURVE('',#2525,#2524,#422,.T.);
#3121=EDGE_CURVE('',#2525,#2526,#423,.T.);
#3122=EDGE_CURVE('',#2521,#2526,#424,.T.);
#3123=EDGE_CURVE('',#2527,#2502,#2217,.T.);
#3124=EDGE_CURVE('',#2527,#2321,#425,.T.);
#3125=EDGE_CURVE('',#2332,#2321,#2218,.T.);
#3126=EDGE_CURVE('',#2332,#2528,#426,.T.);
#3127=EDGE_CURVE('',#2513,#2528,#2219,.T.);
#3128=EDGE_CURVE('',#2523,#2529,#427,.T.);
#3129=EDGE_CURVE('',#2529,#2530,#428,.T.);
#3130=EDGE_CURVE('',#2530,#2531,#2220,.T.);
#3131=EDGE_CURVE('',#2531,#2525,#429,.T.);
#3132=EDGE_CURVE('',#2532,#2522,#430,.T.);
#3133=EDGE_CURVE('',#2532,#2529,#431,.T.);
#3134=EDGE_CURVE('',#2533,#2509,#432,.T.);
#3135=EDGE_CURVE('',#2533,#2534,#433,.T.);
#3136=EDGE_CURVE('',#2534,#2510,#434,.T.);
#3137=EDGE_CURVE('',#2535,#2536,#435,.T.);
#3138=EDGE_CURVE('',#2535,#2537,#436,.T.);
#3139=EDGE_CURVE('',#2538,#2537,#437,.T.);
#3140=EDGE_CURVE('',#2536,#2538,#438,.T.);
#3141=EDGE_CURVE('',#2539,#2535,#439,.T.);
#3142=EDGE_CURVE('',#2539,#2540,#440,.T.);
#3143=EDGE_CURVE('',#2537,#2540,#441,.T.);
#3144=EDGE_CURVE('',#2541,#2539,#442,.T.);
#3145=EDGE_CURVE('',#2541,#2542,#443,.T.);
#3146=EDGE_CURVE('',#2540,#2542,#444,.T.);
#3147=EDGE_CURVE('',#2536,#2541,#445,.T.);
#3148=EDGE_CURVE('',#2542,#2538,#446,.T.);
#3149=EDGE_CURVE('',#2543,#2544,#447,.T.);
#3150=EDGE_CURVE('',#2543,#2520,#448,.T.);
#3151=EDGE_CURVE('',#2518,#2520,#449,.T.);
#3152=EDGE_CURVE('',#2518,#2513,#450,.T.);
#3153=EDGE_CURVE('',#2515,#2513,#451,.T.);
#3154=EDGE_CURVE('',#2544,#2515,#452,.T.);
#3155=EDGE_CURVE('',#2545,#2543,#453,.T.);
#3156=EDGE_CURVE('',#2545,#2507,#454,.T.);
#3157=EDGE_CURVE('',#2520,#2507,#455,.T.);
#3158=EDGE_CURVE('',#2546,#2545,#456,.T.);
#3159=EDGE_CURVE('',#2546,#2504,#457,.T.);
#3160=EDGE_CURVE('',#2502,#2504,#458,.T.);
#3161=EDGE_CURVE('',#2502,#2505,#459,.T.);
#3162=EDGE_CURVE('',#2507,#2505,#460,.T.);
#3163=EDGE_CURVE('',#2544,#2546,#461,.T.);
#3164=EDGE_CURVE('',#2504,#2515,#462,.T.);
#3165=EDGE_CURVE('',#2505,#2547,#2221,.T.);
#3166=EDGE_CURVE('',#2547,#2548,#463,.T.);
#3167=EDGE_CURVE('',#2549,#2548,#464,.T.);
#3168=EDGE_CURVE('',#2550,#2549,#465,.T.);
#3169=EDGE_CURVE('',#2551,#2550,#466,.T.);
#3170=EDGE_CURVE('',#2551,#2552,#467,.T.);
#3171=EDGE_CURVE('',#2552,#2518,#2222,.T.);
#3172=EDGE_CURVE('',#2528,#2553,#468,.T.);
#3173=EDGE_CURVE('',#2554,#2553,#469,.T.);
#3174=EDGE_CURVE('',#2554,#2527,#470,.T.);
#3175=EDGE_CURVE('',#2555,#2556,#471,.T.);
#3176=EDGE_CURVE('',#2557,#2555,#472,.T.);
#3177=EDGE_CURVE('',#2558,#2557,#473,.T.);
#3178=EDGE_CURVE('',#2556,#2558,#474,.T.);
#3179=EDGE_CURVE('',#2559,#2560,#475,.T.);
#3180=EDGE_CURVE('',#2559,#2557,#476,.T.);
#3181=EDGE_CURVE('',#2560,#2555,#477,.T.);
#3182=EDGE_CURVE('',#2561,#2559,#478,.T.);
#3183=EDGE_CURVE('',#2561,#2558,#479,.T.);
#3184=EDGE_CURVE('',#2562,#2561,#480,.T.);
#3185=EDGE_CURVE('',#2562,#2556,#481,.T.);
#3186=EDGE_CURVE('',#2560,#2562,#482,.T.);
#3187=EDGE_CURVE('',#2563,#2533,#483,.T.);
#3188=EDGE_CURVE('',#2564,#2563,#484,.T.);
#3189=EDGE_CURVE('',#2534,#2564,#485,.T.);
#3190=EDGE_CURVE('',#2564,#2511,#486,.T.);
#3191=EDGE_CURVE('',#2563,#2512,#487,.T.);
#3192=EDGE_CURVE('',#2531,#2565,#488,.T.);
#3193=EDGE_CURVE('',#2565,#2566,#489,.T.);
#3194=EDGE_CURVE('',#2525,#2566,#490,.T.);
#3195=EDGE_CURVE('',#2567,#2530,#491,.T.);
#3196=EDGE_CURVE('',#2565,#2567,#492,.T.);
#3197=EDGE_CURVE('',#2568,#2532,#493,.T.);
#3198=EDGE_CURVE('',#2568,#2569,#494,.T.);
#3199=EDGE_CURVE('',#2569,#2570,#495,.T.);
#3200=EDGE_CURVE('',#2532,#2570,#496,.T.);
#3201=EDGE_CURVE('',#2567,#2571,#497,.T.);
#3202=EDGE_CURVE('',#2566,#2571,#498,.T.);
#3203=EDGE_CURVE('',#2526,#2572,#499,.T.);
#3204=EDGE_CURVE('',#2573,#2526,#500,.T.);
#3205=EDGE_CURVE('',#2574,#2573,#501,.T.);
#3206=EDGE_CURVE('',#2574,#2572,#502,.T.);
#3207=EDGE_CURVE('',#2569,#2574,#503,.T.);
#3208=EDGE_CURVE('',#2570,#2573,#504,.T.);
#3209=EDGE_CURVE('',#2571,#2529,#505,.T.);
#3210=EDGE_CURVE('',#2572,#2568,#2223,.T.);
#3211=EDGE_CURVE('',#2552,#2329,#506,.T.);
#3212=EDGE_CURVE('',#2324,#2329,#2224,.T.);
#3213=EDGE_CURVE('',#2324,#2547,#507,.T.);
#3214=EDGE_CURVE('',#2575,#2576,#508,.T.);
#3215=EDGE_CURVE('',#2576,#2577,#509,.T.);
#3216=EDGE_CURVE('',#2577,#2578,#510,.T.);
#3217=EDGE_CURVE('',#2575,#2578,#511,.T.);
#3218=EDGE_CURVE('',#2579,#2577,#2225,.T.);
#3219=EDGE_CURVE('',#2580,#2579,#512,.T.);
#3220=EDGE_CURVE('',#2581,#2580,#513,.T.);
#3221=EDGE_CURVE('',#2425,#2581,#514,.T.);
#3222=EDGE_CURVE('',#2582,#2424,#515,.T.);
#3223=EDGE_CURVE('',#2578,#2582,#516,.T.);
#3224=EDGE_CURVE('',#2583,#2422,#517,.T.);
#3225=EDGE_CURVE('',#2583,#2581,#518,.T.);
#3226=EDGE_CURVE('',#2584,#2423,#519,.T.);
#3227=EDGE_CURVE('',#2585,#2583,#520,.T.);
#3228=EDGE_CURVE('',#2586,#2585,#521,.T.);
#3229=EDGE_CURVE('',#2576,#2586,#2226,.T.);
#3230=EDGE_CURVE('',#2584,#2575,#522,.T.);
#3231=EDGE_CURVE('',#2586,#2579,#523,.T.);
#3232=EDGE_CURVE('',#2580,#2585,#524,.T.);
#3233=EDGE_CURVE('',#2582,#2584,#525,.T.);
#3234=EDGE_CURVE('',#2346,#2317,#526,.T.);
#3235=EDGE_CURVE('',#2342,#2554,#527,.T.);
#3236=EDGE_CURVE('',#2553,#2343,#528,.T.);
#3237=EDGE_CURVE('',#2548,#2339,#529,.T.);
#3238=EDGE_CURVE('',#2338,#2549,#530,.T.);
#3239=EDGE_CURVE('',#2587,#2341,#531,.T.);
#3240=EDGE_CURVE('',#2340,#2588,#532,.T.);
#3241=EDGE_CURVE('',#2588,#2587,#533,.T.);
#3242=EDGE_CURVE('',#2320,#2325,#2227,.T.);
#3243=EDGE_CURVE('',#2328,#2333,#2228,.T.);
#3244=EDGE_CURVE('',#2589,#2589,#2229,.T.);
#3245=EDGE_CURVE('',#2590,#2591,#534,.T.);
#3246=EDGE_CURVE('',#2591,#2592,#2230,.T.);
#3247=EDGE_CURVE('',#2592,#2593,#535,.T.);
#3248=EDGE_CURVE('',#2590,#2593,#536,.T.);
#3249=EDGE_CURVE('',#2594,#2587,#537,.T.);
#3250=EDGE_CURVE('',#2588,#2595,#538,.T.);
#3251=EDGE_CURVE('',#2595,#2594,#2231,.T.);
#3252=EDGE_CURVE('',#2591,#2333,#539,.T.);
#3253=EDGE_CURVE('',#2328,#2592,#540,.T.);
#3254=EDGE_CURVE('',#2336,#2551,#541,.T.);
#3255=EDGE_CURVE('',#2337,#2550,#542,.T.);
#3256=EDGE_CURVE('',#2334,#2590,#543,.T.);
#3257=EDGE_CURVE('',#2593,#2335,#544,.T.);
#3258=EDGE_CURVE('',#2595,#2325,#545,.T.);
#3259=EDGE_CURVE('',#2320,#2594,#546,.T.);
#3260=EDGE_CURVE('',#2596,#2345,#547,.T.);
#3261=EDGE_CURVE('',#2596,#2597,#548,.T.);
#3262=EDGE_CURVE('',#2344,#2597,#549,.T.);
#3263=EDGE_CURVE('',#2598,#2599,#550,.T.);
#3264=EDGE_CURVE('',#2599,#2600,#551,.T.);
#3265=EDGE_CURVE('',#2600,#2601,#552,.T.);
#3266=EDGE_CURVE('',#2601,#2598,#553,.T.);
#3267=EDGE_CURVE('',#2602,#2603,#554,.T.);
#3268=EDGE_CURVE('',#2603,#2604,#555,.T.);
#3269=EDGE_CURVE('',#2604,#2605,#556,.T.);
#3270=EDGE_CURVE('',#2605,#2602,#557,.T.);
#3271=EDGE_CURVE('',#2597,#2280,#558,.T.);
#3272=EDGE_CURVE('',#2606,#2607,#2232,.T.);
#3273=EDGE_CURVE('',#2608,#2606,#559,.T.);
#3274=EDGE_CURVE('',#2609,#2608,#2233,.T.);
#3275=EDGE_CURVE('',#2607,#2609,#560,.T.);
#3276=EDGE_CURVE('',#2610,#2611,#2234,.T.);
#3277=EDGE_CURVE('',#2612,#2610,#561,.T.);
#3278=EDGE_CURVE('',#2613,#2612,#2235,.T.);
#3279=EDGE_CURVE('',#2613,#2611,#562,.T.);
#3280=EDGE_CURVE('',#2614,#2615,#2236,.T.);
#3281=EDGE_CURVE('',#2616,#2614,#563,.T.);
#3282=EDGE_CURVE('',#2617,#2616,#2237,.T.);
#3283=EDGE_CURVE('',#2615,#2617,#564,.T.);
#3284=EDGE_CURVE('',#2618,#2619,#2238,.T.);
#3285=EDGE_CURVE('',#2620,#2618,#565,.T.);
#3286=EDGE_CURVE('',#2621,#2620,#2239,.T.);
#3287=EDGE_CURVE('',#2619,#2621,#566,.T.);
#3288=EDGE_CURVE('',#2608,#2603,#567,.T.);
#3289=EDGE_CURVE('',#2602,#2622,#568,.T.);
#3290=EDGE_CURVE('',#2622,#2623,#2240,.T.);
#3291=EDGE_CURVE('',#2623,#2599,#569,.T.);
#3292=EDGE_CURVE('',#2598,#2613,#570,.T.);
#3293=EDGE_CURVE('',#2612,#2621,#2241,.T.);
#3294=EDGE_CURVE('',#2620,#2617,#2242,.T.);
#3295=EDGE_CURVE('',#2616,#2609,#2243,.T.);
#3296=EDGE_CURVE('',#2615,#2618,#2244,.T.);
#3297=EDGE_CURVE('',#2619,#2610,#2245,.T.);
#3298=EDGE_CURVE('',#2607,#2614,#2246,.T.);
#3299=EDGE_CURVE('',#2611,#2601,#571,.T.);
#3300=EDGE_CURVE('',#2604,#2606,#572,.T.);
#3301=EDGE_CURVE('',#2624,#2605,#573,.T.);
#3302=EDGE_CURVE('',#2622,#2624,#574,.T.);
#3303=EDGE_CURVE('',#2625,#2624,#2247,.T.);
#3304=EDGE_CURVE('',#2623,#2625,#575,.T.);
#3305=EDGE_CURVE('',#2600,#2625,#576,.T.);
#3306=EDGE_CURVE('',#2589,#2626,#577,.T.);
#3307=EDGE_CURVE('',#2626,#2626,#2248,.T.);
#3308=EDGE_CURVE('',#2282,#2596,#578,.T.);
#3309=EDGE_CURVE('',#2627,#2627,#2249,.T.);
#3310=EDGE_CURVE('',#2627,#2628,#579,.T.);
#3311=EDGE_CURVE('',#2628,#2628,#2250,.T.);
#3312=EDGE_CURVE('',#2629,#2630,#580,.T.);
#3313=EDGE_CURVE('',#2629,#2631,#581,.T.);
#3314=EDGE_CURVE('',#2632,#2631,#582,.T.);
#3315=EDGE_CURVE('',#2630,#2632,#583,.T.);
#3316=EDGE_CURVE('',#2630,#2633,#584,.T.);
#3317=EDGE_CURVE('',#2634,#2632,#585,.T.);
#3318=EDGE_CURVE('',#2633,#2634,#586,.T.);
#3319=EDGE_CURVE('',#2633,#2635,#587,.T.);
#3320=EDGE_CURVE('',#2636,#2634,#588,.T.);
#3321=EDGE_CURVE('',#2635,#2636,#589,.T.);
#3322=EDGE_CURVE('',#2635,#2637,#590,.T.);
#3323=EDGE_CURVE('',#2638,#2636,#591,.T.);
#3324=EDGE_CURVE('',#2637,#2638,#592,.T.);
#3325=EDGE_CURVE('',#2637,#2639,#593,.T.);
#3326=EDGE_CURVE('',#2640,#2638,#594,.T.);
#3327=EDGE_CURVE('',#2639,#2640,#595,.T.);
#3328=EDGE_CURVE('',#2639,#2641,#596,.T.);
#3329=EDGE_CURVE('',#2642,#2640,#597,.T.);
#3330=EDGE_CURVE('',#2641,#2642,#598,.T.);
#3331=EDGE_CURVE('',#2641,#2629,#599,.T.);
#3332=EDGE_CURVE('',#2631,#2642,#600,.T.);
#3333=EDGE_CURVE('',#2639,#2640,#601,.T.);
#3334=EDGE_CURVE('',#2639,#2643,#602,.T.);
#3335=EDGE_CURVE('',#2644,#2643,#603,.T.);
#3336=EDGE_CURVE('',#2640,#2644,#604,.T.);
#3337=EDGE_CURVE('',#2645,#2639,#605,.T.);
#3338=EDGE_CURVE('',#2646,#2645,#2251,.T.);
#3339=EDGE_CURVE('',#2641,#2646,#606,.T.);
#3340=EDGE_CURVE('',#2643,#2641,#607,.T.);
#3341=EDGE_CURVE('',#2641,#2642,#608,.T.);
#3342=EDGE_CURVE('',#2647,#2646,#609,.T.);
#3343=EDGE_CURVE('',#2642,#2647,#610,.T.);
#3344=EDGE_CURVE('',#2648,#2649,#611,.T.);
#3345=EDGE_CURVE('',#2648,#2650,#612,.T.);
#3346=EDGE_CURVE('',#2650,#2651,#613,.T.);
#3347=EDGE_CURVE('',#2649,#2651,#614,.T.);
#3348=EDGE_CURVE('',#2649,#2648,#2252,.T.);
#3349=EDGE_CURVE('',#2651,#2650,#2253,.T.);
#3350=EDGE_CURVE('',#2652,#2653,#615,.T.);
#3351=EDGE_CURVE('',#2652,#2654,#616,.T.);
#3352=EDGE_CURVE('',#2654,#2655,#617,.T.);
#3353=EDGE_CURVE('',#2653,#2655,#618,.T.);
#3354=EDGE_CURVE('',#2656,#2652,#2254,.T.);
#3355=EDGE_CURVE('',#2656,#2657,#619,.T.);
#3356=EDGE_CURVE('',#2657,#2654,#2255,.T.);
#3357=EDGE_CURVE('',#2658,#2656,#620,.T.);
#3358=EDGE_CURVE('',#2658,#2659,#621,.T.);
#3359=EDGE_CURVE('',#2659,#2657,#622,.T.);
#3360=EDGE_CURVE('',#2653,#2658,#623,.T.);
#3361=EDGE_CURVE('',#2655,#2659,#624,.T.);
#3362=EDGE_CURVE('',#2644,#2642,#625,.T.);
#3363=EDGE_CURVE('',#2644,#2643,#626,.T.);
#3364=EDGE_CURVE('',#2660,#2640,#627,.T.);
#3365=EDGE_CURVE('',#2660,#2645,#628,.T.);
#3366=EDGE_CURVE('',#2647,#2660,#2256,.T.);
#3367=EDGE_CURVE('',#2644,#2661,#629,.T.);
#3368=EDGE_CURVE('',#2644,#2643,#630,.T.);
#3369=EDGE_CURVE('',#2643,#2662,#631,.T.);
#3370=EDGE_CURVE('',#2661,#2662,#632,.T.);
#3371=EDGE_CURVE('',#2663,#2644,#633,.T.);
#3372=EDGE_CURVE('',#2663,#2664,#634,.T.);
#3373=EDGE_CURVE('',#2664,#2643,#635,.T.);
#3374=EDGE_CURVE('',#2661,#2663,#2257,.T.);
#3375=EDGE_CURVE('',#2662,#2664,#2258,.T.);
#3376=EDGE_CURVE('',#2665,#2644,#636,.T.);
#3377=EDGE_CURVE('',#2665,#2666,#637,.T.);
#3378=EDGE_CURVE('',#2666,#2643,#638,.T.);
#3379=EDGE_CURVE('',#2667,#2665,#2259,.T.);
#3380=EDGE_CURVE('',#2667,#2668,#639,.T.);
#3381=EDGE_CURVE('',#2668,#2666,#2260,.T.);
#3382=EDGE_CURVE('',#2644,#2667,#640,.T.);
#3383=EDGE_CURVE('',#2643,#2668,#641,.T.);
#3384=EDGE_CURVE('',#2669,#2670,#642,.T.);
#3385=EDGE_CURVE('',#2670,#2671,#643,.T.);
#3386=EDGE_CURVE('',#2671,#2672,#644,.T.);
#3387=EDGE_CURVE('',#2672,#2669,#645,.T.);
#3388=EDGE_CURVE('',#2670,#2673,#646,.T.);
#3389=EDGE_CURVE('',#2674,#2673,#647,.T.);
#3390=EDGE_CURVE('',#2671,#2674,#648,.T.);
#3391=EDGE_CURVE('',#2675,#2674,#649,.T.);
#3392=EDGE_CURVE('',#2672,#2675,#650,.T.);
#3393=EDGE_CURVE('',#2676,#2675,#651,.T.);
#3394=EDGE_CURVE('',#2669,#2676,#652,.T.);
#3395=EDGE_CURVE('',#2673,#2676,#653,.T.);
#3396=EDGE_CURVE('',#2677,#2678,#654,.T.);
#3397=EDGE_CURVE('',#2677,#2679,#655,.T.);
#3398=EDGE_CURVE('',#2680,#2679,#656,.T.);
#3399=EDGE_CURVE('',#2678,#2680,#657,.T.);
#3400=EDGE_CURVE('',#2678,#2681,#658,.T.);
#3401=EDGE_CURVE('',#2682,#2680,#659,.T.);
#3402=EDGE_CURVE('',#2681,#2682,#660,.T.);
#3403=EDGE_CURVE('',#2681,#2683,#661,.T.);
#3404=EDGE_CURVE('',#2684,#2682,#662,.T.);
#3405=EDGE_CURVE('',#2683,#2684,#663,.T.);
#3406=EDGE_CURVE('',#2683,#2677,#664,.T.);
#3407=EDGE_CURVE('',#2679,#2684,#665,.T.);
#3408=EDGE_CURVE('',#2685,#2686,#666,.T.);
#3409=EDGE_CURVE('',#2685,#2687,#667,.T.);
#3410=EDGE_CURVE('',#2688,#2687,#668,.T.);
#3411=EDGE_CURVE('',#2686,#2688,#669,.T.);
#3412=EDGE_CURVE('',#2686,#2689,#670,.T.);
#3413=EDGE_CURVE('',#2690,#2688,#671,.T.);
#3414=EDGE_CURVE('',#2689,#2690,#672,.T.);
#3415=EDGE_CURVE('',#2689,#2691,#673,.T.);
#3416=EDGE_CURVE('',#2692,#2690,#674,.T.);
#3417=EDGE_CURVE('',#2691,#2692,#675,.T.);
#3418=EDGE_CURVE('',#2691,#2685,#676,.T.);
#3419=EDGE_CURVE('',#2687,#2692,#677,.T.);
#3420=EDGE_CURVE('',#2693,#2694,#678,.T.);
#3421=EDGE_CURVE('',#2694,#2695,#679,.T.);
#3422=EDGE_CURVE('',#2695,#2696,#680,.T.);
#3423=EDGE_CURVE('',#2696,#2693,#681,.T.);
#3424=EDGE_CURVE('',#2697,#2698,#682,.T.);
#3425=EDGE_CURVE('',#2698,#2693,#683,.T.);
#3426=EDGE_CURVE('',#2697,#2696,#684,.T.);
#3427=EDGE_CURVE('',#2699,#2697,#685,.T.);
#3428=EDGE_CURVE('',#2699,#2695,#686,.T.);
#3429=EDGE_CURVE('',#2700,#2699,#687,.T.);
#3430=EDGE_CURVE('',#2700,#2694,#688,.T.);
#3431=EDGE_CURVE('',#2698,#2700,#689,.T.);
#3432=EDGE_CURVE('',#2701,#2701,#67,.T.);
#3433=EDGE_CURVE('',#2701,#2702,#690,.T.);
#3434=EDGE_CURVE('',#2702,#2702,#68,.T.);
#3435=EDGE_CURVE('',#2702,#2703,#691,.T.);
#3436=EDGE_CURVE('',#2703,#2703,#69,.T.);
#3437=EDGE_CURVE('',#2703,#2704,#692,.T.);
#3438=EDGE_CURVE('',#2704,#2704,#70,.T.);
#3439=EDGE_CURVE('',#2704,#2701,#693,.T.);
#3440=EDGE_CURVE('',#2705,#2706,#71,.T.);
#3441=EDGE_CURVE('',#2707,#2705,#72,.T.);
#3442=EDGE_CURVE('',#2707,#2708,#694,.T.);
#3443=EDGE_CURVE('',#2708,#2709,#73,.T.);
#3444=EDGE_CURVE('',#2709,#2710,#74,.T.);
#3445=EDGE_CURVE('',#2710,#2708,#75,.T.);
#3446=EDGE_CURVE('',#2706,#2707,#76,.T.);
#3447=EDGE_CURVE('',#2708,#2711,#695,.T.);
#3448=EDGE_CURVE('',#2711,#2712,#77,.T.);
#3449=EDGE_CURVE('',#2712,#2713,#78,.T.);
#3450=EDGE_CURVE('',#2713,#2711,#79,.T.);
#3451=EDGE_CURVE('',#2711,#2714,#696,.T.);
#3452=EDGE_CURVE('',#2714,#2715,#80,.T.);
#3453=EDGE_CURVE('',#2715,#2716,#81,.T.);
#3454=EDGE_CURVE('',#2716,#2714,#82,.T.);
#3455=EDGE_CURVE('',#2716,#2706,#697,.T.);
#3456=EDGE_CURVE('',#2717,#2718,#698,.T.);
#3457=EDGE_CURVE('',#2718,#2719,#699,.T.);
#3458=EDGE_CURVE('',#2719,#2720,#700,.T.);
#3459=EDGE_CURVE('',#2720,#2717,#701,.T.);
#3460=EDGE_CURVE('',#2721,#2722,#702,.T.);
#3461=EDGE_CURVE('',#2723,#2722,#703,.T.);
#3462=EDGE_CURVE('',#2723,#2724,#704,.T.);
#3463=EDGE_CURVE('',#2724,#2721,#705,.T.);
#3464=EDGE_CURVE('',#2722,#2725,#706,.T.);
#3465=EDGE_CURVE('',#2726,#2725,#707,.T.);
#3466=EDGE_CURVE('',#2726,#2723,#708,.T.);
#3467=EDGE_CURVE('',#2725,#2727,#709,.T.);
#3468=EDGE_CURVE('',#2728,#2727,#710,.T.);
#3469=EDGE_CURVE('',#2728,#2726,#711,.T.);
#3470=EDGE_CURVE('',#2727,#2721,#712,.T.);
#3471=EDGE_CURVE('',#2724,#2728,#713,.T.);
#3472=EDGE_CURVE('',#2729,#2730,#714,.T.);
#3473=EDGE_CURVE('',#2730,#2718,#715,.T.);
#3474=EDGE_CURVE('',#2729,#2717,#716,.T.);
#3475=EDGE_CURVE('',#2731,#2729,#717,.T.);
#3476=EDGE_CURVE('',#2731,#2720,#718,.T.);
#3477=EDGE_CURVE('',#2732,#2731,#719,.T.);
#3478=EDGE_CURVE('',#2732,#2719,#720,.T.);
#3479=EDGE_CURVE('',#2730,#2732,#721,.T.);
#3480=EDGE_CURVE('',#2733,#2734,#722,.T.);
#3481=EDGE_CURVE('',#2734,#2728,#723,.T.);
#3482=EDGE_CURVE('',#2733,#2724,#724,.T.);
#3483=EDGE_CURVE('',#2735,#2733,#725,.T.);
#3484=EDGE_CURVE('',#2735,#2723,#726,.T.);
#3485=EDGE_CURVE('',#2736,#2735,#727,.T.);
#3486=EDGE_CURVE('',#2736,#2726,#728,.T.);
#3487=EDGE_CURVE('',#2734,#2736,#729,.T.);
#3488=EDGE_CURVE('',#2737,#2737,#2261,.T.);
#3489=EDGE_CURVE('',#2737,#2737,#2262,.T.);
#3490=EDGE_CURVE('',#2738,#2739,#2263,.T.);
#3491=EDGE_CURVE('',#2739,#2740,#730,.T.);
#3492=EDGE_CURVE('',#2740,#2741,#2264,.T.);
#3493=EDGE_CURVE('',#2741,#2738,#731,.T.);
#3494=EDGE_CURVE('',#2742,#2740,#732,.T.);
#3495=EDGE_CURVE('',#2743,#2742,#2265,.T.);
#3496=EDGE_CURVE('',#2744,#2743,#733,.T.);
#3497=EDGE_CURVE('',#2745,#2744,#734,.T.);
#3498=EDGE_CURVE('',#2745,#2741,#735,.T.);
#3499=EDGE_CURVE('',#2739,#2746,#736,.T.);
#3500=EDGE_CURVE('',#2742,#2746,#737,.T.);
#3501=EDGE_CURVE('',#2746,#2747,#2266,.T.);
#3502=EDGE_CURVE('',#2747,#2743,#738,.T.);
#3503=EDGE_CURVE('',#2748,#2738,#739,.T.);
#3504=EDGE_CURVE('',#2749,#2748,#740,.T.);
#3505=EDGE_CURVE('',#2749,#2747,#741,.T.);
#3506=EDGE_CURVE('',#2748,#2745,#742,.T.);
#3507=EDGE_CURVE('',#2744,#2749,#743,.T.);
#3508=EDGE_CURVE('',#2750,#2750,#2267,.T.);
#3509=EDGE_CURVE('',#2750,#2751,#744,.T.);
#3510=EDGE_CURVE('',#2751,#2751,#2268,.T.);
#3511=EDGE_CURVE('',#2752,#2752,#2269,.T.);
#3512=EDGE_CURVE('',#2752,#2753,#745,.T.);
#3513=EDGE_CURVE('',#2753,#2753,#2270,.T.);
#3514=EDGE_CURVE('',#2754,#2754,#2271,.T.);
#3515=EDGE_CURVE('',#2755,#2755,#2272,.T.);
#3516=EDGE_CURVE('',#2756,#2756,#2273,.T.);
#3517=EDGE_CURVE('',#2756,#2754,#746,.T.);
#3518=EDGE_CURVE('',#2755,#2757,#747,.T.);
#3519=EDGE_CURVE('',#2757,#2757,#2274,.T.);
#3520=ORIENTED_EDGE('',*,*,#2758,.F.);
#3521=ORIENTED_EDGE('',*,*,#2759,.F.);
#3522=ORIENTED_EDGE('',*,*,#2758,.T.);
#3523=ORIENTED_EDGE('',*,*,#2760,.T.);
#3524=ORIENTED_EDGE('',*,*,#2761,.T.);
#3525=ORIENTED_EDGE('',*,*,#2760,.F.);
#3526=ORIENTED_EDGE('',*,*,#2762,.F.);
#3527=ORIENTED_EDGE('',*,*,#2763,.T.);
#3528=ORIENTED_EDGE('',*,*,#2764,.T.);
#3529=ORIENTED_EDGE('',*,*,#2763,.F.);
#3530=ORIENTED_EDGE('',*,*,#2764,.F.);
#3531=ORIENTED_EDGE('',*,*,#2761,.F.);
#3532=ORIENTED_EDGE('',*,*,#2765,.F.);
#3533=ORIENTED_EDGE('',*,*,#2766,.F.);
#3534=ORIENTED_EDGE('',*,*,#2767,.F.);
#3535=ORIENTED_EDGE('',*,*,#2768,.F.);
#3536=ORIENTED_EDGE('',*,*,#2762,.T.);
#3537=ORIENTED_EDGE('',*,*,#2769,.F.);
#3538=ORIENTED_EDGE('',*,*,#2770,.T.);
#3539=ORIENTED_EDGE('',*,*,#2759,.T.);
#3540=ORIENTED_EDGE('',*,*,#2770,.F.);
#3541=ORIENTED_EDGE('',*,*,#2771,.F.);
#3542=ORIENTED_EDGE('',*,*,#2772,.T.);
#3543=ORIENTED_EDGE('',*,*,#2773,.F.);
#3544=ORIENTED_EDGE('',*,*,#2774,.F.);
#3545=ORIENTED_EDGE('',*,*,#2775,.F.);
#3546=ORIENTED_EDGE('',*,*,#2774,.T.);
#3547=ORIENTED_EDGE('',*,*,#2776,.F.);
#3548=ORIENTED_EDGE('',*,*,#2777,.F.);
#3549=ORIENTED_EDGE('',*,*,#2778,.F.);
#3550=ORIENTED_EDGE('',*,*,#2777,.T.);
#3551=ORIENTED_EDGE('',*,*,#2779,.F.);
#3552=ORIENTED_EDGE('',*,*,#2780,.F.);
#3553=ORIENTED_EDGE('',*,*,#2781,.F.);
#3554=ORIENTED_EDGE('',*,*,#2780,.T.);
#3555=ORIENTED_EDGE('',*,*,#2782,.F.);
#3556=ORIENTED_EDGE('',*,*,#2772,.F.);
#3557=ORIENTED_EDGE('',*,*,#2782,.T.);
#3558=ORIENTED_EDGE('',*,*,#2779,.T.);
#3559=ORIENTED_EDGE('',*,*,#2776,.T.);
#3560=ORIENTED_EDGE('',*,*,#2773,.T.);
#3561=ORIENTED_EDGE('',*,*,#2783,.F.);
#3562=ORIENTED_EDGE('',*,*,#2784,.T.);
#3563=ORIENTED_EDGE('',*,*,#2785,.T.);
#3564=ORIENTED_EDGE('',*,*,#2786,.F.);
#3565=ORIENTED_EDGE('',*,*,#2787,.F.);
#3566=ORIENTED_EDGE('',*,*,#2788,.T.);
#3567=ORIENTED_EDGE('',*,*,#2789,.T.);
#3568=ORIENTED_EDGE('',*,*,#2784,.F.);
#3569=ORIENTED_EDGE('',*,*,#2790,.F.);
#3570=ORIENTED_EDGE('',*,*,#2791,.T.);
#3571=ORIENTED_EDGE('',*,*,#2792,.T.);
#3572=ORIENTED_EDGE('',*,*,#2788,.F.);
#3573=ORIENTED_EDGE('',*,*,#2793,.F.);
#3574=ORIENTED_EDGE('',*,*,#2786,.T.);
#3575=ORIENTED_EDGE('',*,*,#2794,.T.);
#3576=ORIENTED_EDGE('',*,*,#2791,.F.);
#3577=ORIENTED_EDGE('',*,*,#2794,.F.);
#3578=ORIENTED_EDGE('',*,*,#2785,.F.);
#3579=ORIENTED_EDGE('',*,*,#2789,.F.);
#3580=ORIENTED_EDGE('',*,*,#2792,.F.);
#3581=ORIENTED_EDGE('',*,*,#2771,.T.);
#3582=ORIENTED_EDGE('',*,*,#2775,.T.);
#3583=ORIENTED_EDGE('',*,*,#2778,.T.);
#3584=ORIENTED_EDGE('',*,*,#2781,.T.);
#3585=ORIENTED_EDGE('',*,*,#2795,.F.);
#3586=ORIENTED_EDGE('',*,*,#2796,.T.);
#3587=ORIENTED_EDGE('',*,*,#2797,.F.);
#3588=ORIENTED_EDGE('',*,*,#2798,.F.);
#3589=ORIENTED_EDGE('',*,*,#2783,.T.);
#3590=ORIENTED_EDGE('',*,*,#2793,.T.);
#3591=ORIENTED_EDGE('',*,*,#2790,.T.);
#3592=ORIENTED_EDGE('',*,*,#2787,.T.);
#3593=ORIENTED_EDGE('',*,*,#2799,.F.);
#3594=ORIENTED_EDGE('',*,*,#2798,.T.);
#3595=ORIENTED_EDGE('',*,*,#2800,.F.);
#3596=ORIENTED_EDGE('',*,*,#2801,.F.);
#3597=ORIENTED_EDGE('',*,*,#2802,.F.);
#3598=ORIENTED_EDGE('',*,*,#2801,.T.);
#3599=ORIENTED_EDGE('',*,*,#2803,.F.);
#3600=ORIENTED_EDGE('',*,*,#2804,.F.);
#3601=ORIENTED_EDGE('',*,*,#2805,.F.);
#3602=ORIENTED_EDGE('',*,*,#2804,.T.);
#3603=ORIENTED_EDGE('',*,*,#2806,.F.);
#3604=ORIENTED_EDGE('',*,*,#2796,.F.);
#3605=ORIENTED_EDGE('',*,*,#2806,.T.);
#3606=ORIENTED_EDGE('',*,*,#2803,.T.);
#3607=ORIENTED_EDGE('',*,*,#2800,.T.);
#3608=ORIENTED_EDGE('',*,*,#2797,.T.);
#3609=ORIENTED_EDGE('',*,*,#2807,.F.);
#3610=ORIENTED_EDGE('',*,*,#2808,.T.);
#3611=ORIENTED_EDGE('',*,*,#2809,.F.);
#3612=ORIENTED_EDGE('',*,*,#2810,.F.);
#3613=ORIENTED_EDGE('',*,*,#2811,.F.);
#3614=ORIENTED_EDGE('',*,*,#2810,.T.);
#3615=ORIENTED_EDGE('',*,*,#2812,.F.);
#3616=ORIENTED_EDGE('',*,*,#2813,.F.);
#3617=ORIENTED_EDGE('',*,*,#2814,.F.);
#3618=ORIENTED_EDGE('',*,*,#2813,.T.);
#3619=ORIENTED_EDGE('',*,*,#2815,.F.);
#3620=ORIENTED_EDGE('',*,*,#2816,.F.);
#3621=ORIENTED_EDGE('',*,*,#2817,.F.);
#3622=ORIENTED_EDGE('',*,*,#2816,.T.);
#3623=ORIENTED_EDGE('',*,*,#2818,.F.);
#3624=ORIENTED_EDGE('',*,*,#2808,.F.);
#3625=ORIENTED_EDGE('',*,*,#2818,.T.);
#3626=ORIENTED_EDGE('',*,*,#2815,.T.);
#3627=ORIENTED_EDGE('',*,*,#2812,.T.);
#3628=ORIENTED_EDGE('',*,*,#2809,.T.);
#3629=ORIENTED_EDGE('',*,*,#2819,.F.);
#3630=ORIENTED_EDGE('',*,*,#2820,.T.);
#3631=ORIENTED_EDGE('',*,*,#2821,.F.);
#3632=ORIENTED_EDGE('',*,*,#2822,.F.);
#3633=ORIENTED_EDGE('',*,*,#2823,.T.);
#3634=ORIENTED_EDGE('',*,*,#2824,.T.);
#3635=ORIENTED_EDGE('',*,*,#2825,.F.);
#3636=ORIENTED_EDGE('',*,*,#2826,.F.);
#3637=ORIENTED_EDGE('',*,*,#2827,.T.);
#3638=ORIENTED_EDGE('',*,*,#2828,.T.);
#3639=ORIENTED_EDGE('',*,*,#2829,.F.);
#3640=ORIENTED_EDGE('',*,*,#2830,.F.);
#3641=ORIENTED_EDGE('',*,*,#2831,.T.);
#3642=ORIENTED_EDGE('',*,*,#2832,.T.);
#3643=ORIENTED_EDGE('',*,*,#2833,.F.);
#3644=ORIENTED_EDGE('',*,*,#2834,.F.);
#3645=ORIENTED_EDGE('',*,*,#2835,.T.);
#3646=ORIENTED_EDGE('',*,*,#2836,.T.);
#3647=ORIENTED_EDGE('',*,*,#2837,.T.);
#3648=ORIENTED_EDGE('',*,*,#2838,.T.);
#3649=ORIENTED_EDGE('',*,*,#2828,.F.);
#3650=ORIENTED_EDGE('',*,*,#2839,.T.);
#3651=ORIENTED_EDGE('',*,*,#2840,.T.);
#3652=ORIENTED_EDGE('',*,*,#2841,.T.);
#3653=ORIENTED_EDGE('',*,*,#2842,.T.);
#3654=ORIENTED_EDGE('',*,*,#2843,.T.);
#3655=ORIENTED_EDGE('',*,*,#2824,.F.);
#3656=ORIENTED_EDGE('',*,*,#2844,.T.);
#3657=ORIENTED_EDGE('',*,*,#2845,.T.);
#3658=ORIENTED_EDGE('',*,*,#2846,.T.);
#3659=ORIENTED_EDGE('',*,*,#2820,.F.);
#3660=ORIENTED_EDGE('',*,*,#2847,.T.);
#3661=ORIENTED_EDGE('',*,*,#2848,.T.);
#3662=ORIENTED_EDGE('',*,*,#2849,.T.);
#3663=ORIENTED_EDGE('',*,*,#2832,.F.);
#3664=ORIENTED_EDGE('',*,*,#2850,.T.);
#3665=ORIENTED_EDGE('',*,*,#2768,.T.);
#3666=ORIENTED_EDGE('',*,*,#2851,.T.);
#3667=ORIENTED_EDGE('',*,*,#2852,.T.);
#3668=ORIENTED_EDGE('',*,*,#2853,.T.);
#3669=ORIENTED_EDGE('',*,*,#2854,.F.);
#3670=ORIENTED_EDGE('',*,*,#2855,.T.);
#3671=ORIENTED_EDGE('',*,*,#2856,.F.);
#3672=ORIENTED_EDGE('',*,*,#2857,.F.);
#3673=ORIENTED_EDGE('',*,*,#2858,.F.);
#3674=ORIENTED_EDGE('',*,*,#2857,.T.);
#3675=ORIENTED_EDGE('',*,*,#2859,.F.);
#3676=ORIENTED_EDGE('',*,*,#2860,.F.);
#3677=ORIENTED_EDGE('',*,*,#2861,.F.);
#3678=ORIENTED_EDGE('',*,*,#2860,.T.);
#3679=ORIENTED_EDGE('',*,*,#2862,.F.);
#3680=ORIENTED_EDGE('',*,*,#2863,.F.);
#3681=ORIENTED_EDGE('',*,*,#2864,.F.);
#3682=ORIENTED_EDGE('',*,*,#2863,.T.);
#3683=ORIENTED_EDGE('',*,*,#2865,.F.);
#3684=ORIENTED_EDGE('',*,*,#2855,.F.);
#3685=ORIENTED_EDGE('',*,*,#2866,.F.);
#3686=ORIENTED_EDGE('',*,*,#2867,.T.);
#3687=ORIENTED_EDGE('',*,*,#2868,.F.);
#3688=ORIENTED_EDGE('',*,*,#2869,.F.);
#3689=ORIENTED_EDGE('',*,*,#2870,.F.);
#3690=ORIENTED_EDGE('',*,*,#2869,.T.);
#3691=ORIENTED_EDGE('',*,*,#2871,.F.);
#3692=ORIENTED_EDGE('',*,*,#2872,.F.);
#3693=ORIENTED_EDGE('',*,*,#2873,.F.);
#3694=ORIENTED_EDGE('',*,*,#2872,.T.);
#3695=ORIENTED_EDGE('',*,*,#2874,.F.);
#3696=ORIENTED_EDGE('',*,*,#2875,.F.);
#3697=ORIENTED_EDGE('',*,*,#2876,.F.);
#3698=ORIENTED_EDGE('',*,*,#2875,.T.);
#3699=ORIENTED_EDGE('',*,*,#2877,.F.);
#3700=ORIENTED_EDGE('',*,*,#2867,.F.);
#3701=ORIENTED_EDGE('',*,*,#2877,.T.);
#3702=ORIENTED_EDGE('',*,*,#2874,.T.);
#3703=ORIENTED_EDGE('',*,*,#2871,.T.);
#3704=ORIENTED_EDGE('',*,*,#2868,.T.);
#3705=ORIENTED_EDGE('',*,*,#2865,.T.);
#3706=ORIENTED_EDGE('',*,*,#2862,.T.);
#3707=ORIENTED_EDGE('',*,*,#2859,.T.);
#3708=ORIENTED_EDGE('',*,*,#2856,.T.);
#3709=ORIENTED_EDGE('',*,*,#2878,.F.);
#3710=ORIENTED_EDGE('',*,*,#2879,.T.);
#3711=ORIENTED_EDGE('',*,*,#2880,.T.);
#3712=ORIENTED_EDGE('',*,*,#2881,.T.);
#3713=ORIENTED_EDGE('',*,*,#2866,.T.);
#3714=ORIENTED_EDGE('',*,*,#2870,.T.);
#3715=ORIENTED_EDGE('',*,*,#2873,.T.);
#3716=ORIENTED_EDGE('',*,*,#2876,.T.);
#3717=ORIENTED_EDGE('',*,*,#2882,.F.);
#3718=ORIENTED_EDGE('',*,*,#2883,.F.);
#3719=ORIENTED_EDGE('',*,*,#2884,.T.);
#3720=ORIENTED_EDGE('',*,*,#2885,.F.);
#3721=ORIENTED_EDGE('',*,*,#2886,.F.);
#3722=ORIENTED_EDGE('',*,*,#2887,.F.);
#3723=ORIENTED_EDGE('',*,*,#2888,.T.);
#3724=ORIENTED_EDGE('',*,*,#2889,.F.);
#3725=ORIENTED_EDGE('',*,*,#2884,.F.);
#3726=ORIENTED_EDGE('',*,*,#2890,.F.);
#3727=ORIENTED_EDGE('',*,*,#2891,.T.);
#3728=ORIENTED_EDGE('',*,*,#2892,.F.);
#3729=ORIENTED_EDGE('',*,*,#2893,.F.);
#3730=ORIENTED_EDGE('',*,*,#2894,.F.);
#3731=ORIENTED_EDGE('',*,*,#2895,.T.);
#3732=ORIENTED_EDGE('',*,*,#2896,.F.);
#3733=ORIENTED_EDGE('',*,*,#2891,.F.);
#3734=ORIENTED_EDGE('',*,*,#2897,.F.);
#3735=ORIENTED_EDGE('',*,*,#2886,.T.);
#3736=ORIENTED_EDGE('',*,*,#2898,.F.);
#3737=ORIENTED_EDGE('',*,*,#2899,.F.);
#3738=ORIENTED_EDGE('',*,*,#2900,.F.);
#3739=ORIENTED_EDGE('',*,*,#2899,.T.);
#3740=ORIENTED_EDGE('',*,*,#2901,.F.);
#3741=ORIENTED_EDGE('',*,*,#2888,.F.);
#3742=ORIENTED_EDGE('',*,*,#2902,.F.);
#3743=ORIENTED_EDGE('',*,*,#2893,.T.);
#3744=ORIENTED_EDGE('',*,*,#2903,.F.);
#3745=ORIENTED_EDGE('',*,*,#2904,.F.);
#3746=ORIENTED_EDGE('',*,*,#2905,.F.);
#3747=ORIENTED_EDGE('',*,*,#2904,.T.);
#3748=ORIENTED_EDGE('',*,*,#2906,.F.);
#3749=ORIENTED_EDGE('',*,*,#2895,.F.);
#3750=ORIENTED_EDGE('',*,*,#2906,.T.);
#3751=ORIENTED_EDGE('',*,*,#2903,.T.);
#3752=ORIENTED_EDGE('',*,*,#2892,.T.);
#3753=ORIENTED_EDGE('',*,*,#2896,.T.);
#3754=ORIENTED_EDGE('',*,*,#2901,.T.);
#3755=ORIENTED_EDGE('',*,*,#2898,.T.);
#3756=ORIENTED_EDGE('',*,*,#2885,.T.);
#3757=ORIENTED_EDGE('',*,*,#2889,.T.);
#3758=ORIENTED_EDGE('',*,*,#2907,.F.);
#3759=ORIENTED_EDGE('',*,*,#2908,.T.);
#3760=ORIENTED_EDGE('',*,*,#2909,.F.);
#3761=ORIENTED_EDGE('',*,*,#2910,.F.);
#3762=ORIENTED_EDGE('',*,*,#2911,.F.);
#3763=ORIENTED_EDGE('',*,*,#2912,.T.);
#3764=ORIENTED_EDGE('',*,*,#2913,.F.);
#3765=ORIENTED_EDGE('',*,*,#2908,.F.);
#3766=ORIENTED_EDGE('',*,*,#2914,.F.);
#3767=ORIENTED_EDGE('',*,*,#2915,.T.);
#3768=ORIENTED_EDGE('',*,*,#2916,.F.);
#3769=ORIENTED_EDGE('',*,*,#2917,.F.);
#3770=ORIENTED_EDGE('',*,*,#2918,.F.);
#3771=ORIENTED_EDGE('',*,*,#2919,.T.);
#3772=ORIENTED_EDGE('',*,*,#2920,.F.);
#3773=ORIENTED_EDGE('',*,*,#2915,.F.);
#3774=ORIENTED_EDGE('',*,*,#2921,.F.);
#3775=ORIENTED_EDGE('',*,*,#2910,.T.);
#3776=ORIENTED_EDGE('',*,*,#2922,.F.);
#3777=ORIENTED_EDGE('',*,*,#2923,.F.);
#3778=ORIENTED_EDGE('',*,*,#2924,.F.);
#3779=ORIENTED_EDGE('',*,*,#2923,.T.);
#3780=ORIENTED_EDGE('',*,*,#2925,.F.);
#3781=ORIENTED_EDGE('',*,*,#2912,.F.);
#3782=ORIENTED_EDGE('',*,*,#2926,.F.);
#3783=ORIENTED_EDGE('',*,*,#2917,.T.);
#3784=ORIENTED_EDGE('',*,*,#2927,.F.);
#3785=ORIENTED_EDGE('',*,*,#2928,.F.);
#3786=ORIENTED_EDGE('',*,*,#2929,.F.);
#3787=ORIENTED_EDGE('',*,*,#2928,.T.);
#3788=ORIENTED_EDGE('',*,*,#2930,.F.);
#3789=ORIENTED_EDGE('',*,*,#2919,.F.);
#3790=ORIENTED_EDGE('',*,*,#2930,.T.);
#3791=ORIENTED_EDGE('',*,*,#2927,.T.);
#3792=ORIENTED_EDGE('',*,*,#2916,.T.);
#3793=ORIENTED_EDGE('',*,*,#2920,.T.);
#3794=ORIENTED_EDGE('',*,*,#2925,.T.);
#3795=ORIENTED_EDGE('',*,*,#2922,.T.);
#3796=ORIENTED_EDGE('',*,*,#2909,.T.);
#3797=ORIENTED_EDGE('',*,*,#2913,.T.);
#3798=ORIENTED_EDGE('',*,*,#2931,.F.);
#3799=ORIENTED_EDGE('',*,*,#2932,.F.);
#3800=ORIENTED_EDGE('',*,*,#2933,.F.);
#3801=ORIENTED_EDGE('',*,*,#2934,.F.);
#3802=ORIENTED_EDGE('',*,*,#2894,.T.);
#3803=ORIENTED_EDGE('',*,*,#2890,.T.);
#3804=ORIENTED_EDGE('',*,*,#2902,.T.);
#3805=ORIENTED_EDGE('',*,*,#2905,.T.);
#3806=ORIENTED_EDGE('',*,*,#2935,.F.);
#3807=ORIENTED_EDGE('',*,*,#2936,.F.);
#3808=ORIENTED_EDGE('',*,*,#2937,.F.);
#3809=ORIENTED_EDGE('',*,*,#2938,.F.);
#3810=ORIENTED_EDGE('',*,*,#2918,.T.);
#3811=ORIENTED_EDGE('',*,*,#2914,.T.);
#3812=ORIENTED_EDGE('',*,*,#2926,.T.);
#3813=ORIENTED_EDGE('',*,*,#2929,.T.);
#3814=ORIENTED_EDGE('',*,*,#2939,.F.);
#3815=ORIENTED_EDGE('',*,*,#2940,.T.);
#3816=ORIENTED_EDGE('',*,*,#2941,.F.);
#3817=ORIENTED_EDGE('',*,*,#2940,.F.);
#3818=ORIENTED_EDGE('',*,*,#2942,.F.);
#3819=ORIENTED_EDGE('',*,*,#2943,.T.);
#3820=ORIENTED_EDGE('',*,*,#2944,.F.);
#3821=ORIENTED_EDGE('',*,*,#2945,.F.);
#3822=ORIENTED_EDGE('',*,*,#2946,.F.);
#3823=ORIENTED_EDGE('',*,*,#2947,.T.);
#3824=ORIENTED_EDGE('',*,*,#2948,.T.);
#3825=ORIENTED_EDGE('',*,*,#2949,.T.);
#3826=ORIENTED_EDGE('',*,*,#2941,.T.);
#3827=ORIENTED_EDGE('',*,*,#2950,.F.);
#3828=ORIENTED_EDGE('',*,*,#2881,.F.);
#3829=ORIENTED_EDGE('',*,*,#2951,.T.);
#3830=ORIENTED_EDGE('',*,*,#2947,.F.);
#3831=ORIENTED_EDGE('',*,*,#2952,.F.);
#3832=ORIENTED_EDGE('',*,*,#2953,.F.);
#3833=ORIENTED_EDGE('',*,*,#2943,.F.);
#3834=ORIENTED_EDGE('',*,*,#2954,.F.);
#3835=ORIENTED_EDGE('',*,*,#2949,.F.);
#3836=ORIENTED_EDGE('',*,*,#2955,.F.);
#3837=ORIENTED_EDGE('',*,*,#2879,.F.);
#3838=ORIENTED_EDGE('',*,*,#2854,.T.);
#3839=ORIENTED_EDGE('',*,*,#2858,.T.);
#3840=ORIENTED_EDGE('',*,*,#2861,.T.);
#3841=ORIENTED_EDGE('',*,*,#2864,.T.);
#3842=ORIENTED_EDGE('',*,*,#2939,.T.);
#3843=ORIENTED_EDGE('',*,*,#2956,.F.);
#3844=ORIENTED_EDGE('',*,*,#2945,.T.);
#3845=ORIENTED_EDGE('',*,*,#2957,.F.);
#3846=ORIENTED_EDGE('',*,*,#2880,.F.);
#3847=ORIENTED_EDGE('',*,*,#2955,.T.);
#3848=ORIENTED_EDGE('',*,*,#2948,.F.);
#3849=ORIENTED_EDGE('',*,*,#2951,.F.);
#3850=ORIENTED_EDGE('',*,*,#2958,.F.);
#3851=ORIENTED_EDGE('',*,*,#2957,.T.);
#3852=ORIENTED_EDGE('',*,*,#2944,.T.);
#3853=ORIENTED_EDGE('',*,*,#2953,.T.);
#3854=ORIENTED_EDGE('',*,*,#2878,.T.);
#3855=ORIENTED_EDGE('',*,*,#2959,.T.);
#3856=ORIENTED_EDGE('',*,*,#2960,.T.);
#3857=ORIENTED_EDGE('',*,*,#2961,.T.);
#3858=ORIENTED_EDGE('',*,*,#2962,.T.);
#3859=ORIENTED_EDGE('',*,*,#2963,.T.);
#3860=ORIENTED_EDGE('',*,*,#2964,.T.);
#3861=ORIENTED_EDGE('',*,*,#2965,.F.);
#3862=ORIENTED_EDGE('',*,*,#2966,.T.);
#3863=ORIENTED_EDGE('',*,*,#2967,.T.);
#3864=ORIENTED_EDGE('',*,*,#2968,.T.);
#3865=ORIENTED_EDGE('',*,*,#2969,.T.);
#3866=ORIENTED_EDGE('',*,*,#2950,.T.);
#3867=ORIENTED_EDGE('',*,*,#2946,.T.);
#3868=ORIENTED_EDGE('',*,*,#2954,.T.);
#3869=ORIENTED_EDGE('',*,*,#2970,.T.);
#3870=ORIENTED_EDGE('',*,*,#2971,.T.);
#3871=ORIENTED_EDGE('',*,*,#2972,.T.);
#3872=ORIENTED_EDGE('',*,*,#2973,.T.);
#3873=ORIENTED_EDGE('',*,*,#2974,.T.);
#3874=ORIENTED_EDGE('',*,*,#2975,.F.);
#3875=ORIENTED_EDGE('',*,*,#2976,.T.);
#3876=ORIENTED_EDGE('',*,*,#2882,.T.);
#3877=ORIENTED_EDGE('',*,*,#2976,.F.);
#3878=ORIENTED_EDGE('',*,*,#2977,.F.);
#3879=ORIENTED_EDGE('',*,*,#2978,.T.);
#3880=ORIENTED_EDGE('',*,*,#2979,.F.);
#3881=ORIENTED_EDGE('',*,*,#2978,.F.);
#3882=ORIENTED_EDGE('',*,*,#2887,.T.);
#3883=ORIENTED_EDGE('',*,*,#2883,.T.);
#3884=ORIENTED_EDGE('',*,*,#2897,.T.);
#3885=ORIENTED_EDGE('',*,*,#2900,.T.);
#3886=ORIENTED_EDGE('',*,*,#2975,.T.);
#3887=ORIENTED_EDGE('',*,*,#2911,.T.);
#3888=ORIENTED_EDGE('',*,*,#2907,.T.);
#3889=ORIENTED_EDGE('',*,*,#2921,.T.);
#3890=ORIENTED_EDGE('',*,*,#2924,.T.);
#3891=ORIENTED_EDGE('',*,*,#2977,.T.);
#3892=ORIENTED_EDGE('',*,*,#2933,.T.);
#3893=ORIENTED_EDGE('',*,*,#2980,.F.);
#3894=ORIENTED_EDGE('',*,*,#2981,.F.);
#3895=ORIENTED_EDGE('',*,*,#2982,.T.);
#3896=ORIENTED_EDGE('',*,*,#2932,.T.);
#3897=ORIENTED_EDGE('',*,*,#2983,.F.);
#3898=ORIENTED_EDGE('',*,*,#2984,.F.);
#3899=ORIENTED_EDGE('',*,*,#2980,.T.);
#3900=ORIENTED_EDGE('',*,*,#2936,.T.);
#3901=ORIENTED_EDGE('',*,*,#2985,.F.);
#3902=ORIENTED_EDGE('',*,*,#2986,.F.);
#3903=ORIENTED_EDGE('',*,*,#2987,.T.);
#3904=ORIENTED_EDGE('',*,*,#2935,.T.);
#3905=ORIENTED_EDGE('',*,*,#2988,.F.);
#3906=ORIENTED_EDGE('',*,*,#2989,.F.);
#3907=ORIENTED_EDGE('',*,*,#2985,.T.);
#3908=ORIENTED_EDGE('',*,*,#2990,.F.);
#3909=ORIENTED_EDGE('',*,*,#2991,.F.);
#3910=ORIENTED_EDGE('',*,*,#2992,.F.);
#3911=ORIENTED_EDGE('',*,*,#2993,.T.);
#3912=ORIENTED_EDGE('',*,*,#2994,.F.);
#3913=ORIENTED_EDGE('',*,*,#2995,.T.);
#3914=ORIENTED_EDGE('',*,*,#2996,.F.);
#3915=ORIENTED_EDGE('',*,*,#2997,.F.);
#3916=ORIENTED_EDGE('',*,*,#2998,.F.);
#3917=ORIENTED_EDGE('',*,*,#2999,.T.);
#3918=ORIENTED_EDGE('',*,*,#3000,.F.);
#3919=ORIENTED_EDGE('',*,*,#3001,.F.);
#3920=ORIENTED_EDGE('',*,*,#2993,.F.);
#3921=ORIENTED_EDGE('',*,*,#3002,.F.);
#3922=ORIENTED_EDGE('',*,*,#3003,.T.);
#3923=ORIENTED_EDGE('',*,*,#3004,.F.);
#3924=ORIENTED_EDGE('',*,*,#3005,.T.);
#3925=ORIENTED_EDGE('',*,*,#2971,.F.);
#3926=ORIENTED_EDGE('',*,*,#3006,.F.);
#3927=ORIENTED_EDGE('',*,*,#2995,.F.);
#3928=ORIENTED_EDGE('',*,*,#3007,.F.);
#3929=ORIENTED_EDGE('',*,*,#3008,.T.);
#3930=ORIENTED_EDGE('',*,*,#3009,.F.);
#3931=ORIENTED_EDGE('',*,*,#2999,.F.);
#3932=ORIENTED_EDGE('',*,*,#3010,.F.);
#3933=ORIENTED_EDGE('',*,*,#3003,.F.);
#3934=ORIENTED_EDGE('',*,*,#3011,.F.);
#3935=ORIENTED_EDGE('',*,*,#3012,.T.);
#3936=ORIENTED_EDGE('',*,*,#3013,.F.);
#3937=ORIENTED_EDGE('',*,*,#3000,.T.);
#3938=ORIENTED_EDGE('',*,*,#3009,.T.);
#3939=ORIENTED_EDGE('',*,*,#3014,.T.);
#3940=ORIENTED_EDGE('',*,*,#3015,.F.);
#3941=ORIENTED_EDGE('',*,*,#3014,.F.);
#3942=ORIENTED_EDGE('',*,*,#3008,.F.);
#3943=ORIENTED_EDGE('',*,*,#3016,.F.);
#3944=ORIENTED_EDGE('',*,*,#3012,.F.);
#3945=ORIENTED_EDGE('',*,*,#3017,.F.);
#3946=ORIENTED_EDGE('',*,*,#2991,.T.);
#3947=ORIENTED_EDGE('',*,*,#3018,.F.);
#3948=ORIENTED_EDGE('',*,*,#2997,.T.);
#3949=ORIENTED_EDGE('',*,*,#3019,.F.);
#3950=ORIENTED_EDGE('',*,*,#2973,.F.);
#3951=ORIENTED_EDGE('',*,*,#3020,.F.);
#3952=ORIENTED_EDGE('',*,*,#3021,.F.);
#3953=ORIENTED_EDGE('',*,*,#3020,.T.);
#3954=ORIENTED_EDGE('',*,*,#2972,.F.);
#3955=ORIENTED_EDGE('',*,*,#3005,.F.);
#3956=ORIENTED_EDGE('',*,*,#3011,.T.);
#3957=ORIENTED_EDGE('',*,*,#3002,.T.);
#3958=ORIENTED_EDGE('',*,*,#2992,.T.);
#3959=ORIENTED_EDGE('',*,*,#3017,.T.);
#3960=ORIENTED_EDGE('',*,*,#3022,.T.);
#3961=ORIENTED_EDGE('',*,*,#3023,.T.);
#3962=ORIENTED_EDGE('',*,*,#3024,.T.);
#3963=ORIENTED_EDGE('',*,*,#3025,.T.);
#3964=ORIENTED_EDGE('',*,*,#2970,.F.);
#3965=ORIENTED_EDGE('',*,*,#3026,.T.);
#3966=ORIENTED_EDGE('',*,*,#3027,.T.);
#3967=ORIENTED_EDGE('',*,*,#3028,.T.);
#3968=ORIENTED_EDGE('',*,*,#2974,.F.);
#3969=ORIENTED_EDGE('',*,*,#3019,.T.);
#3970=ORIENTED_EDGE('',*,*,#2996,.T.);
#3971=ORIENTED_EDGE('',*,*,#3006,.T.);
#3972=ORIENTED_EDGE('',*,*,#3029,.F.);
#3973=ORIENTED_EDGE('',*,*,#3025,.F.);
#3974=ORIENTED_EDGE('',*,*,#3030,.T.);
#3975=ORIENTED_EDGE('',*,*,#2960,.F.);
#3976=ORIENTED_EDGE('',*,*,#3030,.F.);
#3977=ORIENTED_EDGE('',*,*,#3024,.F.);
#3978=ORIENTED_EDGE('',*,*,#3031,.T.);
#3979=ORIENTED_EDGE('',*,*,#3026,.F.);
#3980=ORIENTED_EDGE('',*,*,#2961,.F.);
#3981=ORIENTED_EDGE('',*,*,#3031,.F.);
#3982=ORIENTED_EDGE('',*,*,#3023,.F.);
#3983=ORIENTED_EDGE('',*,*,#3032,.T.);
#3984=ORIENTED_EDGE('',*,*,#3027,.F.);
#3985=ORIENTED_EDGE('',*,*,#3032,.F.);
#3986=ORIENTED_EDGE('',*,*,#3022,.F.);
#3987=ORIENTED_EDGE('',*,*,#3029,.T.);
#3988=ORIENTED_EDGE('',*,*,#2959,.F.);
#3989=ORIENTED_EDGE('',*,*,#3028,.F.);
#3990=ORIENTED_EDGE('',*,*,#2934,.T.);
#3991=ORIENTED_EDGE('',*,*,#2982,.F.);
#3992=ORIENTED_EDGE('',*,*,#3033,.F.);
#3993=ORIENTED_EDGE('',*,*,#3034,.T.);
#3994=ORIENTED_EDGE('',*,*,#2967,.F.);
#3995=ORIENTED_EDGE('',*,*,#3035,.T.);
#3996=ORIENTED_EDGE('',*,*,#3036,.T.);
#3997=ORIENTED_EDGE('',*,*,#3037,.T.);
#3998=ORIENTED_EDGE('',*,*,#3038,.F.);
#3999=ORIENTED_EDGE('',*,*,#3039,.T.);
#4000=ORIENTED_EDGE('',*,*,#3036,.F.);
#4001=ORIENTED_EDGE('',*,*,#3040,.F.);
#4002=ORIENTED_EDGE('',*,*,#3041,.F.);
#4003=ORIENTED_EDGE('',*,*,#3042,.F.);
#4004=ORIENTED_EDGE('',*,*,#3043,.F.);
#4005=ORIENTED_EDGE('',*,*,#3044,.F.);
#4006=ORIENTED_EDGE('',*,*,#3045,.F.);
#4007=ORIENTED_EDGE('',*,*,#3046,.T.);
#4008=ORIENTED_EDGE('',*,*,#2966,.F.);
#4009=ORIENTED_EDGE('',*,*,#3047,.F.);
#4010=ORIENTED_EDGE('',*,*,#3048,.F.);
#4011=ORIENTED_EDGE('',*,*,#3040,.T.);
#4012=ORIENTED_EDGE('',*,*,#3035,.F.);
#4013=ORIENTED_EDGE('',*,*,#3049,.F.);
#4014=ORIENTED_EDGE('',*,*,#3050,.F.);
#4015=ORIENTED_EDGE('',*,*,#3051,.T.);
#4016=ORIENTED_EDGE('',*,*,#3052,.F.);
#4017=ORIENTED_EDGE('',*,*,#3053,.F.);
#4018=ORIENTED_EDGE('',*,*,#3054,.F.);
#4019=ORIENTED_EDGE('',*,*,#3055,.F.);
#4020=ORIENTED_EDGE('',*,*,#3051,.F.);
#4021=ORIENTED_EDGE('',*,*,#3056,.F.);
#4022=ORIENTED_EDGE('',*,*,#3042,.T.);
#4023=ORIENTED_EDGE('',*,*,#2931,.T.);
#4024=ORIENTED_EDGE('',*,*,#3034,.F.);
#4025=ORIENTED_EDGE('',*,*,#3057,.F.);
#4026=ORIENTED_EDGE('',*,*,#2983,.T.);
#4027=ORIENTED_EDGE('',*,*,#3058,.F.);
#4028=ORIENTED_EDGE('',*,*,#3046,.F.);
#4029=ORIENTED_EDGE('',*,*,#3059,.F.);
#4030=ORIENTED_EDGE('',*,*,#3053,.T.);
#4031=ORIENTED_EDGE('',*,*,#2969,.F.);
#4032=ORIENTED_EDGE('',*,*,#3060,.F.);
#4033=ORIENTED_EDGE('',*,*,#3061,.F.);
#4034=ORIENTED_EDGE('',*,*,#3047,.T.);
#4035=ORIENTED_EDGE('',*,*,#2968,.F.);
#4036=ORIENTED_EDGE('',*,*,#3037,.F.);
#4037=ORIENTED_EDGE('',*,*,#3039,.F.);
#4038=ORIENTED_EDGE('',*,*,#3062,.F.);
#4039=ORIENTED_EDGE('',*,*,#3060,.T.);
#4040=ORIENTED_EDGE('',*,*,#3050,.T.);
#4041=ORIENTED_EDGE('',*,*,#3054,.T.);
#4042=ORIENTED_EDGE('',*,*,#3059,.T.);
#4043=ORIENTED_EDGE('',*,*,#3045,.T.);
#4044=ORIENTED_EDGE('',*,*,#3043,.T.);
#4045=ORIENTED_EDGE('',*,*,#3056,.T.);
#4046=ORIENTED_EDGE('',*,*,#3033,.T.);
#4047=ORIENTED_EDGE('',*,*,#2981,.T.);
#4048=ORIENTED_EDGE('',*,*,#2984,.T.);
#4049=ORIENTED_EDGE('',*,*,#3057,.T.);
#4050=ORIENTED_EDGE('',*,*,#3063,.F.);
#4051=ORIENTED_EDGE('',*,*,#3064,.F.);
#4052=ORIENTED_EDGE('',*,*,#3065,.F.);
#4053=ORIENTED_EDGE('',*,*,#3066,.T.);
#4054=ORIENTED_EDGE('',*,*,#3067,.F.);
#4055=ORIENTED_EDGE('',*,*,#3068,.F.);
#4056=ORIENTED_EDGE('',*,*,#3069,.F.);
#4057=ORIENTED_EDGE('',*,*,#3064,.T.);
#4058=ORIENTED_EDGE('',*,*,#3070,.F.);
#4059=ORIENTED_EDGE('',*,*,#3066,.F.);
#4060=ORIENTED_EDGE('',*,*,#3071,.F.);
#4061=ORIENTED_EDGE('',*,*,#3072,.T.);
#4062=ORIENTED_EDGE('',*,*,#3073,.F.);
#4063=ORIENTED_EDGE('',*,*,#3074,.T.);
#4064=ORIENTED_EDGE('',*,*,#3075,.F.);
#4065=ORIENTED_EDGE('',*,*,#3076,.F.);
#4066=ORIENTED_EDGE('',*,*,#3077,.F.);
#4067=ORIENTED_EDGE('',*,*,#3072,.F.);
#4068=ORIENTED_EDGE('',*,*,#3078,.F.);
#4069=ORIENTED_EDGE('',*,*,#3068,.T.);
#4070=ORIENTED_EDGE('',*,*,#3079,.F.);
#4071=ORIENTED_EDGE('',*,*,#3080,.T.);
#4072=ORIENTED_EDGE('',*,*,#3081,.F.);
#4073=ORIENTED_EDGE('',*,*,#3074,.F.);
#4074=ORIENTED_EDGE('',*,*,#3082,.F.);
#4075=ORIENTED_EDGE('',*,*,#3076,.T.);
#4076=ORIENTED_EDGE('',*,*,#3083,.F.);
#4077=ORIENTED_EDGE('',*,*,#3084,.F.);
#4078=ORIENTED_EDGE('',*,*,#3085,.F.);
#4079=ORIENTED_EDGE('',*,*,#3084,.T.);
#4080=ORIENTED_EDGE('',*,*,#3086,.F.);
#4081=ORIENTED_EDGE('',*,*,#3080,.F.);
#4082=ORIENTED_EDGE('',*,*,#3069,.T.);
#4083=ORIENTED_EDGE('',*,*,#3078,.T.);
#4084=ORIENTED_EDGE('',*,*,#3071,.T.);
#4085=ORIENTED_EDGE('',*,*,#3065,.T.);
#4086=ORIENTED_EDGE('',*,*,#3087,.T.);
#4087=ORIENTED_EDGE('',*,*,#3088,.T.);
#4088=ORIENTED_EDGE('',*,*,#2986,.T.);
#4089=ORIENTED_EDGE('',*,*,#2989,.T.);
#4090=ORIENTED_EDGE('',*,*,#3086,.T.);
#4091=ORIENTED_EDGE('',*,*,#3083,.T.);
#4092=ORIENTED_EDGE('',*,*,#3075,.T.);
#4093=ORIENTED_EDGE('',*,*,#3081,.T.);
#4094=ORIENTED_EDGE('',*,*,#2979,.T.);
#4095=ORIENTED_EDGE('',*,*,#2937,.T.);
#4096=ORIENTED_EDGE('',*,*,#2987,.F.);
#4097=ORIENTED_EDGE('',*,*,#3088,.F.);
#4098=ORIENTED_EDGE('',*,*,#3089,.T.);
#4099=ORIENTED_EDGE('',*,*,#2938,.T.);
#4100=ORIENTED_EDGE('',*,*,#3089,.F.);
#4101=ORIENTED_EDGE('',*,*,#3087,.F.);
#4102=ORIENTED_EDGE('',*,*,#2988,.T.);
#4103=ORIENTED_EDGE('',*,*,#3090,.F.);
#4104=ORIENTED_EDGE('',*,*,#3091,.F.);
#4105=ORIENTED_EDGE('',*,*,#3092,.F.);
#4106=ORIENTED_EDGE('',*,*,#3093,.F.);
#4107=ORIENTED_EDGE('',*,*,#3094,.F.);
#4108=ORIENTED_EDGE('',*,*,#3095,.F.);
#4109=ORIENTED_EDGE('',*,*,#3096,.T.);
#4110=ORIENTED_EDGE('',*,*,#3097,.F.);
#4111=ORIENTED_EDGE('',*,*,#3098,.T.);
#4112=ORIENTED_EDGE('',*,*,#3099,.T.);
#4113=ORIENTED_EDGE('',*,*,#3100,.T.);
#4114=ORIENTED_EDGE('',*,*,#3101,.T.);
#4115=ORIENTED_EDGE('',*,*,#3102,.F.);
#4116=ORIENTED_EDGE('',*,*,#3103,.F.);
#4117=ORIENTED_EDGE('',*,*,#3104,.T.);
#4118=ORIENTED_EDGE('',*,*,#3105,.F.);
#4119=ORIENTED_EDGE('',*,*,#3106,.F.);
#4120=ORIENTED_EDGE('',*,*,#3107,.F.);
#4121=ORIENTED_EDGE('',*,*,#3108,.F.);
#4122=ORIENTED_EDGE('',*,*,#3109,.F.);
#4123=ORIENTED_EDGE('',*,*,#3110,.F.);
#4124=ORIENTED_EDGE('',*,*,#3092,.T.);
#4125=ORIENTED_EDGE('',*,*,#3111,.F.);
#4126=ORIENTED_EDGE('',*,*,#3104,.F.);
#4127=ORIENTED_EDGE('',*,*,#3112,.F.);
#4128=ORIENTED_EDGE('',*,*,#3108,.T.);
#4129=ORIENTED_EDGE('',*,*,#3113,.F.);
#4130=ORIENTED_EDGE('',*,*,#3096,.F.);
#4131=ORIENTED_EDGE('',*,*,#3114,.F.);
#4132=ORIENTED_EDGE('',*,*,#3097,.T.);
#4133=ORIENTED_EDGE('',*,*,#3113,.T.);
#4134=ORIENTED_EDGE('',*,*,#3107,.T.);
#4135=ORIENTED_EDGE('',*,*,#3115,.F.);
#4136=ORIENTED_EDGE('',*,*,#3116,.F.);
#4137=ORIENTED_EDGE('',*,*,#3117,.F.);
#4138=ORIENTED_EDGE('',*,*,#3105,.T.);
#4139=ORIENTED_EDGE('',*,*,#3111,.T.);
#4140=ORIENTED_EDGE('',*,*,#3091,.T.);
#4141=ORIENTED_EDGE('',*,*,#3118,.F.);
#4142=ORIENTED_EDGE('',*,*,#3119,.F.);
#4143=ORIENTED_EDGE('',*,*,#3119,.T.);
#4144=ORIENTED_EDGE('',*,*,#3120,.F.);
#4145=ORIENTED_EDGE('',*,*,#3121,.T.);
#4146=ORIENTED_EDGE('',*,*,#3122,.F.);
#4147=ORIENTED_EDGE('',*,*,#3118,.T.);
#4148=ORIENTED_EDGE('',*,*,#3090,.T.);
#4149=ORIENTED_EDGE('',*,*,#3123,.F.);
#4150=ORIENTED_EDGE('',*,*,#3124,.T.);
#4151=ORIENTED_EDGE('',*,*,#3125,.F.);
#4152=ORIENTED_EDGE('',*,*,#3126,.T.);
#4153=ORIENTED_EDGE('',*,*,#3127,.F.);
#4154=ORIENTED_EDGE('',*,*,#3102,.T.);
#4155=ORIENTED_EDGE('',*,*,#3117,.T.);
#4156=ORIENTED_EDGE('',*,*,#3128,.T.);
#4157=ORIENTED_EDGE('',*,*,#3129,.T.);
#4158=ORIENTED_EDGE('',*,*,#3130,.T.);
#4159=ORIENTED_EDGE('',*,*,#3131,.T.);
#4160=ORIENTED_EDGE('',*,*,#3120,.T.);
#4161=ORIENTED_EDGE('',*,*,#3116,.T.);
#4162=ORIENTED_EDGE('',*,*,#3132,.F.);
#4163=ORIENTED_EDGE('',*,*,#3133,.T.);
#4164=ORIENTED_EDGE('',*,*,#3128,.F.);
#4165=ORIENTED_EDGE('',*,*,#3098,.F.);
#4166=ORIENTED_EDGE('',*,*,#3134,.F.);
#4167=ORIENTED_EDGE('',*,*,#3135,.T.);
#4168=ORIENTED_EDGE('',*,*,#3136,.T.);
#4169=ORIENTED_EDGE('',*,*,#3137,.F.);
#4170=ORIENTED_EDGE('',*,*,#3138,.T.);
#4171=ORIENTED_EDGE('',*,*,#3139,.F.);
#4172=ORIENTED_EDGE('',*,*,#3140,.F.);
#4173=ORIENTED_EDGE('',*,*,#3141,.F.);
#4174=ORIENTED_EDGE('',*,*,#3142,.T.);
#4175=ORIENTED_EDGE('',*,*,#3143,.F.);
#4176=ORIENTED_EDGE('',*,*,#3138,.F.);
#4177=ORIENTED_EDGE('',*,*,#3144,.F.);
#4178=ORIENTED_EDGE('',*,*,#3145,.T.);
#4179=ORIENTED_EDGE('',*,*,#3146,.F.);
#4180=ORIENTED_EDGE('',*,*,#3142,.F.);
#4181=ORIENTED_EDGE('',*,*,#3147,.F.);
#4182=ORIENTED_EDGE('',*,*,#3140,.T.);
#4183=ORIENTED_EDGE('',*,*,#3148,.F.);
#4184=ORIENTED_EDGE('',*,*,#3145,.F.);
#4185=ORIENTED_EDGE('',*,*,#3149,.F.);
#4186=ORIENTED_EDGE('',*,*,#3150,.T.);
#4187=ORIENTED_EDGE('',*,*,#3151,.F.);
#4188=ORIENTED_EDGE('',*,*,#3152,.T.);
#4189=ORIENTED_EDGE('',*,*,#3153,.F.);
#4190=ORIENTED_EDGE('',*,*,#3154,.F.);
#4191=ORIENTED_EDGE('',*,*,#3155,.F.);
#4192=ORIENTED_EDGE('',*,*,#3156,.T.);
#4193=ORIENTED_EDGE('',*,*,#3157,.F.);
#4194=ORIENTED_EDGE('',*,*,#3150,.F.);
#4195=ORIENTED_EDGE('',*,*,#3158,.F.);
#4196=ORIENTED_EDGE('',*,*,#3159,.T.);
#4197=ORIENTED_EDGE('',*,*,#3160,.F.);
#4198=ORIENTED_EDGE('',*,*,#3161,.T.);
#4199=ORIENTED_EDGE('',*,*,#3162,.F.);
#4200=ORIENTED_EDGE('',*,*,#3156,.F.);
#4201=ORIENTED_EDGE('',*,*,#3163,.F.);
#4202=ORIENTED_EDGE('',*,*,#3154,.T.);
#4203=ORIENTED_EDGE('',*,*,#3164,.F.);
#4204=ORIENTED_EDGE('',*,*,#3159,.F.);
#4205=ORIENTED_EDGE('',*,*,#3161,.F.);
#4206=ORIENTED_EDGE('',*,*,#3093,.T.);
#4207=ORIENTED_EDGE('',*,*,#3110,.T.);
#4208=ORIENTED_EDGE('',*,*,#3103,.T.);
#4209=ORIENTED_EDGE('',*,*,#3152,.F.);
#4210=ORIENTED_EDGE('',*,*,#3109,.T.);
#4211=ORIENTED_EDGE('',*,*,#3112,.T.);
#4212=ORIENTED_EDGE('',*,*,#3095,.T.);
#4213=ORIENTED_EDGE('',*,*,#3148,.T.);
#4214=ORIENTED_EDGE('',*,*,#3139,.T.);
#4215=ORIENTED_EDGE('',*,*,#3143,.T.);
#4216=ORIENTED_EDGE('',*,*,#3146,.T.);
#4217=ORIENTED_EDGE('',*,*,#3162,.T.);
#4218=ORIENTED_EDGE('',*,*,#3165,.T.);
#4219=ORIENTED_EDGE('',*,*,#3166,.T.);
#4220=ORIENTED_EDGE('',*,*,#3167,.F.);
#4221=ORIENTED_EDGE('',*,*,#3168,.F.);
#4222=ORIENTED_EDGE('',*,*,#3169,.F.);
#4223=ORIENTED_EDGE('',*,*,#3170,.T.);
#4224=ORIENTED_EDGE('',*,*,#3171,.T.);
#4225=ORIENTED_EDGE('',*,*,#3151,.T.);
#4226=ORIENTED_EDGE('',*,*,#3157,.T.);
#4227=ORIENTED_EDGE('',*,*,#3153,.T.);
#4228=ORIENTED_EDGE('',*,*,#3127,.T.);
#4229=ORIENTED_EDGE('',*,*,#3172,.T.);
#4230=ORIENTED_EDGE('',*,*,#3173,.F.);
#4231=ORIENTED_EDGE('',*,*,#3174,.T.);
#4232=ORIENTED_EDGE('',*,*,#3123,.T.);
#4233=ORIENTED_EDGE('',*,*,#3160,.T.);
#4234=ORIENTED_EDGE('',*,*,#3164,.T.);
#4235=ORIENTED_EDGE('',*,*,#3175,.F.);
#4236=ORIENTED_EDGE('',*,*,#3176,.F.);
#4237=ORIENTED_EDGE('',*,*,#3177,.F.);
#4238=ORIENTED_EDGE('',*,*,#3178,.F.);
#4239=ORIENTED_EDGE('',*,*,#3149,.T.);
#4240=ORIENTED_EDGE('',*,*,#3163,.T.);
#4241=ORIENTED_EDGE('',*,*,#3158,.T.);
#4242=ORIENTED_EDGE('',*,*,#3155,.T.);
#4243=ORIENTED_EDGE('',*,*,#3179,.F.);
#4244=ORIENTED_EDGE('',*,*,#3180,.T.);
#4245=ORIENTED_EDGE('',*,*,#3176,.T.);
#4246=ORIENTED_EDGE('',*,*,#3181,.F.);
#4247=ORIENTED_EDGE('',*,*,#3182,.F.);
#4248=ORIENTED_EDGE('',*,*,#3183,.T.);
#4249=ORIENTED_EDGE('',*,*,#3177,.T.);
#4250=ORIENTED_EDGE('',*,*,#3180,.F.);
#4251=ORIENTED_EDGE('',*,*,#3184,.F.);
#4252=ORIENTED_EDGE('',*,*,#3185,.T.);
#4253=ORIENTED_EDGE('',*,*,#3178,.T.);
#4254=ORIENTED_EDGE('',*,*,#3183,.F.);
#4255=ORIENTED_EDGE('',*,*,#3186,.F.);
#4256=ORIENTED_EDGE('',*,*,#3181,.T.);
#4257=ORIENTED_EDGE('',*,*,#3175,.T.);
#4258=ORIENTED_EDGE('',*,*,#3185,.F.);
#4259=ORIENTED_EDGE('',*,*,#3137,.T.);
#4260=ORIENTED_EDGE('',*,*,#3147,.T.);
#4261=ORIENTED_EDGE('',*,*,#3144,.T.);
#4262=ORIENTED_EDGE('',*,*,#3141,.T.);
#4263=ORIENTED_EDGE('',*,*,#3135,.F.);
#4264=ORIENTED_EDGE('',*,*,#3187,.F.);
#4265=ORIENTED_EDGE('',*,*,#3188,.F.);
#4266=ORIENTED_EDGE('',*,*,#3189,.F.);
#4267=ORIENTED_EDGE('',*,*,#3100,.F.);
#4268=ORIENTED_EDGE('',*,*,#3190,.F.);
#4269=ORIENTED_EDGE('',*,*,#3188,.T.);
#4270=ORIENTED_EDGE('',*,*,#3191,.T.);
#4271=ORIENTED_EDGE('',*,*,#3187,.T.);
#4272=ORIENTED_EDGE('',*,*,#3134,.T.);
#4273=ORIENTED_EDGE('',*,*,#3101,.F.);
#4274=ORIENTED_EDGE('',*,*,#3191,.F.);
#4275=ORIENTED_EDGE('',*,*,#3131,.F.);
#4276=ORIENTED_EDGE('',*,*,#3192,.T.);
#4277=ORIENTED_EDGE('',*,*,#3193,.T.);
#4278=ORIENTED_EDGE('',*,*,#3194,.F.);
#4279=ORIENTED_EDGE('',*,*,#3130,.F.);
#4280=ORIENTED_EDGE('',*,*,#3195,.F.);
#4281=ORIENTED_EDGE('',*,*,#3196,.F.);
#4282=ORIENTED_EDGE('',*,*,#3192,.F.);
#4283=ORIENTED_EDGE('',*,*,#3197,.F.);
#4284=ORIENTED_EDGE('',*,*,#3198,.T.);
#4285=ORIENTED_EDGE('',*,*,#3199,.T.);
#4286=ORIENTED_EDGE('',*,*,#3200,.F.);
#4287=ORIENTED_EDGE('',*,*,#3196,.T.);
#4288=ORIENTED_EDGE('',*,*,#3201,.T.);
#4289=ORIENTED_EDGE('',*,*,#3202,.F.);
#4290=ORIENTED_EDGE('',*,*,#3193,.F.);
#4291=ORIENTED_EDGE('',*,*,#3203,.F.);
#4292=ORIENTED_EDGE('',*,*,#3204,.F.);
#4293=ORIENTED_EDGE('',*,*,#3205,.F.);
#4294=ORIENTED_EDGE('',*,*,#3206,.T.);
#4295=ORIENTED_EDGE('',*,*,#3207,.T.);
#4296=ORIENTED_EDGE('',*,*,#3205,.T.);
#4297=ORIENTED_EDGE('',*,*,#3208,.F.);
#4298=ORIENTED_EDGE('',*,*,#3199,.F.);
#4299=ORIENTED_EDGE('',*,*,#3129,.F.);
#4300=ORIENTED_EDGE('',*,*,#3209,.F.);
#4301=ORIENTED_EDGE('',*,*,#3201,.F.);
#4302=ORIENTED_EDGE('',*,*,#3195,.T.);
#4303=ORIENTED_EDGE('',*,*,#3209,.T.);
#4304=ORIENTED_EDGE('',*,*,#3133,.F.);
#4305=ORIENTED_EDGE('',*,*,#3200,.T.);
#4306=ORIENTED_EDGE('',*,*,#3208,.T.);
#4307=ORIENTED_EDGE('',*,*,#3204,.T.);
#4308=ORIENTED_EDGE('',*,*,#3121,.F.);
#4309=ORIENTED_EDGE('',*,*,#3194,.T.);
#4310=ORIENTED_EDGE('',*,*,#3202,.T.);
#4311=ORIENTED_EDGE('',*,*,#3210,.F.);
#4312=ORIENTED_EDGE('',*,*,#3206,.F.);
#4313=ORIENTED_EDGE('',*,*,#3207,.F.);
#4314=ORIENTED_EDGE('',*,*,#3198,.F.);
#4315=ORIENTED_EDGE('',*,*,#3189,.T.);
#4316=ORIENTED_EDGE('',*,*,#3190,.T.);
#4317=ORIENTED_EDGE('',*,*,#3099,.F.);
#4318=ORIENTED_EDGE('',*,*,#3136,.F.);
#4319=ORIENTED_EDGE('',*,*,#3114,.T.);
#4320=ORIENTED_EDGE('',*,*,#3122,.T.);
#4321=ORIENTED_EDGE('',*,*,#3203,.T.);
#4322=ORIENTED_EDGE('',*,*,#3210,.T.);
#4323=ORIENTED_EDGE('',*,*,#3197,.T.);
#4324=ORIENTED_EDGE('',*,*,#3132,.T.);
#4325=ORIENTED_EDGE('',*,*,#3115,.T.);
#4326=ORIENTED_EDGE('',*,*,#3106,.T.);
#4327=ORIENTED_EDGE('',*,*,#3171,.F.);
#4328=ORIENTED_EDGE('',*,*,#3211,.T.);
#4329=ORIENTED_EDGE('',*,*,#3212,.F.);
#4330=ORIENTED_EDGE('',*,*,#3213,.T.);
#4331=ORIENTED_EDGE('',*,*,#3165,.F.);
#4332=ORIENTED_EDGE('',*,*,#3094,.T.);
#4333=ORIENTED_EDGE('',*,*,#3214,.T.);
#4334=ORIENTED_EDGE('',*,*,#3215,.T.);
#4335=ORIENTED_EDGE('',*,*,#3216,.T.);
#4336=ORIENTED_EDGE('',*,*,#3217,.F.);
#4337=ORIENTED_EDGE('',*,*,#3216,.F.);
#4338=ORIENTED_EDGE('',*,*,#3218,.F.);
#4339=ORIENTED_EDGE('',*,*,#3219,.F.);
#4340=ORIENTED_EDGE('',*,*,#3220,.F.);
#4341=ORIENTED_EDGE('',*,*,#3221,.F.);
#4342=ORIENTED_EDGE('',*,*,#2964,.F.);
#4343=ORIENTED_EDGE('',*,*,#3222,.F.);
#4344=ORIENTED_EDGE('',*,*,#3223,.F.);
#4345=ORIENTED_EDGE('',*,*,#3224,.T.);
#4346=ORIENTED_EDGE('',*,*,#2965,.T.);
#4347=ORIENTED_EDGE('',*,*,#3221,.T.);
#4348=ORIENTED_EDGE('',*,*,#3225,.F.);
#4349=ORIENTED_EDGE('',*,*,#3226,.T.);
#4350=ORIENTED_EDGE('',*,*,#2962,.F.);
#4351=ORIENTED_EDGE('',*,*,#3224,.F.);
#4352=ORIENTED_EDGE('',*,*,#3227,.F.);
#4353=ORIENTED_EDGE('',*,*,#3228,.F.);
#4354=ORIENTED_EDGE('',*,*,#3229,.F.);
#4355=ORIENTED_EDGE('',*,*,#3214,.F.);
#4356=ORIENTED_EDGE('',*,*,#3230,.F.);
#4357=ORIENTED_EDGE('',*,*,#3219,.T.);
#4358=ORIENTED_EDGE('',*,*,#3231,.F.);
#4359=ORIENTED_EDGE('',*,*,#3228,.T.);
#4360=ORIENTED_EDGE('',*,*,#3232,.F.);
#4361=ORIENTED_EDGE('',*,*,#3229,.T.);
#4362=ORIENTED_EDGE('',*,*,#3231,.T.);
#4363=ORIENTED_EDGE('',*,*,#3218,.T.);
#4364=ORIENTED_EDGE('',*,*,#3215,.F.);
#4365=ORIENTED_EDGE('',*,*,#3004,.T.);
#4366=ORIENTED_EDGE('',*,*,#2994,.T.);
#4367=ORIENTED_EDGE('',*,*,#3018,.T.);
#4368=ORIENTED_EDGE('',*,*,#3021,.T.);
#4369=ORIENTED_EDGE('',*,*,#3079,.T.);
#4370=ORIENTED_EDGE('',*,*,#3073,.T.);
#4371=ORIENTED_EDGE('',*,*,#3082,.T.);
#4372=ORIENTED_EDGE('',*,*,#3085,.T.);
#4373=ORIENTED_EDGE('',*,*,#3038,.T.);
#4374=ORIENTED_EDGE('',*,*,#3048,.T.);
#4375=ORIENTED_EDGE('',*,*,#3061,.T.);
#4376=ORIENTED_EDGE('',*,*,#3062,.T.);
#4377=ORIENTED_EDGE('',*,*,#3222,.T.);
#4378=ORIENTED_EDGE('',*,*,#2963,.F.);
#4379=ORIENTED_EDGE('',*,*,#3226,.F.);
#4380=ORIENTED_EDGE('',*,*,#3233,.F.);
#4381=ORIENTED_EDGE('',*,*,#2853,.F.);
#4382=ORIENTED_EDGE('',*,*,#3234,.T.);
#4383=ORIENTED_EDGE('',*,*,#2819,.T.);
#4384=ORIENTED_EDGE('',*,*,#3234,.F.);
#4385=ORIENTED_EDGE('',*,*,#3235,.T.);
#4386=ORIENTED_EDGE('',*,*,#3173,.T.);
#4387=ORIENTED_EDGE('',*,*,#3236,.T.);
#4388=ORIENTED_EDGE('',*,*,#2848,.F.);
#4389=ORIENTED_EDGE('',*,*,#3230,.T.);
#4390=ORIENTED_EDGE('',*,*,#3217,.T.);
#4391=ORIENTED_EDGE('',*,*,#3223,.T.);
#4392=ORIENTED_EDGE('',*,*,#3233,.T.);
#4393=ORIENTED_EDGE('',*,*,#3232,.T.);
#4394=ORIENTED_EDGE('',*,*,#3227,.T.);
#4395=ORIENTED_EDGE('',*,*,#3225,.T.);
#4396=ORIENTED_EDGE('',*,*,#3220,.T.);
#4397=ORIENTED_EDGE('',*,*,#3237,.T.);
#4398=ORIENTED_EDGE('',*,*,#2842,.F.);
#4399=ORIENTED_EDGE('',*,*,#3238,.T.);
#4400=ORIENTED_EDGE('',*,*,#3167,.T.);
#4401=ORIENTED_EDGE('',*,*,#3239,.T.);
#4402=ORIENTED_EDGE('',*,*,#2845,.F.);
#4403=ORIENTED_EDGE('',*,*,#3240,.T.);
#4404=ORIENTED_EDGE('',*,*,#3241,.T.);
#4405=ORIENTED_EDGE('',*,*,#2822,.T.);
#4406=ORIENTED_EDGE('',*,*,#3242,.T.);
#4407=ORIENTED_EDGE('',*,*,#2826,.T.);
#4408=ORIENTED_EDGE('',*,*,#3212,.T.);
#4409=ORIENTED_EDGE('',*,*,#2830,.T.);
#4410=ORIENTED_EDGE('',*,*,#3243,.T.);
#4411=ORIENTED_EDGE('',*,*,#2834,.T.);
#4412=ORIENTED_EDGE('',*,*,#3125,.T.);
#4413=ORIENTED_EDGE('',*,*,#3244,.T.);
#4414=ORIENTED_EDGE('',*,*,#3245,.T.);
#4415=ORIENTED_EDGE('',*,*,#3246,.T.);
#4416=ORIENTED_EDGE('',*,*,#3247,.T.);
#4417=ORIENTED_EDGE('',*,*,#3248,.F.);
#4418=ORIENTED_EDGE('',*,*,#3249,.T.);
#4419=ORIENTED_EDGE('',*,*,#3241,.F.);
#4420=ORIENTED_EDGE('',*,*,#3250,.T.);
#4421=ORIENTED_EDGE('',*,*,#3251,.T.);
#4422=ORIENTED_EDGE('',*,*,#3252,.T.);
#4423=ORIENTED_EDGE('',*,*,#3243,.F.);
#4424=ORIENTED_EDGE('',*,*,#3253,.T.);
#4425=ORIENTED_EDGE('',*,*,#3246,.F.);
#4426=ORIENTED_EDGE('',*,*,#3254,.T.);
#4427=ORIENTED_EDGE('',*,*,#3169,.T.);
#4428=ORIENTED_EDGE('',*,*,#3255,.F.);
#4429=ORIENTED_EDGE('',*,*,#2840,.F.);
#4430=ORIENTED_EDGE('',*,*,#3256,.T.);
#4431=ORIENTED_EDGE('',*,*,#3248,.T.);
#4432=ORIENTED_EDGE('',*,*,#3257,.T.);
#4433=ORIENTED_EDGE('',*,*,#2837,.F.);
#4434=ORIENTED_EDGE('',*,*,#3256,.F.);
#4435=ORIENTED_EDGE('',*,*,#2836,.F.);
#4436=ORIENTED_EDGE('',*,*,#2835,.F.);
#4437=ORIENTED_EDGE('',*,*,#3252,.F.);
#4438=ORIENTED_EDGE('',*,*,#3245,.F.);
#4439=ORIENTED_EDGE('',*,*,#3254,.F.);
#4440=ORIENTED_EDGE('',*,*,#2839,.F.);
#4441=ORIENTED_EDGE('',*,*,#2831,.F.);
#4442=ORIENTED_EDGE('',*,*,#3211,.F.);
#4443=ORIENTED_EDGE('',*,*,#3170,.F.);
#4444=ORIENTED_EDGE('',*,*,#3240,.F.);
#4445=ORIENTED_EDGE('',*,*,#2844,.F.);
#4446=ORIENTED_EDGE('',*,*,#2827,.F.);
#4447=ORIENTED_EDGE('',*,*,#3258,.F.);
#4448=ORIENTED_EDGE('',*,*,#3250,.F.);
#4449=ORIENTED_EDGE('',*,*,#3235,.F.);
#4450=ORIENTED_EDGE('',*,*,#2847,.F.);
#4451=ORIENTED_EDGE('',*,*,#2823,.F.);
#4452=ORIENTED_EDGE('',*,*,#3124,.F.);
#4453=ORIENTED_EDGE('',*,*,#3174,.F.);
#4454=ORIENTED_EDGE('',*,*,#3236,.F.);
#4455=ORIENTED_EDGE('',*,*,#3172,.F.);
#4456=ORIENTED_EDGE('',*,*,#3126,.F.);
#4457=ORIENTED_EDGE('',*,*,#2833,.T.);
#4458=ORIENTED_EDGE('',*,*,#2849,.F.);
#4459=ORIENTED_EDGE('',*,*,#3257,.F.);
#4460=ORIENTED_EDGE('',*,*,#3247,.F.);
#4461=ORIENTED_EDGE('',*,*,#3253,.F.);
#4462=ORIENTED_EDGE('',*,*,#2829,.T.);
#4463=ORIENTED_EDGE('',*,*,#2838,.F.);
#4464=ORIENTED_EDGE('',*,*,#3239,.F.);
#4465=ORIENTED_EDGE('',*,*,#3249,.F.);
#4466=ORIENTED_EDGE('',*,*,#3259,.F.);
#4467=ORIENTED_EDGE('',*,*,#2821,.T.);
#4468=ORIENTED_EDGE('',*,*,#2846,.F.);
#4469=ORIENTED_EDGE('',*,*,#3237,.F.);
#4470=ORIENTED_EDGE('',*,*,#3166,.F.);
#4471=ORIENTED_EDGE('',*,*,#3213,.F.);
#4472=ORIENTED_EDGE('',*,*,#2825,.T.);
#4473=ORIENTED_EDGE('',*,*,#2843,.F.);
#4474=ORIENTED_EDGE('',*,*,#3260,.F.);
#4475=ORIENTED_EDGE('',*,*,#3261,.T.);
#4476=ORIENTED_EDGE('',*,*,#3262,.F.);
#4477=ORIENTED_EDGE('',*,*,#2852,.F.);
#4478=ORIENTED_EDGE('',*,*,#3263,.T.);
#4479=ORIENTED_EDGE('',*,*,#3264,.T.);
#4480=ORIENTED_EDGE('',*,*,#3265,.T.);
#4481=ORIENTED_EDGE('',*,*,#3266,.T.);
#4482=ORIENTED_EDGE('',*,*,#3267,.T.);
#4483=ORIENTED_EDGE('',*,*,#3268,.T.);
#4484=ORIENTED_EDGE('',*,*,#3269,.T.);
#4485=ORIENTED_EDGE('',*,*,#3270,.T.);
#4486=ORIENTED_EDGE('',*,*,#3262,.T.);
#4487=ORIENTED_EDGE('',*,*,#3271,.T.);
#4488=ORIENTED_EDGE('',*,*,#2765,.T.);
#4489=ORIENTED_EDGE('',*,*,#2850,.F.);
#4490=ORIENTED_EDGE('',*,*,#3259,.T.);
#4491=ORIENTED_EDGE('',*,*,#3251,.F.);
#4492=ORIENTED_EDGE('',*,*,#3258,.T.);
#4493=ORIENTED_EDGE('',*,*,#3242,.F.);
#4494=ORIENTED_EDGE('',*,*,#3255,.T.);
#4495=ORIENTED_EDGE('',*,*,#3168,.T.);
#4496=ORIENTED_EDGE('',*,*,#3238,.F.);
#4497=ORIENTED_EDGE('',*,*,#2841,.F.);
#4498=ORIENTED_EDGE('',*,*,#2769,.T.);
#4499=ORIENTED_EDGE('',*,*,#2795,.T.);
#4500=ORIENTED_EDGE('',*,*,#2799,.T.);
#4501=ORIENTED_EDGE('',*,*,#2802,.T.);
#4502=ORIENTED_EDGE('',*,*,#2805,.T.);
#4503=ORIENTED_EDGE('',*,*,#2807,.T.);
#4504=ORIENTED_EDGE('',*,*,#2811,.T.);
#4505=ORIENTED_EDGE('',*,*,#2814,.T.);
#4506=ORIENTED_EDGE('',*,*,#2817,.T.);
#4507=ORIENTED_EDGE('',*,*,#3272,.F.);
#4508=ORIENTED_EDGE('',*,*,#3273,.F.);
#4509=ORIENTED_EDGE('',*,*,#3274,.F.);
#4510=ORIENTED_EDGE('',*,*,#3275,.F.);
#4511=ORIENTED_EDGE('',*,*,#2952,.T.);
#4512=ORIENTED_EDGE('',*,*,#2942,.T.);
#4513=ORIENTED_EDGE('',*,*,#2956,.T.);
#4514=ORIENTED_EDGE('',*,*,#2958,.T.);
#4515=ORIENTED_EDGE('',*,*,#3015,.T.);
#4516=ORIENTED_EDGE('',*,*,#3007,.T.);
#4517=ORIENTED_EDGE('',*,*,#2998,.T.);
#4518=ORIENTED_EDGE('',*,*,#3013,.T.);
#4519=ORIENTED_EDGE('',*,*,#3276,.F.);
#4520=ORIENTED_EDGE('',*,*,#3277,.F.);
#4521=ORIENTED_EDGE('',*,*,#3278,.F.);
#4522=ORIENTED_EDGE('',*,*,#3279,.T.);
#4523=ORIENTED_EDGE('',*,*,#3280,.F.);
#4524=ORIENTED_EDGE('',*,*,#3281,.F.);
#4525=ORIENTED_EDGE('',*,*,#3282,.F.);
#4526=ORIENTED_EDGE('',*,*,#3283,.F.);
#4527=ORIENTED_EDGE('',*,*,#3284,.F.);
#4528=ORIENTED_EDGE('',*,*,#3285,.F.);
#4529=ORIENTED_EDGE('',*,*,#3286,.F.);
#4530=ORIENTED_EDGE('',*,*,#3287,.F.);
#4531=ORIENTED_EDGE('',*,*,#3274,.T.);
#4532=ORIENTED_EDGE('',*,*,#3288,.T.);
#4533=ORIENTED_EDGE('',*,*,#3267,.F.);
#4534=ORIENTED_EDGE('',*,*,#3289,.T.);
#4535=ORIENTED_EDGE('',*,*,#3290,.T.);
#4536=ORIENTED_EDGE('',*,*,#3291,.T.);
#4537=ORIENTED_EDGE('',*,*,#3263,.F.);
#4538=ORIENTED_EDGE('',*,*,#3292,.T.);
#4539=ORIENTED_EDGE('',*,*,#3278,.T.);
#4540=ORIENTED_EDGE('',*,*,#3293,.T.);
#4541=ORIENTED_EDGE('',*,*,#3286,.T.);
#4542=ORIENTED_EDGE('',*,*,#3294,.T.);
#4543=ORIENTED_EDGE('',*,*,#3282,.T.);
#4544=ORIENTED_EDGE('',*,*,#3295,.T.);
#4545=ORIENTED_EDGE('',*,*,#3283,.T.);
#4546=ORIENTED_EDGE('',*,*,#3294,.F.);
#4547=ORIENTED_EDGE('',*,*,#3285,.T.);
#4548=ORIENTED_EDGE('',*,*,#3296,.F.);
#4549=ORIENTED_EDGE('',*,*,#3277,.T.);
#4550=ORIENTED_EDGE('',*,*,#3297,.F.);
#4551=ORIENTED_EDGE('',*,*,#3287,.T.);
#4552=ORIENTED_EDGE('',*,*,#3293,.F.);
#4553=ORIENTED_EDGE('',*,*,#3275,.T.);
#4554=ORIENTED_EDGE('',*,*,#3295,.F.);
#4555=ORIENTED_EDGE('',*,*,#3281,.T.);
#4556=ORIENTED_EDGE('',*,*,#3298,.F.);
#4557=ORIENTED_EDGE('',*,*,#3292,.F.);
#4558=ORIENTED_EDGE('',*,*,#3266,.F.);
#4559=ORIENTED_EDGE('',*,*,#3299,.F.);
#4560=ORIENTED_EDGE('',*,*,#3279,.F.);
#4561=ORIENTED_EDGE('',*,*,#3288,.F.);
#4562=ORIENTED_EDGE('',*,*,#3273,.T.);
#4563=ORIENTED_EDGE('',*,*,#3300,.F.);
#4564=ORIENTED_EDGE('',*,*,#3268,.F.);
#4565=ORIENTED_EDGE('',*,*,#3289,.F.);
#4566=ORIENTED_EDGE('',*,*,#3270,.F.);
#4567=ORIENTED_EDGE('',*,*,#3301,.F.);
#4568=ORIENTED_EDGE('',*,*,#3302,.F.);
#4569=ORIENTED_EDGE('',*,*,#3290,.F.);
#4570=ORIENTED_EDGE('',*,*,#3302,.T.);
#4571=ORIENTED_EDGE('',*,*,#3303,.F.);
#4572=ORIENTED_EDGE('',*,*,#3304,.F.);
#4573=ORIENTED_EDGE('',*,*,#3001,.T.);
#4574=ORIENTED_EDGE('',*,*,#3010,.T.);
#4575=ORIENTED_EDGE('',*,*,#3016,.T.);
#4576=ORIENTED_EDGE('',*,*,#2990,.T.);
#4577=ORIENTED_EDGE('',*,*,#3077,.T.);
#4578=ORIENTED_EDGE('',*,*,#3067,.T.);
#4579=ORIENTED_EDGE('',*,*,#3063,.T.);
#4580=ORIENTED_EDGE('',*,*,#3070,.T.);
#4581=ORIENTED_EDGE('',*,*,#3041,.T.);
#4582=ORIENTED_EDGE('',*,*,#3044,.T.);
#4583=ORIENTED_EDGE('',*,*,#3058,.T.);
#4584=ORIENTED_EDGE('',*,*,#3052,.T.);
#4585=ORIENTED_EDGE('',*,*,#3049,.T.);
#4586=ORIENTED_EDGE('',*,*,#3055,.T.);
#4587=ORIENTED_EDGE('',*,*,#3291,.F.);
#4588=ORIENTED_EDGE('',*,*,#3304,.T.);
#4589=ORIENTED_EDGE('',*,*,#3305,.F.);
#4590=ORIENTED_EDGE('',*,*,#3264,.F.);
#4591=ORIENTED_EDGE('',*,*,#3272,.T.);
#4592=ORIENTED_EDGE('',*,*,#3298,.T.);
#4593=ORIENTED_EDGE('',*,*,#3280,.T.);
#4594=ORIENTED_EDGE('',*,*,#3296,.T.);
#4595=ORIENTED_EDGE('',*,*,#3284,.T.);
#4596=ORIENTED_EDGE('',*,*,#3297,.T.);
#4597=ORIENTED_EDGE('',*,*,#3276,.T.);
#4598=ORIENTED_EDGE('',*,*,#3299,.T.);
#4599=ORIENTED_EDGE('',*,*,#3265,.F.);
#4600=ORIENTED_EDGE('',*,*,#3305,.T.);
#4601=ORIENTED_EDGE('',*,*,#3303,.T.);
#4602=ORIENTED_EDGE('',*,*,#3301,.T.);
#4603=ORIENTED_EDGE('',*,*,#3269,.F.);
#4604=ORIENTED_EDGE('',*,*,#3300,.T.);
#4605=ORIENTED_EDGE('',*,*,#3244,.F.);
#4606=ORIENTED_EDGE('',*,*,#3306,.T.);
#4607=ORIENTED_EDGE('',*,*,#3307,.T.);
#4608=ORIENTED_EDGE('',*,*,#3306,.F.);
#4609=ORIENTED_EDGE('',*,*,#3307,.F.);
#4610=ORIENTED_EDGE('',*,*,#3308,.F.);
#4611=ORIENTED_EDGE('',*,*,#2766,.T.);
#4612=ORIENTED_EDGE('',*,*,#3271,.F.);
#4613=ORIENTED_EDGE('',*,*,#3261,.F.);
#4614=ORIENTED_EDGE('',*,*,#3179,.T.);
#4615=ORIENTED_EDGE('',*,*,#3186,.T.);
#4616=ORIENTED_EDGE('',*,*,#3184,.T.);
#4617=ORIENTED_EDGE('',*,*,#3182,.T.);
#4618=ORIENTED_EDGE('',*,*,#3260,.T.);
#4619=ORIENTED_EDGE('',*,*,#2851,.F.);
#4620=ORIENTED_EDGE('',*,*,#2767,.T.);
#4621=ORIENTED_EDGE('',*,*,#3308,.T.);
#4622=ORIENTED_EDGE('',*,*,#3309,.F.);
#4623=ORIENTED_EDGE('',*,*,#3310,.T.);
#4624=ORIENTED_EDGE('',*,*,#3311,.T.);
#4625=ORIENTED_EDGE('',*,*,#3310,.F.);
#4626=ORIENTED_EDGE('',*,*,#3309,.T.);
#4627=ORIENTED_EDGE('',*,*,#3311,.F.);
#4628=ORIENTED_EDGE('',*,*,#3312,.F.);
#4629=ORIENTED_EDGE('',*,*,#3313,.T.);
#4630=ORIENTED_EDGE('',*,*,#3314,.F.);
#4631=ORIENTED_EDGE('',*,*,#3315,.F.);
#4632=ORIENTED_EDGE('',*,*,#3316,.F.);
#4633=ORIENTED_EDGE('',*,*,#3315,.T.);
#4634=ORIENTED_EDGE('',*,*,#3317,.F.);
#4635=ORIENTED_EDGE('',*,*,#3318,.F.);
#4636=ORIENTED_EDGE('',*,*,#3319,.F.);
#4637=ORIENTED_EDGE('',*,*,#3318,.T.);
#4638=ORIENTED_EDGE('',*,*,#3320,.F.);
#4639=ORIENTED_EDGE('',*,*,#3321,.F.);
#4640=ORIENTED_EDGE('',*,*,#3322,.F.);
#4641=ORIENTED_EDGE('',*,*,#3321,.T.);
#4642=ORIENTED_EDGE('',*,*,#3323,.F.);
#4643=ORIENTED_EDGE('',*,*,#3324,.F.);
#4644=ORIENTED_EDGE('',*,*,#3325,.F.);
#4645=ORIENTED_EDGE('',*,*,#3324,.T.);
#4646=ORIENTED_EDGE('',*,*,#3326,.F.);
#4647=ORIENTED_EDGE('',*,*,#3327,.F.);
#4648=ORIENTED_EDGE('',*,*,#3328,.F.);
#4649=ORIENTED_EDGE('',*,*,#3327,.T.);
#4650=ORIENTED_EDGE('',*,*,#3329,.F.);
#4651=ORIENTED_EDGE('',*,*,#3330,.F.);
#4652=ORIENTED_EDGE('',*,*,#3331,.F.);
#4653=ORIENTED_EDGE('',*,*,#3330,.T.);
#4654=ORIENTED_EDGE('',*,*,#3332,.F.);
#4655=ORIENTED_EDGE('',*,*,#3313,.F.);
#4656=ORIENTED_EDGE('',*,*,#3332,.T.);
#4657=ORIENTED_EDGE('',*,*,#3329,.T.);
#4658=ORIENTED_EDGE('',*,*,#3326,.T.);
#4659=ORIENTED_EDGE('',*,*,#3323,.T.);
#4660=ORIENTED_EDGE('',*,*,#3320,.T.);
#4661=ORIENTED_EDGE('',*,*,#3317,.T.);
#4662=ORIENTED_EDGE('',*,*,#3314,.T.);
#4663=ORIENTED_EDGE('',*,*,#3333,.F.);
#4664=ORIENTED_EDGE('',*,*,#3334,.T.);
#4665=ORIENTED_EDGE('',*,*,#3335,.F.);
#4666=ORIENTED_EDGE('',*,*,#3336,.F.);
#4667=ORIENTED_EDGE('',*,*,#3325,.T.);
#4668=ORIENTED_EDGE('',*,*,#3337,.F.);
#4669=ORIENTED_EDGE('',*,*,#3338,.F.);
#4670=ORIENTED_EDGE('',*,*,#3339,.F.);
#4671=ORIENTED_EDGE('',*,*,#3331,.T.);
#4672=ORIENTED_EDGE('',*,*,#3312,.T.);
#4673=ORIENTED_EDGE('',*,*,#3316,.T.);
#4674=ORIENTED_EDGE('',*,*,#3319,.T.);
#4675=ORIENTED_EDGE('',*,*,#3322,.T.);
#4676=ORIENTED_EDGE('',*,*,#3328,.T.);
#4677=ORIENTED_EDGE('',*,*,#3340,.F.);
#4678=ORIENTED_EDGE('',*,*,#3334,.F.);
#4679=ORIENTED_EDGE('',*,*,#3341,.F.);
#4680=ORIENTED_EDGE('',*,*,#3339,.T.);
#4681=ORIENTED_EDGE('',*,*,#3342,.F.);
#4682=ORIENTED_EDGE('',*,*,#3343,.F.);
#4683=ORIENTED_EDGE('',*,*,#3344,.F.);
#4684=ORIENTED_EDGE('',*,*,#3345,.T.);
#4685=ORIENTED_EDGE('',*,*,#3346,.T.);
#4686=ORIENTED_EDGE('',*,*,#3347,.F.);
#4687=ORIENTED_EDGE('',*,*,#3348,.F.);
#4688=ORIENTED_EDGE('',*,*,#3347,.T.);
#4689=ORIENTED_EDGE('',*,*,#3349,.T.);
#4690=ORIENTED_EDGE('',*,*,#3345,.F.);
#4691=ORIENTED_EDGE('',*,*,#3350,.F.);
#4692=ORIENTED_EDGE('',*,*,#3351,.T.);
#4693=ORIENTED_EDGE('',*,*,#3352,.T.);
#4694=ORIENTED_EDGE('',*,*,#3353,.F.);
#4695=ORIENTED_EDGE('',*,*,#3354,.F.);
#4696=ORIENTED_EDGE('',*,*,#3355,.T.);
#4697=ORIENTED_EDGE('',*,*,#3356,.T.);
#4698=ORIENTED_EDGE('',*,*,#3351,.F.);
#4699=ORIENTED_EDGE('',*,*,#3357,.F.);
#4700=ORIENTED_EDGE('',*,*,#3358,.T.);
#4701=ORIENTED_EDGE('',*,*,#3359,.T.);
#4702=ORIENTED_EDGE('',*,*,#3355,.F.);
#4703=ORIENTED_EDGE('',*,*,#3360,.F.);
#4704=ORIENTED_EDGE('',*,*,#3353,.T.);
#4705=ORIENTED_EDGE('',*,*,#3361,.T.);
#4706=ORIENTED_EDGE('',*,*,#3358,.F.);
#4707=ORIENTED_EDGE('',*,*,#3361,.F.);
#4708=ORIENTED_EDGE('',*,*,#3352,.F.);
#4709=ORIENTED_EDGE('',*,*,#3356,.F.);
#4710=ORIENTED_EDGE('',*,*,#3359,.F.);
#4711=ORIENTED_EDGE('',*,*,#3349,.F.);
#4712=ORIENTED_EDGE('',*,*,#3346,.F.);
#4713=ORIENTED_EDGE('',*,*,#3341,.T.);
#4714=ORIENTED_EDGE('',*,*,#3362,.F.);
#4715=ORIENTED_EDGE('',*,*,#3363,.T.);
#4716=ORIENTED_EDGE('',*,*,#3340,.T.);
#4717=ORIENTED_EDGE('',*,*,#3333,.T.);
#4718=ORIENTED_EDGE('',*,*,#3364,.F.);
#4719=ORIENTED_EDGE('',*,*,#3365,.T.);
#4720=ORIENTED_EDGE('',*,*,#3337,.T.);
#4721=ORIENTED_EDGE('',*,*,#3366,.F.);
#4722=ORIENTED_EDGE('',*,*,#3342,.T.);
#4723=ORIENTED_EDGE('',*,*,#3338,.T.);
#4724=ORIENTED_EDGE('',*,*,#3365,.F.);
#4725=ORIENTED_EDGE('',*,*,#3367,.F.);
#4726=ORIENTED_EDGE('',*,*,#3368,.T.);
#4727=ORIENTED_EDGE('',*,*,#3369,.T.);
#4728=ORIENTED_EDGE('',*,*,#3370,.F.);
#4729=ORIENTED_EDGE('',*,*,#3371,.F.);
#4730=ORIENTED_EDGE('',*,*,#3372,.T.);
#4731=ORIENTED_EDGE('',*,*,#3373,.T.);
#4732=ORIENTED_EDGE('',*,*,#3363,.F.);
#4733=ORIENTED_EDGE('',*,*,#3374,.F.);
#4734=ORIENTED_EDGE('',*,*,#3370,.T.);
#4735=ORIENTED_EDGE('',*,*,#3375,.T.);
#4736=ORIENTED_EDGE('',*,*,#3372,.F.);
#4737=ORIENTED_EDGE('',*,*,#3375,.F.);
#4738=ORIENTED_EDGE('',*,*,#3369,.F.);
#4739=ORIENTED_EDGE('',*,*,#3373,.F.);
#4740=ORIENTED_EDGE('',*,*,#3376,.F.);
#4741=ORIENTED_EDGE('',*,*,#3377,.T.);
#4742=ORIENTED_EDGE('',*,*,#3378,.T.);
#4743=ORIENTED_EDGE('',*,*,#3368,.F.);
#4744=ORIENTED_EDGE('',*,*,#3379,.F.);
#4745=ORIENTED_EDGE('',*,*,#3380,.T.);
#4746=ORIENTED_EDGE('',*,*,#3381,.T.);
#4747=ORIENTED_EDGE('',*,*,#3377,.F.);
#4748=ORIENTED_EDGE('',*,*,#3382,.F.);
#4749=ORIENTED_EDGE('',*,*,#3335,.T.);
#4750=ORIENTED_EDGE('',*,*,#3383,.T.);
#4751=ORIENTED_EDGE('',*,*,#3380,.F.);
#4752=ORIENTED_EDGE('',*,*,#3383,.F.);
#4753=ORIENTED_EDGE('',*,*,#3378,.F.);
#4754=ORIENTED_EDGE('',*,*,#3381,.F.);
#4755=ORIENTED_EDGE('',*,*,#3384,.T.);
#4756=ORIENTED_EDGE('',*,*,#3385,.T.);
#4757=ORIENTED_EDGE('',*,*,#3386,.T.);
#4758=ORIENTED_EDGE('',*,*,#3387,.T.);
#4759=ORIENTED_EDGE('',*,*,#3350,.T.);
#4760=ORIENTED_EDGE('',*,*,#3360,.T.);
#4761=ORIENTED_EDGE('',*,*,#3357,.T.);
#4762=ORIENTED_EDGE('',*,*,#3354,.T.);
#4763=ORIENTED_EDGE('',*,*,#3385,.F.);
#4764=ORIENTED_EDGE('',*,*,#3388,.T.);
#4765=ORIENTED_EDGE('',*,*,#3389,.F.);
#4766=ORIENTED_EDGE('',*,*,#3390,.F.);
#4767=ORIENTED_EDGE('',*,*,#3386,.F.);
#4768=ORIENTED_EDGE('',*,*,#3390,.T.);
#4769=ORIENTED_EDGE('',*,*,#3391,.F.);
#4770=ORIENTED_EDGE('',*,*,#3392,.F.);
#4771=ORIENTED_EDGE('',*,*,#3387,.F.);
#4772=ORIENTED_EDGE('',*,*,#3392,.T.);
#4773=ORIENTED_EDGE('',*,*,#3393,.F.);
#4774=ORIENTED_EDGE('',*,*,#3394,.F.);
#4775=ORIENTED_EDGE('',*,*,#3384,.F.);
#4776=ORIENTED_EDGE('',*,*,#3394,.T.);
#4777=ORIENTED_EDGE('',*,*,#3395,.F.);
#4778=ORIENTED_EDGE('',*,*,#3388,.F.);
#4779=ORIENTED_EDGE('',*,*,#3344,.T.);
#4780=ORIENTED_EDGE('',*,*,#3348,.T.);
#4781=ORIENTED_EDGE('',*,*,#3362,.T.);
#4782=ORIENTED_EDGE('',*,*,#3343,.T.);
#4783=ORIENTED_EDGE('',*,*,#3366,.T.);
#4784=ORIENTED_EDGE('',*,*,#3364,.T.);
#4785=ORIENTED_EDGE('',*,*,#3336,.T.);
#4786=ORIENTED_EDGE('',*,*,#3382,.T.);
#4787=ORIENTED_EDGE('',*,*,#3379,.T.);
#4788=ORIENTED_EDGE('',*,*,#3376,.T.);
#4789=ORIENTED_EDGE('',*,*,#3367,.T.);
#4790=ORIENTED_EDGE('',*,*,#3374,.T.);
#4791=ORIENTED_EDGE('',*,*,#3371,.T.);
#4792=ORIENTED_EDGE('',*,*,#3395,.T.);
#4793=ORIENTED_EDGE('',*,*,#3393,.T.);
#4794=ORIENTED_EDGE('',*,*,#3391,.T.);
#4795=ORIENTED_EDGE('',*,*,#3389,.T.);
#4796=ORIENTED_EDGE('',*,*,#3396,.F.);
#4797=ORIENTED_EDGE('',*,*,#3397,.T.);
#4798=ORIENTED_EDGE('',*,*,#3398,.F.);
#4799=ORIENTED_EDGE('',*,*,#3399,.F.);
#4800=ORIENTED_EDGE('',*,*,#3400,.F.);
#4801=ORIENTED_EDGE('',*,*,#3399,.T.);
#4802=ORIENTED_EDGE('',*,*,#3401,.F.);
#4803=ORIENTED_EDGE('',*,*,#3402,.F.);
#4804=ORIENTED_EDGE('',*,*,#3403,.F.);
#4805=ORIENTED_EDGE('',*,*,#3402,.T.);
#4806=ORIENTED_EDGE('',*,*,#3404,.F.);
#4807=ORIENTED_EDGE('',*,*,#3405,.F.);
#4808=ORIENTED_EDGE('',*,*,#3406,.F.);
#4809=ORIENTED_EDGE('',*,*,#3405,.T.);
#4810=ORIENTED_EDGE('',*,*,#3407,.F.);
#4811=ORIENTED_EDGE('',*,*,#3397,.F.);
#4812=ORIENTED_EDGE('',*,*,#3408,.F.);
#4813=ORIENTED_EDGE('',*,*,#3409,.T.);
#4814=ORIENTED_EDGE('',*,*,#3410,.F.);
#4815=ORIENTED_EDGE('',*,*,#3411,.F.);
#4816=ORIENTED_EDGE('',*,*,#3412,.F.);
#4817=ORIENTED_EDGE('',*,*,#3411,.T.);
#4818=ORIENTED_EDGE('',*,*,#3413,.F.);
#4819=ORIENTED_EDGE('',*,*,#3414,.F.);
#4820=ORIENTED_EDGE('',*,*,#3415,.F.);
#4821=ORIENTED_EDGE('',*,*,#3414,.T.);
#4822=ORIENTED_EDGE('',*,*,#3416,.F.);
#4823=ORIENTED_EDGE('',*,*,#3417,.F.);
#4824=ORIENTED_EDGE('',*,*,#3418,.F.);
#4825=ORIENTED_EDGE('',*,*,#3417,.T.);
#4826=ORIENTED_EDGE('',*,*,#3419,.F.);
#4827=ORIENTED_EDGE('',*,*,#3409,.F.);
#4828=ORIENTED_EDGE('',*,*,#3419,.T.);
#4829=ORIENTED_EDGE('',*,*,#3416,.T.);
#4830=ORIENTED_EDGE('',*,*,#3413,.T.);
#4831=ORIENTED_EDGE('',*,*,#3410,.T.);
#4832=ORIENTED_EDGE('',*,*,#3407,.T.);
#4833=ORIENTED_EDGE('',*,*,#3404,.T.);
#4834=ORIENTED_EDGE('',*,*,#3401,.T.);
#4835=ORIENTED_EDGE('',*,*,#3398,.T.);
#4836=ORIENTED_EDGE('',*,*,#3420,.T.);
#4837=ORIENTED_EDGE('',*,*,#3421,.T.);
#4838=ORIENTED_EDGE('',*,*,#3422,.T.);
#4839=ORIENTED_EDGE('',*,*,#3423,.T.);
#4840=ORIENTED_EDGE('',*,*,#3408,.T.);
#4841=ORIENTED_EDGE('',*,*,#3412,.T.);
#4842=ORIENTED_EDGE('',*,*,#3415,.T.);
#4843=ORIENTED_EDGE('',*,*,#3418,.T.);
#4844=ORIENTED_EDGE('',*,*,#3424,.T.);
#4845=ORIENTED_EDGE('',*,*,#3425,.T.);
#4846=ORIENTED_EDGE('',*,*,#3423,.F.);
#4847=ORIENTED_EDGE('',*,*,#3426,.F.);
#4848=ORIENTED_EDGE('',*,*,#3427,.T.);
#4849=ORIENTED_EDGE('',*,*,#3426,.T.);
#4850=ORIENTED_EDGE('',*,*,#3422,.F.);
#4851=ORIENTED_EDGE('',*,*,#3428,.F.);
#4852=ORIENTED_EDGE('',*,*,#3429,.T.);
#4853=ORIENTED_EDGE('',*,*,#3428,.T.);
#4854=ORIENTED_EDGE('',*,*,#3421,.F.);
#4855=ORIENTED_EDGE('',*,*,#3430,.F.);
#4856=ORIENTED_EDGE('',*,*,#3431,.T.);
#4857=ORIENTED_EDGE('',*,*,#3430,.T.);
#4858=ORIENTED_EDGE('',*,*,#3420,.F.);
#4859=ORIENTED_EDGE('',*,*,#3425,.F.);
#4860=ORIENTED_EDGE('',*,*,#3396,.T.);
#4861=ORIENTED_EDGE('',*,*,#3400,.T.);
#4862=ORIENTED_EDGE('',*,*,#3403,.T.);
#4863=ORIENTED_EDGE('',*,*,#3406,.T.);
#4864=ORIENTED_EDGE('',*,*,#3431,.F.);
#4865=ORIENTED_EDGE('',*,*,#3424,.F.);
#4866=ORIENTED_EDGE('',*,*,#3427,.F.);
#4867=ORIENTED_EDGE('',*,*,#3429,.F.);
#4868=ORIENTED_EDGE('',*,*,#3432,.F.);
#4869=ORIENTED_EDGE('',*,*,#3433,.T.);
#4870=ORIENTED_EDGE('',*,*,#3434,.T.);
#4871=ORIENTED_EDGE('',*,*,#3433,.F.);
#4872=ORIENTED_EDGE('',*,*,#3434,.F.);
#4873=ORIENTED_EDGE('',*,*,#3435,.T.);
#4874=ORIENTED_EDGE('',*,*,#3436,.T.);
#4875=ORIENTED_EDGE('',*,*,#3435,.F.);
#4876=ORIENTED_EDGE('',*,*,#3436,.F.);
#4877=ORIENTED_EDGE('',*,*,#3437,.T.);
#4878=ORIENTED_EDGE('',*,*,#3438,.T.);
#4879=ORIENTED_EDGE('',*,*,#3437,.F.);
#4880=ORIENTED_EDGE('',*,*,#3438,.F.);
#4881=ORIENTED_EDGE('',*,*,#3439,.T.);
#4882=ORIENTED_EDGE('',*,*,#3432,.T.);
#4883=ORIENTED_EDGE('',*,*,#3439,.F.);
#4884=ORIENTED_EDGE('',*,*,#3440,.F.);
#4885=ORIENTED_EDGE('',*,*,#3441,.F.);
#4886=ORIENTED_EDGE('',*,*,#3442,.T.);
#4887=ORIENTED_EDGE('',*,*,#3443,.T.);
#4888=ORIENTED_EDGE('',*,*,#3444,.T.);
#4889=ORIENTED_EDGE('',*,*,#3445,.T.);
#4890=ORIENTED_EDGE('',*,*,#3442,.F.);
#4891=ORIENTED_EDGE('',*,*,#3446,.F.);
#4892=ORIENTED_EDGE('',*,*,#3444,.F.);
#4893=ORIENTED_EDGE('',*,*,#3443,.F.);
#4894=ORIENTED_EDGE('',*,*,#3447,.T.);
#4895=ORIENTED_EDGE('',*,*,#3448,.T.);
#4896=ORIENTED_EDGE('',*,*,#3449,.T.);
#4897=ORIENTED_EDGE('',*,*,#3450,.T.);
#4898=ORIENTED_EDGE('',*,*,#3447,.F.);
#4899=ORIENTED_EDGE('',*,*,#3445,.F.);
#4900=ORIENTED_EDGE('',*,*,#3449,.F.);
#4901=ORIENTED_EDGE('',*,*,#3448,.F.);
#4902=ORIENTED_EDGE('',*,*,#3451,.T.);
#4903=ORIENTED_EDGE('',*,*,#3452,.T.);
#4904=ORIENTED_EDGE('',*,*,#3453,.T.);
#4905=ORIENTED_EDGE('',*,*,#3454,.T.);
#4906=ORIENTED_EDGE('',*,*,#3451,.F.);
#4907=ORIENTED_EDGE('',*,*,#3450,.F.);
#4908=ORIENTED_EDGE('',*,*,#3453,.F.);
#4909=ORIENTED_EDGE('',*,*,#3452,.F.);
#4910=ORIENTED_EDGE('',*,*,#3454,.F.);
#4911=ORIENTED_EDGE('',*,*,#3455,.T.);
#4912=ORIENTED_EDGE('',*,*,#3446,.T.);
#4913=ORIENTED_EDGE('',*,*,#3441,.T.);
#4914=ORIENTED_EDGE('',*,*,#3440,.T.);
#4915=ORIENTED_EDGE('',*,*,#3455,.F.);
#4916=ORIENTED_EDGE('',*,*,#3456,.T.);
#4917=ORIENTED_EDGE('',*,*,#3457,.T.);
#4918=ORIENTED_EDGE('',*,*,#3458,.T.);
#4919=ORIENTED_EDGE('',*,*,#3459,.T.);
#4920=ORIENTED_EDGE('',*,*,#3460,.T.);
#4921=ORIENTED_EDGE('',*,*,#3461,.F.);
#4922=ORIENTED_EDGE('',*,*,#3462,.T.);
#4923=ORIENTED_EDGE('',*,*,#3463,.T.);
#4924=ORIENTED_EDGE('',*,*,#3464,.T.);
#4925=ORIENTED_EDGE('',*,*,#3465,.F.);
#4926=ORIENTED_EDGE('',*,*,#3466,.T.);
#4927=ORIENTED_EDGE('',*,*,#3461,.T.);
#4928=ORIENTED_EDGE('',*,*,#3467,.T.);
#4929=ORIENTED_EDGE('',*,*,#3468,.F.);
#4930=ORIENTED_EDGE('',*,*,#3469,.T.);
#4931=ORIENTED_EDGE('',*,*,#3465,.T.);
#4932=ORIENTED_EDGE('',*,*,#3470,.T.);
#4933=ORIENTED_EDGE('',*,*,#3463,.F.);
#4934=ORIENTED_EDGE('',*,*,#3471,.T.);
#4935=ORIENTED_EDGE('',*,*,#3468,.T.);
#4936=ORIENTED_EDGE('',*,*,#3460,.F.);
#4937=ORIENTED_EDGE('',*,*,#3470,.F.);
#4938=ORIENTED_EDGE('',*,*,#3467,.F.);
#4939=ORIENTED_EDGE('',*,*,#3464,.F.);
#4940=ORIENTED_EDGE('',*,*,#3472,.T.);
#4941=ORIENTED_EDGE('',*,*,#3473,.T.);
#4942=ORIENTED_EDGE('',*,*,#3456,.F.);
#4943=ORIENTED_EDGE('',*,*,#3474,.F.);
#4944=ORIENTED_EDGE('',*,*,#3475,.T.);
#4945=ORIENTED_EDGE('',*,*,#3474,.T.);
#4946=ORIENTED_EDGE('',*,*,#3459,.F.);
#4947=ORIENTED_EDGE('',*,*,#3476,.F.);
#4948=ORIENTED_EDGE('',*,*,#3477,.T.);
#4949=ORIENTED_EDGE('',*,*,#3476,.T.);
#4950=ORIENTED_EDGE('',*,*,#3458,.F.);
#4951=ORIENTED_EDGE('',*,*,#3478,.F.);
#4952=ORIENTED_EDGE('',*,*,#3479,.T.);
#4953=ORIENTED_EDGE('',*,*,#3478,.T.);
#4954=ORIENTED_EDGE('',*,*,#3457,.F.);
#4955=ORIENTED_EDGE('',*,*,#3473,.F.);
#4956=ORIENTED_EDGE('',*,*,#3480,.T.);
#4957=ORIENTED_EDGE('',*,*,#3481,.T.);
#4958=ORIENTED_EDGE('',*,*,#3471,.F.);
#4959=ORIENTED_EDGE('',*,*,#3482,.F.);
#4960=ORIENTED_EDGE('',*,*,#3483,.T.);
#4961=ORIENTED_EDGE('',*,*,#3482,.T.);
#4962=ORIENTED_EDGE('',*,*,#3462,.F.);
#4963=ORIENTED_EDGE('',*,*,#3484,.F.);
#4964=ORIENTED_EDGE('',*,*,#3485,.T.);
#4965=ORIENTED_EDGE('',*,*,#3484,.T.);
#4966=ORIENTED_EDGE('',*,*,#3466,.F.);
#4967=ORIENTED_EDGE('',*,*,#3486,.F.);
#4968=ORIENTED_EDGE('',*,*,#3487,.T.);
#4969=ORIENTED_EDGE('',*,*,#3486,.T.);
#4970=ORIENTED_EDGE('',*,*,#3469,.F.);
#4971=ORIENTED_EDGE('',*,*,#3481,.F.);
#4972=ORIENTED_EDGE('',*,*,#3487,.F.);
#4973=ORIENTED_EDGE('',*,*,#3480,.F.);
#4974=ORIENTED_EDGE('',*,*,#3483,.F.);
#4975=ORIENTED_EDGE('',*,*,#3485,.F.);
#4976=ORIENTED_EDGE('',*,*,#3479,.F.);
#4977=ORIENTED_EDGE('',*,*,#3472,.F.);
#4978=ORIENTED_EDGE('',*,*,#3475,.F.);
#4979=ORIENTED_EDGE('',*,*,#3477,.F.);
#4980=ORIENTED_EDGE('',*,*,#3488,.F.);
#4981=ORIENTED_EDGE('',*,*,#3489,.T.);
#4982=ORIENTED_EDGE('',*,*,#3488,.T.);
#4983=ORIENTED_EDGE('',*,*,#3489,.F.);
#4984=ORIENTED_EDGE('',*,*,#3490,.T.);
#4985=ORIENTED_EDGE('',*,*,#3491,.T.);
#4986=ORIENTED_EDGE('',*,*,#3492,.T.);
#4987=ORIENTED_EDGE('',*,*,#3493,.T.);
#4988=ORIENTED_EDGE('',*,*,#3492,.F.);
#4989=ORIENTED_EDGE('',*,*,#3494,.F.);
#4990=ORIENTED_EDGE('',*,*,#3495,.F.);
#4991=ORIENTED_EDGE('',*,*,#3496,.F.);
#4992=ORIENTED_EDGE('',*,*,#3497,.F.);
#4993=ORIENTED_EDGE('',*,*,#3498,.T.);
#4994=ORIENTED_EDGE('',*,*,#3491,.F.);
#4995=ORIENTED_EDGE('',*,*,#3499,.T.);
#4996=ORIENTED_EDGE('',*,*,#3500,.F.);
#4997=ORIENTED_EDGE('',*,*,#3494,.T.);
#4998=ORIENTED_EDGE('',*,*,#3495,.T.);
#4999=ORIENTED_EDGE('',*,*,#3500,.T.);
#5000=ORIENTED_EDGE('',*,*,#3501,.T.);
#5001=ORIENTED_EDGE('',*,*,#3502,.T.);
#5002=ORIENTED_EDGE('',*,*,#3490,.F.);
#5003=ORIENTED_EDGE('',*,*,#3503,.F.);
#5004=ORIENTED_EDGE('',*,*,#3504,.F.);
#5005=ORIENTED_EDGE('',*,*,#3505,.T.);
#5006=ORIENTED_EDGE('',*,*,#3501,.F.);
#5007=ORIENTED_EDGE('',*,*,#3499,.F.);
#5008=ORIENTED_EDGE('',*,*,#3493,.F.);
#5009=ORIENTED_EDGE('',*,*,#3498,.F.);
#5010=ORIENTED_EDGE('',*,*,#3506,.F.);
#5011=ORIENTED_EDGE('',*,*,#3503,.T.);
#5012=ORIENTED_EDGE('',*,*,#3502,.F.);
#5013=ORIENTED_EDGE('',*,*,#3505,.F.);
#5014=ORIENTED_EDGE('',*,*,#3507,.F.);
#5015=ORIENTED_EDGE('',*,*,#3496,.T.);
#5016=ORIENTED_EDGE('',*,*,#3508,.F.);
#5017=ORIENTED_EDGE('',*,*,#3509,.T.);
#5018=ORIENTED_EDGE('',*,*,#3510,.F.);
#5019=ORIENTED_EDGE('',*,*,#3509,.F.);
#5020=ORIENTED_EDGE('',*,*,#3511,.F.);
#5021=ORIENTED_EDGE('',*,*,#3512,.T.);
#5022=ORIENTED_EDGE('',*,*,#3513,.F.);
#5023=ORIENTED_EDGE('',*,*,#3512,.F.);
#5024=ORIENTED_EDGE('',*,*,#3511,.T.);
#5025=ORIENTED_EDGE('',*,*,#3508,.T.);
#5026=ORIENTED_EDGE('',*,*,#3514,.F.);
#5027=ORIENTED_EDGE('',*,*,#3513,.T.);
#5028=ORIENTED_EDGE('',*,*,#3510,.T.);
#5029=ORIENTED_EDGE('',*,*,#3515,.T.);
#5030=ORIENTED_EDGE('',*,*,#3516,.F.);
#5031=ORIENTED_EDGE('',*,*,#3517,.T.);
#5032=ORIENTED_EDGE('',*,*,#3514,.T.);
#5033=ORIENTED_EDGE('',*,*,#3517,.F.);
#5034=ORIENTED_EDGE('',*,*,#3516,.T.);
#5035=ORIENTED_EDGE('',*,*,#3504,.T.);
#5036=ORIENTED_EDGE('',*,*,#3506,.T.);
#5037=ORIENTED_EDGE('',*,*,#3497,.T.);
#5038=ORIENTED_EDGE('',*,*,#3507,.T.);
#5039=ORIENTED_EDGE('',*,*,#3515,.F.);
#5040=ORIENTED_EDGE('',*,*,#3518,.T.);
#5041=ORIENTED_EDGE('',*,*,#3519,.T.);
#5042=ORIENTED_EDGE('',*,*,#3518,.F.);
#5043=ORIENTED_EDGE('',*,*,#3519,.F.);
#5044=PLANE('',#6058);
#5045=PLANE('',#6066);
#5046=PLANE('',#6067);
#5047=PLANE('',#6073);
#5048=PLANE('',#6077);
#5049=PLANE('',#6078);
#5050=PLANE('',#6082);
#5051=PLANE('',#6086);
#5052=PLANE('',#6087);
#5053=PLANE('',#6088);
#5054=PLANE('',#6089);
#5055=PLANE('',#6090);
#5056=PLANE('',#6091);
#5057=PLANE('',#6092);
#5058=PLANE('',#6093);
#5059=PLANE('',#6094);
#5060=PLANE('',#6095);
#5061=PLANE('',#6096);
#5062=PLANE('',#6097);
#5063=PLANE('',#6098);
#5064=PLANE('',#6112);
#5065=PLANE('',#6113);
#5066=PLANE('',#6115);
#5067=PLANE('',#6116);
#5068=PLANE('',#6117);
#5069=PLANE('',#6118);
#5070=PLANE('',#6119);
#5071=PLANE('',#6120);
#5072=PLANE('',#6121);
#5073=PLANE('',#6122);
#5074=PLANE('',#6123);
#5075=PLANE('',#6124);
#5076=PLANE('',#6125);
#5077=PLANE('',#6127);
#5078=PLANE('',#6128);
#5079=PLANE('',#6129);
#5080=PLANE('',#6130);
#5081=PLANE('',#6131);
#5082=PLANE('',#6132);
#5083=PLANE('',#6133);
#5084=PLANE('',#6134);
#5085=PLANE('',#6135);
#5086=PLANE('',#6136);
#5087=PLANE('',#6137);
#5088=PLANE('',#6138);
#5089=PLANE('',#6139);
#5090=PLANE('',#6140);
#5091=PLANE('',#6141);
#5092=PLANE('',#6142);
#5093=PLANE('',#6143);
#5094=PLANE('',#6144);
#5095=PLANE('',#6145);
#5096=PLANE('',#6146);
#5097=PLANE('',#6150);
#5098=PLANE('',#6151);
#5099=PLANE('',#6152);
#5100=PLANE('',#6154);
#5101=PLANE('',#6156);
#5102=PLANE('',#6158);
#5103=PLANE('',#6159);
#5104=PLANE('',#6161);
#5105=PLANE('',#6162);
#5106=PLANE('',#6178);
#5107=PLANE('',#6179);
#5108=PLANE('',#6180);
#5109=PLANE('',#6181);
#5110=PLANE('',#6182);
#5111=PLANE('',#6183);
#5112=PLANE('',#6184);
#5113=PLANE('',#6185);
#5114=PLANE('',#6186);
#5115=PLANE('',#6188);
#5116=PLANE('',#6190);
#5117=PLANE('',#6192);
#5118=PLANE('',#6193);
#5119=PLANE('',#6194);
#5120=PLANE('',#6195);
#5121=PLANE('',#6197);
#5122=PLANE('',#6199);
#5123=PLANE('',#6201);
#5124=PLANE('',#6202);
#5125=PLANE('',#6203);
#5126=PLANE('',#6204);
#5127=PLANE('',#6205);
#5128=PLANE('',#6206);
#5129=PLANE('',#6207);
#5130=PLANE('',#6208);
#5131=PLANE('',#6209);
#5132=PLANE('',#6210);
#5133=PLANE('',#6211);
#5134=PLANE('',#6213);
#5135=PLANE('',#6215);
#5136=PLANE('',#6217);
#5137=PLANE('',#6219);
#5138=PLANE('',#6221);
#5139=PLANE('',#6222);
#5140=PLANE('',#6223);
#5141=PLANE('',#6224);
#5142=PLANE('',#6225);
#5143=PLANE('',#6227);
#5144=PLANE('',#6228);
#5145=PLANE('',#6229);
#5146=PLANE('',#6231);
#5147=PLANE('',#6233);
#5148=PLANE('',#6235);
#5149=PLANE('',#6236);
#5150=PLANE('',#6237);
#5151=PLANE('',#6238);
#5152=PLANE('',#6240);
#5153=PLANE('',#6241);
#5154=PLANE('',#6242);
#5155=PLANE('',#6243);
#5156=PLANE('',#6244);
#5157=PLANE('',#6245);
#5158=PLANE('',#6246);
#5159=PLANE('',#6247);
#5160=PLANE('',#6248);
#5161=PLANE('',#6249);
#5162=PLANE('',#6250);
#5163=PLANE('',#6251);
#5164=PLANE('',#6256);
#5165=PLANE('',#6262);
#5166=PLANE('',#6263);
#5167=PLANE('',#6264);
#5168=PLANE('',#6265);
#5169=PLANE('',#6266);
#5170=PLANE('',#6267);
#5171=PLANE('',#6268);
#5172=PLANE('',#6269);
#5173=PLANE('',#6270);
#5174=PLANE('',#6271);
#5175=PLANE('',#6272);
#5176=PLANE('',#6273);
#5177=PLANE('',#6276);
#5178=PLANE('',#6277);
#5179=PLANE('',#6278);
#5180=PLANE('',#6279);
#5181=PLANE('',#6280);
#5182=PLANE('',#6281);
#5183=PLANE('',#6282);
#5184=PLANE('',#6283);
#5185=PLANE('',#6284);
#5186=PLANE('',#6285);
#5187=PLANE('',#6286);
#5188=PLANE('',#6287);
#5189=PLANE('',#6288);
#5190=PLANE('',#6289);
#5191=PLANE('',#6290);
#5192=PLANE('',#6291);
#5193=PLANE('',#6292);
#5194=PLANE('',#6293);
#5195=PLANE('',#6295);
#5196=PLANE('',#6298);
#5197=PLANE('',#6299);
#5198=PLANE('',#6301);
#5199=PLANE('',#6302);
#5200=PLANE('',#6304);
#5201=PLANE('',#6306);
#5202=PLANE('',#6308);
#5203=PLANE('',#6309);
#5204=PLANE('',#6310);
#5205=PLANE('',#6311);
#5206=PLANE('',#6315);
#5207=PLANE('',#6317);
#5208=PLANE('',#6320);
#5209=PLANE('',#6321);
#5210=PLANE('',#6322);
#5211=PLANE('',#6323);
#5212=PLANE('',#6324);
#5213=PLANE('',#6325);
#5214=PLANE('',#6326);
#5215=PLANE('',#6327);
#5216=PLANE('',#6328);
#5217=PLANE('',#6329);
#5218=PLANE('',#6330);
#5219=PLANE('',#6331);
#5220=PLANE('',#6333);
#5221=PLANE('',#6346);
#5222=PLANE('',#6357);
#5223=PLANE('',#6358);
#5224=PLANE('',#6359);
#5225=PLANE('',#6362);
#5226=PLANE('',#6363);
#5227=PLANE('',#6366);
#5228=PLANE('',#6367);
#5229=PLANE('',#6368);
#5230=PLANE('',#6373);
#5231=PLANE('',#6374);
#5232=PLANE('',#6376);
#5233=PLANE('',#6377);
#5234=PLANE('',#6378);
#5235=PLANE('',#6379);
#5236=PLANE('',#6380);
#5237=PLANE('',#6381);
#5238=PLANE('',#6382);
#5239=PLANE('',#6383);
#5240=PLANE('',#6384);
#5241=PLANE('',#6385);
#5242=PLANE('',#6387);
#5243=PLANE('',#6388);
#5244=PLANE('',#6389);
#5245=PLANE('',#6393);
#5246=PLANE('',#6397);
#5247=PLANE('',#6398);
#5248=PLANE('',#6399);
#5249=PLANE('',#6400);
#5250=PLANE('',#6401);
#5251=PLANE('',#6404);
#5252=PLANE('',#6405);
#5253=PLANE('',#6409);
#5254=PLANE('',#6410);
#5255=PLANE('',#6414);
#5256=PLANE('',#6415);
#5257=PLANE('',#6416);
#5258=PLANE('',#6417);
#5259=PLANE('',#6418);
#5260=PLANE('',#6419);
#5261=PLANE('',#6420);
#5262=PLANE('',#6421);
#5263=PLANE('',#6422);
#5264=PLANE('',#6424);
#5265=PLANE('',#6425);
#5266=PLANE('',#6426);
#5267=PLANE('',#6427);
#5268=PLANE('',#6428);
#5269=PLANE('',#6429);
#5270=PLANE('',#6430);
#5271=PLANE('',#6431);
#5272=PLANE('',#6432);
#5273=PLANE('',#6433);
#5274=PLANE('',#6434);
#5275=PLANE('',#6435);
#5276=PLANE('',#6436);
#5277=PLANE('',#6437);
#5278=PLANE('',#6438);
#5279=PLANE('',#6439);
#5280=PLANE('',#6467);
#5281=PLANE('',#6468);
#5282=PLANE('',#6469);
#5283=PLANE('',#6470);
#5284=PLANE('',#6471);
#5285=PLANE('',#6472);
#5286=PLANE('',#6473);
#5287=PLANE('',#6474);
#5288=PLANE('',#6475);
#5289=PLANE('',#6476);
#5290=PLANE('',#6477);
#5291=PLANE('',#6478);
#5292=PLANE('',#6479);
#5293=PLANE('',#6480);
#5294=PLANE('',#6481);
#5295=PLANE('',#6490);
#5296=PLANE('',#6492);
#5297=PLANE('',#6495);
#5298=PLANE('',#6496);
#5299=PLANE('',#6497);
#5300=PLANE('',#6504);
#5301=PLANE('',#6505);
#5302=PLANE('',#6507);
#5303=PLANE('',#6511);
#5304=PLANE('',#6514);
#5305=STYLED_ITEM('',(#9806),#5572);
#5306=STYLED_ITEM('',(#9806),#5573);
#5307=STYLED_ITEM('',(#9806),#5574);
#5308=STYLED_ITEM('',(#9806),#5575);
#5309=STYLED_ITEM('',(#9806),#5576);
#5310=STYLED_ITEM('',(#9806),#5577);
#5311=STYLED_ITEM('',(#9806),#5578);
#5312=STYLED_ITEM('',(#9806),#5579);
#5313=STYLED_ITEM('',(#9806),#5580);
#5314=STYLED_ITEM('',(#9806),#5581);
#5315=STYLED_ITEM('',(#9806),#5582);
#5316=STYLED_ITEM('',(#9806),#5583);
#5317=STYLED_ITEM('',(#9806),#5584);
#5318=STYLED_ITEM('',(#9806),#5585);
#5319=STYLED_ITEM('',(#9806),#5586);
#5320=STYLED_ITEM('',(#9806),#5587);
#5321=STYLED_ITEM('',(#9806),#5588);
#5322=STYLED_ITEM('',(#9806),#5589);
#5323=STYLED_ITEM('',(#9806),#5590);
#5324=STYLED_ITEM('',(#9806),#5591);
#5325=STYLED_ITEM('',(#9806),#5592);
#5326=STYLED_ITEM('',(#9806),#5593);
#5327=STYLED_ITEM('',(#9806),#5594);
#5328=STYLED_ITEM('',(#9806),#5595);
#5329=STYLED_ITEM('',(#9806),#5596);
#5330=STYLED_ITEM('',(#9806),#5597);
#5331=STYLED_ITEM('',(#9808),#5598);
#5332=STYLED_ITEM('',(#9806),#5599);
#5333=STYLED_ITEM('',(#9806),#5600);
#5334=STYLED_ITEM('',(#9806),#5601);
#5335=STYLED_ITEM('',(#9806),#5602);
#5336=STYLED_ITEM('',(#9806),#5603);
#5337=STYLED_ITEM('',(#9806),#5604);
#5338=STYLED_ITEM('',(#9806),#5605);
#5339=STYLED_ITEM('',(#9806),#5606);
#5340=STYLED_ITEM('',(#9806),#5607);
#5341=STYLED_ITEM('',(#9806),#5608);
#5342=STYLED_ITEM('',(#9806),#5609);
#5343=STYLED_ITEM('',(#9806),#5610);
#5344=STYLED_ITEM('',(#9806),#5611);
#5345=STYLED_ITEM('',(#9806),#5612);
#5346=STYLED_ITEM('',(#9806),#5613);
#5347=STYLED_ITEM('',(#9806),#5614);
#5348=STYLED_ITEM('',(#9806),#5615);
#5349=STYLED_ITEM('',(#9806),#5616);
#5350=STYLED_ITEM('',(#9806),#5617);
#5351=STYLED_ITEM('',(#9806),#5618);
#5352=STYLED_ITEM('',(#9806),#5619);
#5353=STYLED_ITEM('',(#9806),#5620);
#5354=STYLED_ITEM('',(#9806),#5621);
#5355=STYLED_ITEM('',(#9806),#5622);
#5356=STYLED_ITEM('',(#9806),#5623);
#5357=STYLED_ITEM('',(#9806),#5624);
#5358=STYLED_ITEM('',(#9806),#5625);
#5359=STYLED_ITEM('',(#9806),#5626);
#5360=STYLED_ITEM('',(#9806),#5627);
#5361=STYLED_ITEM('',(#9806),#5628);
#5362=STYLED_ITEM('',(#9806),#5629);
#5363=STYLED_ITEM('',(#9806),#5630);
#5364=STYLED_ITEM('',(#9806),#5631);
#5365=STYLED_ITEM('',(#9806),#5632);
#5366=STYLED_ITEM('',(#9806),#5633);
#5367=STYLED_ITEM('',(#9806),#5634);
#5368=STYLED_ITEM('',(#9806),#5635);
#5369=STYLED_ITEM('',(#9806),#5636);
#5370=STYLED_ITEM('',(#9806),#5637);
#5371=STYLED_ITEM('',(#9806),#5638);
#5372=STYLED_ITEM('',(#9806),#5639);
#5373=STYLED_ITEM('',(#9806),#5640);
#5374=STYLED_ITEM('',(#9806),#5641);
#5375=STYLED_ITEM('',(#9806),#5642);
#5376=STYLED_ITEM('',(#9806),#5643);
#5377=STYLED_ITEM('',(#9806),#5644);
#5378=STYLED_ITEM('',(#9806),#5645);
#5379=STYLED_ITEM('',(#9806),#5646);
#5380=STYLED_ITEM('',(#9806),#5647);
#5381=STYLED_ITEM('',(#9806),#5648);
#5382=STYLED_ITEM('',(#9806),#5649);
#5383=STYLED_ITEM('',(#9806),#5650);
#5384=STYLED_ITEM('',(#9806),#5651);
#5385=STYLED_ITEM('',(#9806),#5652);
#5386=STYLED_ITEM('',(#9806),#5653);
#5387=STYLED_ITEM('',(#9806),#5654);
#5388=STYLED_ITEM('',(#9806),#5655);
#5389=STYLED_ITEM('',(#9806),#5656);
#5390=STYLED_ITEM('',(#9806),#5657);
#5391=STYLED_ITEM('',(#9806),#5658);
#5392=STYLED_ITEM('',(#9806),#5659);
#5393=STYLED_ITEM('',(#9806),#5660);
#5394=STYLED_ITEM('',(#9806),#5661);
#5395=STYLED_ITEM('',(#9806),#5662);
#5396=STYLED_ITEM('',(#9806),#5663);
#5397=STYLED_ITEM('',(#9806),#5664);
#5398=STYLED_ITEM('',(#9806),#5665);
#5399=STYLED_ITEM('',(#9806),#5666);
#5400=STYLED_ITEM('',(#9806),#5667);
#5401=STYLED_ITEM('',(#9806),#5668);
#5402=STYLED_ITEM('',(#9806),#5669);
#5403=STYLED_ITEM('',(#9806),#5670);
#5404=STYLED_ITEM('',(#9806),#5671);
#5405=STYLED_ITEM('',(#9806),#5672);
#5406=STYLED_ITEM('',(#9806),#5673);
#5407=STYLED_ITEM('',(#9806),#5674);
#5408=STYLED_ITEM('',(#9806),#5675);
#5409=STYLED_ITEM('',(#9806),#5676);
#5410=STYLED_ITEM('',(#9806),#5677);
#5411=STYLED_ITEM('',(#9806),#5678);
#5412=STYLED_ITEM('',(#9806),#5679);
#5413=STYLED_ITEM('',(#9806),#5680);
#5414=STYLED_ITEM('',(#9806),#5681);
#5415=STYLED_ITEM('',(#9806),#5682);
#5416=STYLED_ITEM('',(#9806),#5683);
#5417=STYLED_ITEM('',(#9806),#5684);
#5418=STYLED_ITEM('',(#9806),#5685);
#5419=STYLED_ITEM('',(#9806),#5686);
#5420=STYLED_ITEM('',(#9806),#5687);
#5421=STYLED_ITEM('',(#9806),#5688);
#5422=STYLED_ITEM('',(#9806),#5689);
#5423=STYLED_ITEM('',(#9806),#5690);
#5424=STYLED_ITEM('',(#9806),#5691);
#5425=STYLED_ITEM('',(#9806),#5692);
#5426=STYLED_ITEM('',(#9806),#5693);
#5427=STYLED_ITEM('',(#9806),#5694);
#5428=STYLED_ITEM('',(#9806),#5695);
#5429=STYLED_ITEM('',(#9806),#5696);
#5430=STYLED_ITEM('',(#9806),#5697);
#5431=STYLED_ITEM('',(#9806),#5698);
#5432=STYLED_ITEM('',(#9806),#5699);
#5433=STYLED_ITEM('',(#9806),#5700);
#5434=STYLED_ITEM('',(#9806),#5701);
#5435=STYLED_ITEM('',(#9806),#5702);
#5436=STYLED_ITEM('',(#9806),#5703);
#5437=STYLED_ITEM('',(#9806),#5704);
#5438=STYLED_ITEM('',(#9806),#5705);
#5439=STYLED_ITEM('',(#9806),#5706);
#5440=STYLED_ITEM('',(#9806),#5707);
#5441=STYLED_ITEM('',(#9806),#5708);
#5442=STYLED_ITEM('',(#9806),#5709);
#5443=STYLED_ITEM('',(#9806),#5710);
#5444=STYLED_ITEM('',(#9806),#5711);
#5445=STYLED_ITEM('',(#9806),#5712);
#5446=STYLED_ITEM('',(#9806),#5713);
#5447=STYLED_ITEM('',(#9806),#5714);
#5448=STYLED_ITEM('',(#9806),#5715);
#5449=STYLED_ITEM('',(#9806),#5716);
#5450=STYLED_ITEM('',(#9806),#5717);
#5451=STYLED_ITEM('',(#9806),#5718);
#5452=STYLED_ITEM('',(#9806),#5719);
#5453=STYLED_ITEM('',(#9806),#5720);
#5454=STYLED_ITEM('',(#9806),#5721);
#5455=STYLED_ITEM('',(#9806),#5722);
#5456=STYLED_ITEM('',(#9806),#5723);
#5457=STYLED_ITEM('',(#9806),#5724);
#5458=STYLED_ITEM('',(#9806),#5725);
#5459=STYLED_ITEM('',(#9806),#5726);
#5460=STYLED_ITEM('',(#9806),#5727);
#5461=STYLED_ITEM('',(#9806),#5728);
#5462=STYLED_ITEM('',(#9806),#5729);
#5463=STYLED_ITEM('',(#9806),#5730);
#5464=STYLED_ITEM('',(#9806),#5731);
#5465=STYLED_ITEM('',(#9806),#5732);
#5466=STYLED_ITEM('',(#9806),#5733);
#5467=STYLED_ITEM('',(#9806),#5734);
#5468=STYLED_ITEM('',(#9806),#5735);
#5469=STYLED_ITEM('',(#9806),#5736);
#5470=STYLED_ITEM('',(#9806),#5737);
#5471=STYLED_ITEM('',(#9806),#5738);
#5472=STYLED_ITEM('',(#9806),#5739);
#5473=STYLED_ITEM('',(#9806),#5740);
#5474=STYLED_ITEM('',(#9806),#5741);
#5475=STYLED_ITEM('',(#9806),#5742);
#5476=STYLED_ITEM('',(#9806),#5743);
#5477=STYLED_ITEM('',(#9806),#5744);
#5478=STYLED_ITEM('',(#9806),#5745);
#5479=STYLED_ITEM('',(#9806),#5746);
#5480=STYLED_ITEM('',(#9806),#5747);
#5481=STYLED_ITEM('',(#9806),#5748);
#5482=STYLED_ITEM('',(#9806),#5749);
#5483=STYLED_ITEM('',(#9806),#5750);
#5484=STYLED_ITEM('',(#9806),#5751);
#5485=STYLED_ITEM('',(#9806),#5752);
#5486=STYLED_ITEM('',(#9806),#5753);
#5487=STYLED_ITEM('',(#9806),#5754);
#5488=STYLED_ITEM('',(#9806),#5755);
#5489=STYLED_ITEM('',(#9806),#5756);
#5490=STYLED_ITEM('',(#9806),#5757);
#5491=STYLED_ITEM('',(#9806),#5758);
#5492=STYLED_ITEM('',(#9806),#5759);
#5493=STYLED_ITEM('',(#9806),#5760);
#5494=STYLED_ITEM('',(#9806),#5761);
#5495=STYLED_ITEM('',(#9806),#5762);
#5496=STYLED_ITEM('',(#9806),#5763);
#5497=STYLED_ITEM('',(#9806),#5764);
#5498=STYLED_ITEM('',(#9806),#5765);
#5499=STYLED_ITEM('',(#9806),#5766);
#5500=STYLED_ITEM('',(#9806),#5767);
#5501=STYLED_ITEM('',(#9806),#5768);
#5502=STYLED_ITEM('',(#9806),#5769);
#5503=STYLED_ITEM('',(#9806),#5770);
#5504=STYLED_ITEM('',(#9806),#5771);
#5505=STYLED_ITEM('',(#9806),#5772);
#5506=STYLED_ITEM('',(#9806),#5773);
#5507=STYLED_ITEM('',(#9806),#5774);
#5508=STYLED_ITEM('',(#9806),#5775);
#5509=STYLED_ITEM('',(#9806),#5776);
#5510=STYLED_ITEM('',(#9806),#5777);
#5511=STYLED_ITEM('',(#9806),#5778);
#5512=STYLED_ITEM('',(#9806),#5779);
#5513=STYLED_ITEM('',(#9806),#5780);
#5514=STYLED_ITEM('',(#9806),#5781);
#5515=STYLED_ITEM('',(#9806),#5782);
#5516=STYLED_ITEM('',(#9806),#5783);
#5517=STYLED_ITEM('',(#9806),#5784);
#5518=STYLED_ITEM('',(#9806),#5785);
#5519=STYLED_ITEM('',(#9806),#5786);
#5520=STYLED_ITEM('',(#9806),#5787);
#5521=STYLED_ITEM('',(#9806),#5788);
#5522=STYLED_ITEM('',(#9807),#113);
#5523=STYLED_ITEM('',(#9811),#5789);
#5524=STYLED_ITEM('',(#9812),#5790);
#5525=STYLED_ITEM('',(#9811),#5791);
#5526=STYLED_ITEM('',(#9810),#114);
#5527=STYLED_ITEM('',(#9814),#5799);
#5528=STYLED_ITEM('',(#9815),#5801);
#5529=STYLED_ITEM('',(#9815),#5802);
#5530=STYLED_ITEM('',(#9814),#5810);
#5531=STYLED_ITEM('',(#9816),#5817);
#5532=STYLED_ITEM('',(#9817),#5821);
#5533=STYLED_ITEM('',(#9813),#115);
#5534=STYLED_ITEM('',(#9818),#116);
#5535=STYLED_ITEM('',(#9819),#117);
#5536=STYLED_ITEM('',(#9820),#118);
#5537=STYLED_ITEM('',(#9808),#5853);
#5538=STYLED_ITEM('',(#9808),#5854);
#5539=STYLED_ITEM('',(#9808),#5855);
#5540=STYLED_ITEM('',(#9808),#5856);
#5541=STYLED_ITEM('',(#9808),#5857);
#5542=STYLED_ITEM('',(#9808),#5858);
#5543=STYLED_ITEM('',(#9808),#5859);
#5544=STYLED_ITEM('',(#9808),#5860);
#5545=STYLED_ITEM('',(#9808),#5861);
#5546=STYLED_ITEM('',(#9808),#5862);
#5547=STYLED_ITEM('',(#9808),#5863);
#5548=STYLED_ITEM('',(#9808),#5864);
#5549=STYLED_ITEM('',(#9808),#5865);
#5550=STYLED_ITEM('',(#9808),#5866);
#5551=STYLED_ITEM('',(#9808),#5867);
#5552=STYLED_ITEM('',(#9807),#119);
#5553=STYLED_ITEM('',(#9820),#120);
#5554=STYLED_ITEM('',(#9821),#5869);
#5555=STYLED_ITEM('',(#9822),#5870);
#5556=STYLED_ITEM('',(#9822),#5871);
#5557=STYLED_ITEM('',(#9822),#5872);
#5558=STYLED_ITEM('',(#9822),#5873);
#5559=STYLED_ITEM('',(#9822),#5874);
#5560=STYLED_ITEM('',(#9822),#5875);
#5561=STYLED_ITEM('',(#9822),#5876);
#5562=STYLED_ITEM('',(#9822),#5877);
#5563=STYLED_ITEM('',(#9822),#5878);
#5564=STYLED_ITEM('',(#9822),#5879);
#5565=STYLED_ITEM('',(#9822),#5880);
#5566=STYLED_ITEM('',(#9822),#5881);
#5567=STYLED_ITEM('',(#9822),#5882);
#5568=STYLED_ITEM('',(#9822),#5883);
#5569=STYLED_ITEM('',(#9822),#5884);
#5570=STYLED_ITEM('',(#9807),#121);
#5571=STYLED_ITEM('',(#9823),#12);
#5572=ADVANCED_FACE('',(#1477,#1425),#5044,.T.);
#5573=ADVANCED_FACE('',(#1478),#1374,.T.);
#5574=ADVANCED_FACE('',(#1479),#1375,.F.);
#5575=ADVANCED_FACE('',(#1480,#1426),#5045,.T.);
#5576=ADVANCED_FACE('',(#1481,#1427),#5046,.T.);
#5577=ADVANCED_FACE('',(#1482),#1376,.F.);
#5578=ADVANCED_FACE('',(#1483),#1377,.T.);
#5579=ADVANCED_FACE('',(#1484),#5047,.T.);
#5580=ADVANCED_FACE('',(#1485),#1378,.T.);
#5581=ADVANCED_FACE('',(#1486),#5048,.T.);
#5582=ADVANCED_FACE('',(#1487),#5049,.T.);
#5583=ADVANCED_FACE('',(#1488),#1379,.F.);
#5584=ADVANCED_FACE('',(#1489),#5050,.F.);
#5585=ADVANCED_FACE('',(#1490),#1380,.F.);
#5586=ADVANCED_FACE('',(#1491),#5051,.F.);
#5587=ADVANCED_FACE('',(#1492,#1428),#5052,.T.);
#5588=ADVANCED_FACE('',(#1493,#1429),#5053,.T.);
#5589=ADVANCED_FACE('',(#1494),#5054,.T.);
#5590=ADVANCED_FACE('',(#1495),#5055,.T.);
#5591=ADVANCED_FACE('',(#1496),#5056,.T.);
#5592=ADVANCED_FACE('',(#1497),#5057,.T.);
#5593=ADVANCED_FACE('',(#1498),#5058,.T.);
#5594=ADVANCED_FACE('',(#1499),#5059,.T.);
#5595=ADVANCED_FACE('',(#1500),#5060,.T.);
#5596=ADVANCED_FACE('',(#1501),#5061,.T.);
#5597=ADVANCED_FACE('',(#1502),#5062,.T.);
#5598=ADVANCED_FACE('',(#1503),#5063,.T.);
#5599=ADVANCED_FACE('',(#1504),#1381,.F.);
#5600=ADVANCED_FACE('',(#1505),#1382,.F.);
#5601=ADVANCED_FACE('',(#1506),#1383,.F.);
#5602=ADVANCED_FACE('',(#1507),#1384,.F.);
#5603=ADVANCED_FACE('',(#1508),#5064,.F.);
#5604=ADVANCED_FACE('',(#1509,#1430),#5065,.T.);
#5605=ADVANCED_FACE('',(#1510),#5066,.T.);
#5606=ADVANCED_FACE('',(#1511),#5067,.T.);
#5607=ADVANCED_FACE('',(#1512),#5068,.T.);
#5608=ADVANCED_FACE('',(#1513),#5069,.T.);
#5609=ADVANCED_FACE('',(#1514),#5070,.T.);
#5610=ADVANCED_FACE('',(#1515),#5071,.T.);
#5611=ADVANCED_FACE('',(#1516),#5072,.T.);
#5612=ADVANCED_FACE('',(#1517),#5073,.T.);
#5613=ADVANCED_FACE('',(#1518,#1431),#5074,.T.);
#5614=ADVANCED_FACE('',(#1519,#1432),#5075,.F.);
#5615=ADVANCED_FACE('',(#1520),#5076,.T.);
#5616=ADVANCED_FACE('',(#1521),#5077,.T.);
#5617=ADVANCED_FACE('',(#1522),#5078,.T.);
#5618=ADVANCED_FACE('',(#1523),#5079,.T.);
#5619=ADVANCED_FACE('',(#1524),#5080,.T.);
#5620=ADVANCED_FACE('',(#1525),#5081,.T.);
#5621=ADVANCED_FACE('',(#1526),#5082,.T.);
#5622=ADVANCED_FACE('',(#1527),#5083,.T.);
#5623=ADVANCED_FACE('',(#1528),#5084,.T.);
#5624=ADVANCED_FACE('',(#1529,#1433),#5085,.T.);
#5625=ADVANCED_FACE('',(#1530),#5086,.T.);
#5626=ADVANCED_FACE('',(#1531),#5087,.T.);
#5627=ADVANCED_FACE('',(#1532),#5088,.T.);
#5628=ADVANCED_FACE('',(#1533),#5089,.T.);
#5629=ADVANCED_FACE('',(#1534),#5090,.T.);
#5630=ADVANCED_FACE('',(#1535),#5091,.T.);
#5631=ADVANCED_FACE('',(#1536),#5092,.T.);
#5632=ADVANCED_FACE('',(#1537),#5093,.T.);
#5633=ADVANCED_FACE('',(#1538,#1434),#5094,.T.);
#5634=ADVANCED_FACE('',(#1539,#1435),#5095,.T.);
#5635=ADVANCED_FACE('',(#1540,#1436),#5096,.T.);
#5636=ADVANCED_FACE('',(#1541),#1385,.F.);
#5637=ADVANCED_FACE('',(#1542),#5097,.T.);
#5638=ADVANCED_FACE('',(#1543,#1437),#5098,.T.);
#5639=ADVANCED_FACE('',(#1544),#5099,.T.);
#5640=ADVANCED_FACE('',(#1545),#5100,.T.);
#5641=ADVANCED_FACE('',(#1546),#5101,.T.);
#5642=ADVANCED_FACE('',(#1547,#1438),#5102,.F.);
#5643=ADVANCED_FACE('',(#1548),#5103,.T.);
#5644=ADVANCED_FACE('',(#1549),#5104,.T.);
#5645=ADVANCED_FACE('',(#1550),#5105,.T.);
#5646=ADVANCED_FACE('',(#1551),#1386,.T.);
#5647=ADVANCED_FACE('',(#1552,#1439,#1440),#1387,.T.);
#5648=ADVANCED_FACE('',(#1553),#1388,.F.);
#5649=ADVANCED_FACE('',(#1554),#1389,.F.);
#5650=ADVANCED_FACE('',(#1555,#1441),#5106,.T.);
#5651=ADVANCED_FACE('',(#1556,#1442),#5107,.T.);
#5652=ADVANCED_FACE('',(#1557),#5108,.T.);
#5653=ADVANCED_FACE('',(#1558),#5109,.T.);
#5654=ADVANCED_FACE('',(#1559),#5110,.F.);
#5655=ADVANCED_FACE('',(#1560),#5111,.F.);
#5656=ADVANCED_FACE('',(#1561),#5112,.T.);
#5657=ADVANCED_FACE('',(#1562),#5113,.T.);
#5658=ADVANCED_FACE('',(#1563),#5114,.T.);
#5659=ADVANCED_FACE('',(#1564),#5115,.T.);
#5660=ADVANCED_FACE('',(#1565),#5116,.T.);
#5661=ADVANCED_FACE('',(#1566),#5117,.T.);
#5662=ADVANCED_FACE('',(#1567),#5118,.T.);
#5663=ADVANCED_FACE('',(#1568),#5119,.T.);
#5664=ADVANCED_FACE('',(#1569),#5120,.T.);
#5665=ADVANCED_FACE('',(#1570),#5121,.T.);
#5666=ADVANCED_FACE('',(#1571),#5122,.T.);
#5667=ADVANCED_FACE('',(#1572),#5123,.T.);
#5668=ADVANCED_FACE('',(#1573,#1443),#5124,.T.);
#5669=ADVANCED_FACE('',(#1574),#5125,.T.);
#5670=ADVANCED_FACE('',(#1575),#5126,.F.);
#5671=ADVANCED_FACE('',(#1576),#5127,.F.);
#5672=ADVANCED_FACE('',(#1577),#5128,.F.);
#5673=ADVANCED_FACE('',(#1578),#5129,.F.);
#5674=ADVANCED_FACE('',(#1579),#5130,.T.);
#5675=ADVANCED_FACE('',(#1580),#5131,.T.);
#5676=ADVANCED_FACE('',(#1581),#5132,.T.);
#5677=ADVANCED_FACE('',(#1582),#5133,.T.);
#5678=ADVANCED_FACE('',(#1583),#5134,.T.);
#5679=ADVANCED_FACE('',(#1584),#5135,.T.);
#5680=ADVANCED_FACE('',(#1585),#5136,.T.);
#5681=ADVANCED_FACE('',(#1586),#5137,.T.);
#5682=ADVANCED_FACE('',(#1587),#5138,.T.);
#5683=ADVANCED_FACE('',(#1588),#5139,.T.);
#5684=ADVANCED_FACE('',(#1589),#5140,.T.);
#5685=ADVANCED_FACE('',(#1590),#5141,.T.);
#5686=ADVANCED_FACE('',(#1591),#5142,.T.);
#5687=ADVANCED_FACE('',(#1592,#1444),#5143,.T.);
#5688=ADVANCED_FACE('',(#1593),#5144,.T.);
#5689=ADVANCED_FACE('',(#1594),#5145,.T.);
#5690=ADVANCED_FACE('',(#1595),#5146,.T.);
#5691=ADVANCED_FACE('',(#1596),#5147,.T.);
#5692=ADVANCED_FACE('',(#1597),#5148,.T.);
#5693=ADVANCED_FACE('',(#1598),#5149,.T.);
#5694=ADVANCED_FACE('',(#1599),#5150,.T.);
#5695=ADVANCED_FACE('',(#1600),#5151,.T.);
#5696=ADVANCED_FACE('',(#1601,#1445),#5152,.T.);
#5697=ADVANCED_FACE('',(#1602,#1446),#5153,.T.);
#5698=ADVANCED_FACE('',(#1603),#5154,.F.);
#5699=ADVANCED_FACE('',(#1604),#5155,.F.);
#5700=ADVANCED_FACE('',(#1605),#5156,.T.);
#5701=ADVANCED_FACE('',(#1606),#5157,.T.);
#5702=ADVANCED_FACE('',(#1607),#5158,.T.);
#5703=ADVANCED_FACE('',(#1608),#5159,.T.);
#5704=ADVANCED_FACE('',(#1609),#5160,.T.);
#5705=ADVANCED_FACE('',(#1610),#5161,.T.);
#5706=ADVANCED_FACE('',(#1611),#5162,.T.);
#5707=ADVANCED_FACE('',(#1612),#5163,.T.);
#5708=ADVANCED_FACE('',(#1613),#5164,.F.);
#5709=ADVANCED_FACE('',(#1614),#1390,.T.);
#5710=ADVANCED_FACE('',(#1615),#5165,.F.);
#5711=ADVANCED_FACE('',(#1616),#5166,.F.);
#5712=ADVANCED_FACE('',(#1617),#5167,.F.);
#5713=ADVANCED_FACE('',(#1618),#5168,.F.);
#5714=ADVANCED_FACE('',(#1619),#5169,.F.);
#5715=ADVANCED_FACE('',(#1620),#5170,.F.);
#5716=ADVANCED_FACE('',(#1621),#5171,.F.);
#5717=ADVANCED_FACE('',(#1622),#5172,.F.);
#5718=ADVANCED_FACE('',(#1623),#5173,.F.);
#5719=ADVANCED_FACE('',(#1624),#5174,.F.);
#5720=ADVANCED_FACE('',(#1625,#1447),#5175,.F.);
#5721=ADVANCED_FACE('',(#1626),#5176,.T.);
#5722=ADVANCED_FACE('',(#1627),#5177,.T.);
#5723=ADVANCED_FACE('',(#1628,#1448),#5178,.F.);
#5724=ADVANCED_FACE('',(#1629),#5179,.F.);
#5725=ADVANCED_FACE('',(#1630),#5180,.F.);
#5726=ADVANCED_FACE('',(#1631),#5181,.F.);
#5727=ADVANCED_FACE('',(#1632),#5182,.F.);
#5728=ADVANCED_FACE('',(#1633,#1449),#5183,.F.);
#5729=ADVANCED_FACE('',(#1634),#5184,.F.);
#5730=ADVANCED_FACE('',(#1635),#5185,.F.);
#5731=ADVANCED_FACE('',(#1636),#5186,.T.);
#5732=ADVANCED_FACE('',(#1637),#5187,.F.);
#5733=ADVANCED_FACE('',(#1638),#5188,.T.);
#5734=ADVANCED_FACE('',(#1639),#5189,.T.);
#5735=ADVANCED_FACE('',(#1640),#5190,.T.);
#5736=ADVANCED_FACE('',(#1641),#5191,.T.);
#5737=ADVANCED_FACE('',(#1642),#5192,.T.);
#5738=ADVANCED_FACE('',(#1643),#5193,.T.);
#5739=ADVANCED_FACE('',(#1644),#5194,.F.);
#5740=ADVANCED_FACE('',(#1645),#5195,.F.);
#5741=ADVANCED_FACE('',(#1646),#1391,.T.);
#5742=ADVANCED_FACE('',(#1647),#5196,.F.);
#5743=ADVANCED_FACE('',(#1648),#5197,.T.);
#5744=ADVANCED_FACE('',(#1649),#5198,.F.);
#5745=ADVANCED_FACE('',(#1650),#5199,.F.);
#5746=ADVANCED_FACE('',(#1651),#5200,.F.);
#5747=ADVANCED_FACE('',(#1652,#1450,#1451,#1452),#1392,.F.);
#5748=ADVANCED_FACE('',(#1653),#5201,.F.);
#5749=ADVANCED_FACE('',(#1654),#1393,.F.);
#5750=ADVANCED_FACE('',(#1655,#1453,#1454),#5202,.F.);
#5751=ADVANCED_FACE('',(#1656),#5203,.F.);
#5752=ADVANCED_FACE('',(#1657),#5204,.F.);
#5753=ADVANCED_FACE('',(#1658,#1455),#5205,.T.);
#5754=ADVANCED_FACE('',(#1659),#5206,.T.);
#5755=ADVANCED_FACE('',(#1660),#5207,.T.);
#5756=ADVANCED_FACE('',(#1661),#1394,.T.);
#5757=ADVANCED_FACE('',(#1662),#5208,.F.);
#5758=ADVANCED_FACE('',(#1663),#5209,.F.);
#5759=ADVANCED_FACE('',(#1664),#5210,.T.);
#5760=ADVANCED_FACE('',(#1665),#5211,.T.);
#5761=ADVANCED_FACE('',(#1666),#5212,.T.);
#5762=ADVANCED_FACE('',(#1667),#5213,.T.);
#5763=ADVANCED_FACE('',(#1668),#5214,.T.);
#5764=ADVANCED_FACE('',(#1669),#5215,.T.);
#5765=ADVANCED_FACE('',(#1670),#5216,.T.);
#5766=ADVANCED_FACE('',(#1671),#5217,.T.);
#5767=ADVANCED_FACE('',(#1672,#1456,#1457),#5218,.T.);
#5768=ADVANCED_FACE('',(#1673),#5219,.T.);
#5769=ADVANCED_FACE('',(#1674),#1395,.T.);
#5770=ADVANCED_FACE('',(#1675,#1458,#1459,#1460),#5220,.F.);
#5771=ADVANCED_FACE('',(#1676,#1461,#1462),#1396,.F.);
#5772=ADVANCED_FACE('',(#1677),#1397,.F.);
#5773=ADVANCED_FACE('',(#1678),#1398,.F.);
#5774=ADVANCED_FACE('',(#1679),#1399,.F.);
#5775=ADVANCED_FACE('',(#1680),#5221,.T.);
#5776=ADVANCED_FACE('',(#1681),#1400,.F.);
#5777=ADVANCED_FACE('',(#1682),#1401,.F.);
#5778=ADVANCED_FACE('',(#1683),#1402,.F.);
#5779=ADVANCED_FACE('',(#1684),#5222,.T.);
#5780=ADVANCED_FACE('',(#1685),#5223,.T.);
#5781=ADVANCED_FACE('',(#1686),#5224,.T.);
#5782=ADVANCED_FACE('',(#1687,#1463,#1464,#1465),#1403,.T.);
#5783=ADVANCED_FACE('',(#1688),#5225,.T.);
#5784=ADVANCED_FACE('',(#1689),#5226,.F.);
#5785=ADVANCED_FACE('',(#1690),#1404,.F.);
#5786=ADVANCED_FACE('',(#1691),#5227,.T.);
#5787=ADVANCED_FACE('',(#1692,#1466),#5228,.T.);
#5788=ADVANCED_FACE('',(#1693),#5229,.T.);
#5789=ADVANCED_FACE('',(#1694),#1405,.T.);
#5790=ADVANCED_FACE('',(#1695),#5230,.T.);
#5791=ADVANCED_FACE('',(#1696),#5231,.F.);
#5792=ADVANCED_FACE('',(#1697),#5232,.T.);
#5793=ADVANCED_FACE('',(#1698),#5233,.T.);
#5794=ADVANCED_FACE('',(#1699),#5234,.T.);
#5795=ADVANCED_FACE('',(#1700),#5235,.T.);
#5796=ADVANCED_FACE('',(#1701),#5236,.T.);
#5797=ADVANCED_FACE('',(#1702),#5237,.T.);
#5798=ADVANCED_FACE('',(#1703),#5238,.T.);
#5799=ADVANCED_FACE('',(#1704),#5239,.T.);
#5800=ADVANCED_FACE('',(#1705),#5240,.F.);
#5801=ADVANCED_FACE('',(#1706),#5241,.T.);
#5802=ADVANCED_FACE('',(#1707),#5242,.T.);
#5803=ADVANCED_FACE('',(#1708),#5243,.F.);
#5804=ADVANCED_FACE('',(#1709),#5244,.F.);
#5805=ADVANCED_FACE('',(#1710),#1406,.T.);
#5806=ADVANCED_FACE('',(#1711),#5245,.F.);
#5807=ADVANCED_FACE('',(#1712),#1407,.F.);
#5808=ADVANCED_FACE('',(#1713),#5246,.F.);
#5809=ADVANCED_FACE('',(#1714),#5247,.F.);
#5810=ADVANCED_FACE('',(#1715,#1467),#5248,.T.);
#5811=ADVANCED_FACE('',(#1716),#5249,.F.);
#5812=ADVANCED_FACE('',(#1717),#5250,.F.);
#5813=ADVANCED_FACE('',(#1718),#1408,.F.);
#5814=ADVANCED_FACE('',(#1719),#5251,.F.);
#5815=ADVANCED_FACE('',(#1720),#5252,.F.);
#5816=ADVANCED_FACE('',(#1721),#1409,.F.);
#5817=ADVANCED_FACE('',(#1722),#5253,.T.);
#5818=ADVANCED_FACE('',(#1723),#5254,.F.);
#5819=ADVANCED_FACE('',(#1724),#1410,.F.);
#5820=ADVANCED_FACE('',(#1725),#5255,.F.);
#5821=ADVANCED_FACE('',(#1726),#5256,.T.);
#5822=ADVANCED_FACE('',(#1727,#1468),#5257,.T.);
#5823=ADVANCED_FACE('',(#1728),#5258,.T.);
#5824=ADVANCED_FACE('',(#1729),#5259,.T.);
#5825=ADVANCED_FACE('',(#1730),#5260,.T.);
#5826=ADVANCED_FACE('',(#1731),#5261,.T.);
#5827=ADVANCED_FACE('',(#1732,#1469),#5262,.T.);
#5828=ADVANCED_FACE('',(#1733),#5263,.T.);
#5829=ADVANCED_FACE('',(#1734),#5264,.T.);
#5830=ADVANCED_FACE('',(#1735),#5265,.T.);
#5831=ADVANCED_FACE('',(#1736),#5266,.T.);
#5832=ADVANCED_FACE('',(#1737),#5267,.T.);
#5833=ADVANCED_FACE('',(#1738),#5268,.T.);
#5834=ADVANCED_FACE('',(#1739),#5269,.T.);
#5835=ADVANCED_FACE('',(#1740),#5270,.T.);
#5836=ADVANCED_FACE('',(#1741),#5271,.T.);
#5837=ADVANCED_FACE('',(#1742,#1470),#5272,.T.);
#5838=ADVANCED_FACE('',(#1743,#1471),#5273,.T.);
#5839=ADVANCED_FACE('',(#1744),#5274,.T.);
#5840=ADVANCED_FACE('',(#1745),#5275,.T.);
#5841=ADVANCED_FACE('',(#1746),#5276,.T.);
#5842=ADVANCED_FACE('',(#1747),#5277,.T.);
#5843=ADVANCED_FACE('',(#1748),#5278,.T.);
#5844=ADVANCED_FACE('',(#1749),#5279,.F.);
#5845=ADVANCED_FACE('',(#1750),#1411,.T.);
#5846=ADVANCED_FACE('',(#1751),#1412,.T.);
#5847=ADVANCED_FACE('',(#1752),#1413,.T.);
#5848=ADVANCED_FACE('',(#1753),#1414,.T.);
#5849=ADVANCED_FACE('',(#1754),#1415,.T.);
#5850=ADVANCED_FACE('',(#1755),#1416,.T.);
#5851=ADVANCED_FACE('',(#1756),#1417,.T.);
#5852=ADVANCED_FACE('',(#1757),#1418,.T.);
#5853=ADVANCED_FACE('',(#1758),#5280,.F.);
#5854=ADVANCED_FACE('',(#1759),#5281,.T.);
#5855=ADVANCED_FACE('',(#1760),#5282,.T.);
#5856=ADVANCED_FACE('',(#1761),#5283,.T.);
#5857=ADVANCED_FACE('',(#1762),#5284,.T.);
#5858=ADVANCED_FACE('',(#1763),#5285,.T.);
#5859=ADVANCED_FACE('',(#1764),#5286,.T.);
#5860=ADVANCED_FACE('',(#1765),#5287,.T.);
#5861=ADVANCED_FACE('',(#1766),#5288,.T.);
#5862=ADVANCED_FACE('',(#1767),#5289,.T.);
#5863=ADVANCED_FACE('',(#1768),#5290,.T.);
#5864=ADVANCED_FACE('',(#1769),#5291,.T.);
#5865=ADVANCED_FACE('',(#1770),#5292,.T.);
#5866=ADVANCED_FACE('',(#1771),#5293,.T.);
#5867=ADVANCED_FACE('',(#1772,#1472),#5294,.F.);
#5868=ADVANCED_FACE('',(#1773),#66,.T.);
#5869=ADVANCED_FACE('',(#1774),#1419,.T.);
#5870=ADVANCED_FACE('',(#1775),#5295,.T.);
#5871=ADVANCED_FACE('',(#1776),#5296,.T.);
#5872=ADVANCED_FACE('',(#1777),#1420,.T.);
#5873=ADVANCED_FACE('',(#1778),#5297,.T.);
#5874=ADVANCED_FACE('',(#1779),#5298,.T.);
#5875=ADVANCED_FACE('',(#1780),#5299,.T.);
#5876=ADVANCED_FACE('',(#1781),#1421,.F.);
#5877=ADVANCED_FACE('',(#1782),#1422,.T.);
#5878=ADVANCED_FACE('',(#1783,#1473),#5300,.T.);
#5879=ADVANCED_FACE('',(#1784,#1474),#5301,.F.);
#5880=ADVANCED_FACE('',(#1785,#1475),#5302,.F.);
#5881=ADVANCED_FACE('',(#1786),#1423,.T.);
#5882=ADVANCED_FACE('',(#1787,#1476),#5303,.T.);
#5883=ADVANCED_FACE('',(#1788),#1424,.T.);
#5884=ADVANCED_FACE('',(#1789),#5304,.F.);
#5885=CLOSED_SHELL('',(#5572,#5573,#5574,#5575,#5576,#5577,#5578,#5579,
#5580,#5581,#5582,#5583,#5584,#5585,#5586,#5587,#5588,#5589,#5590,#5591,
#5592,#5593,#5594,#5595,#5596,#5597,#5598,#5599,#5600,#5601,#5602,#5603,
#5604,#5605,#5606,#5607,#5608,#5609,#5610,#5611,#5612,#5613,#5614,#5615,
#5616,#5617,#5618,#5619,#5620,#5621,#5622,#5623,#5624,#5625,#5626,#5627,
#5628,#5629,#5630,#5631,#5632,#5633,#5634,#5635,#5636,#5637,#5638,#5639,
#5640,#5641,#5642,#5643,#5644,#5645,#5646,#5647,#5648,#5649,#5650,#5651,
#5652,#5653,#5654,#5655,#5656,#5657,#5658,#5659,#5660,#5661,#5662,#5663,
#5664,#5665,#5666,#5667,#5668,#5669,#5670,#5671,#5672,#5673,#5674,#5675,
#5676,#5677,#5678,#5679,#5680,#5681,#5682,#5683,#5684,#5685,#5686,#5687,
#5688,#5689,#5690,#5691,#5692,#5693,#5694,#5695,#5696,#5697,#5698,#5699,
#5700,#5701,#5702,#5703,#5704,#5705,#5706,#5707,#5708,#5709,#5710,#5711,
#5712,#5713,#5714,#5715,#5716,#5717,#5718,#5719,#5720,#5721,#5722,#5723,
#5724,#5725,#5726,#5727,#5728,#5729,#5730,#5731,#5732,#5733,#5734,#5735,
#5736,#5737,#5738,#5739,#5740,#5741,#5742,#5743,#5744,#5745,#5746,#5747,
#5748,#5749,#5750,#5751,#5752,#5753,#5754,#5755,#5756,#5757,#5758,#5759,
#5760,#5761,#5762,#5763,#5764,#5765,#5766,#5767,#5768,#5769,#5770,#5771,
#5772,#5773,#5774,#5775,#5776,#5777,#5778,#5779,#5780,#5781,#5782,#5783,
#5784,#5785,#5786,#5787,#5788));
#5886=CLOSED_SHELL('',(#5789,#5790,#5791));
#5887=CLOSED_SHELL('',(#5792,#5793,#5794,#5795,#5796,#5797,#5798,#5799,
#5800,#5801,#5802,#5803,#5804,#5805,#5806,#5807,#5808,#5809,#5810,#5811,
#5812,#5813,#5814,#5815,#5816,#5817,#5818,#5819,#5820,#5821,#5822,#5823,
#5824,#5825,#5826,#5827,#5828));
#5888=CLOSED_SHELL('',(#5829,#5830,#5831,#5832,#5833,#5834,#5835,#5836,
#5837,#5838,#5839,#5840,#5841,#5842,#5843,#5844));
#5889=CLOSED_SHELL('',(#5845,#5846,#5847,#5848));
#5890=CLOSED_SHELL('',(#5849,#5850,#5851,#5852));
#5891=CLOSED_SHELL('',(#5853,#5854,#5855,#5856,#5857,#5858,#5859,#5860,
#5861,#5862,#5863,#5864,#5865,#5866,#5867));
#5892=CLOSED_SHELL('',(#5868));
#5893=CLOSED_SHELL('',(#5869,#5870,#5871,#5872,#5873,#5874,#5875,#5876,
#5877,#5878,#5879,#5880,#5881,#5882,#5883,#5884));
#5894=DERIVED_UNIT_ELEMENT(#5912,1.);
#5895=DERIVED_UNIT_ELEMENT(#9715,-3.);
#5896=DERIVED_UNIT_ELEMENT(#5912,1.);
#5897=DERIVED_UNIT_ELEMENT(#9715,-3.);
#5898=DERIVED_UNIT_ELEMENT(#5912,1.);
#5899=DERIVED_UNIT_ELEMENT(#9715,-3.);
#5900=DERIVED_UNIT_ELEMENT(#5912,1.);
#5901=DERIVED_UNIT_ELEMENT(#9715,-3.);
#5902=DERIVED_UNIT_ELEMENT(#5912,1.);
#5903=DERIVED_UNIT_ELEMENT(#9715,-3.);
#5904=DERIVED_UNIT_ELEMENT(#5912,1.);
#5905=DERIVED_UNIT_ELEMENT(#9715,-3.);
#5906=DERIVED_UNIT_ELEMENT(#5912,1.);
#5907=DERIVED_UNIT_ELEMENT(#9715,-3.);
#5908=DERIVED_UNIT_ELEMENT(#5912,1.);
#5909=DERIVED_UNIT_ELEMENT(#9715,-3.);
#5910=DERIVED_UNIT_ELEMENT(#5912,1.);
#5911=DERIVED_UNIT_ELEMENT(#9715,-3.);
#5912=(
CONVERSION_BASED_UNIT('gram',#5914)
MASS_UNIT()
NAMED_UNIT(#9712)
);
#5913=(
MASS_UNIT()
NAMED_UNIT(*)
SI_UNIT(.KILO.,.GRAM.)
);
#5914=MASS_MEASURE_WITH_UNIT(MASS_MEASURE(0.001),#5913);
#5915=DERIVED_UNIT((#5894,#5895));
#5916=DERIVED_UNIT((#5896,#5897));
#5917=DERIVED_UNIT((#5898,#5899));
#5918=DERIVED_UNIT((#5900,#5901));
#5919=DERIVED_UNIT((#5902,#5903));
#5920=DERIVED_UNIT((#5904,#5905));
#5921=DERIVED_UNIT((#5906,#5907));
#5922=DERIVED_UNIT((#5908,#5909));
#5923=DERIVED_UNIT((#5910,#5911));
#5924=MEASURE_REPRESENTATION_ITEM('density measure',
POSITIVE_RATIO_MEASURE(0.899),#5915);
#5925=MEASURE_REPRESENTATION_ITEM('density measure',
POSITIVE_RATIO_MEASURE(2.7),#5916);
#5926=MEASURE_REPRESENTATION_ITEM('density measure',
POSITIVE_RATIO_MEASURE(1.),#5917);
#5927=MEASURE_REPRESENTATION_ITEM('density measure',
POSITIVE_RATIO_MEASURE(1.2),#5918);
#5928=MEASURE_REPRESENTATION_ITEM('density measure',
POSITIVE_RATIO_MEASURE(0.93),#5919);
#5929=MEASURE_REPRESENTATION_ITEM('density measure',
POSITIVE_RATIO_MEASURE(0.93),#5920);
#5930=MEASURE_REPRESENTATION_ITEM('density measure',
POSITIVE_RATIO_MEASURE(0.899),#5921);
#5931=MEASURE_REPRESENTATION_ITEM('density measure',
POSITIVE_RATIO_MEASURE(0.93),#5922);
#5932=MEASURE_REPRESENTATION_ITEM('density measure',
POSITIVE_RATIO_MEASURE(0.899),#5923);
#5933=PROPERTY_DEFINITION_REPRESENTATION(#5978,#5951);
#5934=PROPERTY_DEFINITION_REPRESENTATION(#5979,#5952);
#5935=PROPERTY_DEFINITION_REPRESENTATION(#5980,#5953);
#5936=PROPERTY_DEFINITION_REPRESENTATION(#5981,#5954);
#5937=PROPERTY_DEFINITION_REPRESENTATION(#5982,#5955);
#5938=PROPERTY_DEFINITION_REPRESENTATION(#5983,#5956);
#5939=PROPERTY_DEFINITION_REPRESENTATION(#5984,#5957);
#5940=PROPERTY_DEFINITION_REPRESENTATION(#5985,#5958);
#5941=PROPERTY_DEFINITION_REPRESENTATION(#5986,#5959);
#5942=PROPERTY_DEFINITION_REPRESENTATION(#5987,#5960);
#5943=PROPERTY_DEFINITION_REPRESENTATION(#5988,#5961);
#5944=PROPERTY_DEFINITION_REPRESENTATION(#5989,#5962);
#5945=PROPERTY_DEFINITION_REPRESENTATION(#5990,#5963);
#5946=PROPERTY_DEFINITION_REPRESENTATION(#5991,#5964);
#5947=PROPERTY_DEFINITION_REPRESENTATION(#5992,#5965);
#5948=PROPERTY_DEFINITION_REPRESENTATION(#5993,#5966);
#5949=PROPERTY_DEFINITION_REPRESENTATION(#5994,#5967);
#5950=PROPERTY_DEFINITION_REPRESENTATION(#5995,#5968);
#5951=REPRESENTATION('material name',(#5969),#9701);
#5952=REPRESENTATION('density',(#5924),#9701);
#5953=REPRESENTATION('material name',(#5970),#9702);
#5954=REPRESENTATION('density',(#5925),#9702);
#5955=REPRESENTATION('material name',(#5971),#9703);
#5956=REPRESENTATION('density',(#5926),#9703);
#5957=REPRESENTATION('material name',(#5972),#9704);
#5958=REPRESENTATION('density',(#5927),#9704);
#5959=REPRESENTATION('material name',(#5973),#9705);
#5960=REPRESENTATION('density',(#5928),#9705);
#5961=REPRESENTATION('material name',(#5974),#9706);
#5962=REPRESENTATION('density',(#5929),#9706);
#5963=REPRESENTATION('material name',(#5975),#9707);
#5964=REPRESENTATION('density',(#5930),#9707);
#5965=REPRESENTATION('material name',(#5976),#9708);
#5966=REPRESENTATION('density',(#5931),#9708);
#5967=REPRESENTATION('material name',(#5977),#9709);
#5968=REPRESENTATION('density',(#5932),#9709);
#5969=DESCRIPTIVE_REPRESENTATION_ITEM('Polypropylene','Polypropylene');
#5970=DESCRIPTIVE_REPRESENTATION_ITEM('Aluminum, Anodized Red',
'Aluminum, Anodized Red');
#5971=DESCRIPTIVE_REPRESENTATION_ITEM('Generic','Generic');
#5972=DESCRIPTIVE_REPRESENTATION_ITEM('Polycarbonate, Clear',
'Polycarbonate, Clear');
#5973=DESCRIPTIVE_REPRESENTATION_ITEM('Rubber, Black','Rubber, Black');
#5974=DESCRIPTIVE_REPRESENTATION_ITEM('Rubber','Rubber');
#5975=DESCRIPTIVE_REPRESENTATION_ITEM('Polypropylene','Polypropylene');
#5976=DESCRIPTIVE_REPRESENTATION_ITEM('Rubber','Rubber');
#5977=DESCRIPTIVE_REPRESENTATION_ITEM('Polypropylene','Polypropylene');
#5978=PROPERTY_DEFINITION('material property','material name',#9764);
#5979=PROPERTY_DEFINITION('material property','density of part',#9764);
#5980=PROPERTY_DEFINITION('material property','material name',#9765);
#5981=PROPERTY_DEFINITION('material property','density of part',#9765);
#5982=PROPERTY_DEFINITION('material property','material name',#9766);
#5983=PROPERTY_DEFINITION('material property','density of part',#9766);
#5984=PROPERTY_DEFINITION('material property','material name',#9767);
#5985=PROPERTY_DEFINITION('material property','density of part',#9767);
#5986=PROPERTY_DEFINITION('material property','material name',#9768);
#5987=PROPERTY_DEFINITION('material property','density of part',#9768);
#5988=PROPERTY_DEFINITION('material property','material name',#9769);
#5989=PROPERTY_DEFINITION('material property','density of part',#9769);
#5990=PROPERTY_DEFINITION('material property','material name',#9770);
#5991=PROPERTY_DEFINITION('material property','density of part',#9770);
#5992=PROPERTY_DEFINITION('material property','material name',#9771);
#5993=PROPERTY_DEFINITION('material property','density of part',#9771);
#5994=PROPERTY_DEFINITION('material property','material name',#9772);
#5995=PROPERTY_DEFINITION('material property','density of part',#9772);
#5996=DATE_TIME_ROLE('creation_date');
#5997=DATE_TIME_ROLE('creation_date');
#5998=DATE_TIME_ROLE('creation_date');
#5999=DATE_TIME_ROLE('creation_date');
#6000=DATE_TIME_ROLE('creation_date');
#6001=DATE_TIME_ROLE('creation_date');
#6002=DATE_TIME_ROLE('creation_date');
#6003=DATE_TIME_ROLE('creation_date');
#6004=DATE_TIME_ROLE('creation_date');
#6005=DATE_TIME_ROLE('creation_date');
#6006=APPLIED_DATE_AND_TIME_ASSIGNMENT(#6016,#5996,(#9763));
#6007=APPLIED_DATE_AND_TIME_ASSIGNMENT(#6017,#5997,(#9764));
#6008=APPLIED_DATE_AND_TIME_ASSIGNMENT(#6018,#5998,(#9765));
#6009=APPLIED_DATE_AND_TIME_ASSIGNMENT(#6019,#5999,(#9766));
#6010=APPLIED_DATE_AND_TIME_ASSIGNMENT(#6020,#6000,(#9767));
#6011=APPLIED_DATE_AND_TIME_ASSIGNMENT(#6021,#6001,(#9768));
#6012=APPLIED_DATE_AND_TIME_ASSIGNMENT(#6022,#6002,(#9769));
#6013=APPLIED_DATE_AND_TIME_ASSIGNMENT(#6023,#6003,(#9770));
#6014=APPLIED_DATE_AND_TIME_ASSIGNMENT(#6024,#6004,(#9771));
#6015=APPLIED_DATE_AND_TIME_ASSIGNMENT(#6025,#6005,(#9772));
#6016=DATE_AND_TIME(#6026,#6036);
#6017=DATE_AND_TIME(#6027,#6037);
#6018=DATE_AND_TIME(#6028,#6038);
#6019=DATE_AND_TIME(#6029,#6039);
#6020=DATE_AND_TIME(#6030,#6040);
#6021=DATE_AND_TIME(#6031,#6041);
#6022=DATE_AND_TIME(#6032,#6042);
#6023=DATE_AND_TIME(#6033,#6043);
#6024=DATE_AND_TIME(#6034,#6044);
#6025=DATE_AND_TIME(#6035,#6045);
#6026=CALENDAR_DATE(2026,31,7);
#6027=CALENDAR_DATE(2026,31,7);
#6028=CALENDAR_DATE(2026,31,7);
#6029=CALENDAR_DATE(2026,31,7);
#6030=CALENDAR_DATE(2026,31,7);
#6031=CALENDAR_DATE(2026,1,8);
#6032=CALENDAR_DATE(2026,4,8);
#6033=CALENDAR_DATE(2026,4,8);
#6034=CALENDAR_DATE(2026,4,8);
#6035=CALENDAR_DATE(2026,4,8);
#6036=LOCAL_TIME(0,0,0.,#6046);
#6037=LOCAL_TIME(0,0,0.,#6047);
#6038=LOCAL_TIME(0,0,0.,#6048);
#6039=LOCAL_TIME(0,0,0.,#6049);
#6040=LOCAL_TIME(0,0,0.,#6050);
#6041=LOCAL_TIME(0,0,0.,#6051);
#6042=LOCAL_TIME(0,0,0.,#6052);
#6043=LOCAL_TIME(0,0,0.,#6053);
#6044=LOCAL_TIME(0,0,0.,#6054);
#6045=LOCAL_TIME(0,0,0.,#6055);
#6046=COORDINATED_UNIVERSAL_TIME_OFFSET(0,0,.BEHIND.);
#6047=COORDINATED_UNIVERSAL_TIME_OFFSET(0,0,.BEHIND.);
#6048=COORDINATED_UNIVERSAL_TIME_OFFSET(0,0,.BEHIND.);
#6049=COORDINATED_UNIVERSAL_TIME_OFFSET(0,0,.BEHIND.);
#6050=COORDINATED_UNIVERSAL_TIME_OFFSET(0,0,.BEHIND.);
#6051=COORDINATED_UNIVERSAL_TIME_OFFSET(0,0,.BEHIND.);
#6052=COORDINATED_UNIVERSAL_TIME_OFFSET(0,0,.BEHIND.);
#6053=COORDINATED_UNIVERSAL_TIME_OFFSET(0,0,.BEHIND.);
#6054=COORDINATED_UNIVERSAL_TIME_OFFSET(0,0,.BEHIND.);
#6055=COORDINATED_UNIVERSAL_TIME_OFFSET(0,0,.BEHIND.);
#6056=AXIS2_PLACEMENT_3D('',#8101,#6529,#6530);
#6057=AXIS2_PLACEMENT_3D('',#8102,#6531,#6532);
#6058=AXIS2_PLACEMENT_3D('',#8103,#6533,#6534);
#6059=AXIS2_PLACEMENT_3D('',#8105,#6535,#6536);
#6060=AXIS2_PLACEMENT_3D('',#8107,#6537,#6538);
#6061=AXIS2_PLACEMENT_3D('',#8108,#6539,#6540);
#6062=AXIS2_PLACEMENT_3D('',#8111,#6542,#6543);
#6063=AXIS2_PLACEMENT_3D('',#8112,#6544,#6545);
#6064=AXIS2_PLACEMENT_3D('',#8114,#6546,#6547);
#6065=AXIS2_PLACEMENT_3D('',#8117,#6549,#6550);
#6066=AXIS2_PLACEMENT_3D('',#8118,#6551,#6552);
#6067=AXIS2_PLACEMENT_3D('',#8119,#6553,#6554);
#6068=AXIS2_PLACEMENT_3D('',#8128,#6559,#6560);
#6069=AXIS2_PLACEMENT_3D('',#8130,#6561,#6562);
#6070=AXIS2_PLACEMENT_3D('',#8132,#6564,#6565);
#6071=AXIS2_PLACEMENT_3D('',#8135,#6566,#6567);
#6072=AXIS2_PLACEMENT_3D('',#8139,#6569,#6570);
#6073=AXIS2_PLACEMENT_3D('',#8141,#6572,#6573);
#6074=AXIS2_PLACEMENT_3D('',#8147,#6577,#6578);
#6075=AXIS2_PLACEMENT_3D('',#8149,#6579,#6580);
#6076=AXIS2_PLACEMENT_3D('',#8151,#6581,#6582);
#6077=AXIS2_PLACEMENT_3D('',#8153,#6584,#6585);
#6078=AXIS2_PLACEMENT_3D('',#8156,#6588,#6589);
#6079=AXIS2_PLACEMENT_3D('',#8157,#6590,#6591);
#6080=AXIS2_PLACEMENT_3D('',#8160,#6592,#6593);
#6081=AXIS2_PLACEMENT_3D('',#8164,#6595,#6596);
#6082=AXIS2_PLACEMENT_3D('',#8166,#6598,#6599);
#6083=AXIS2_PLACEMENT_3D('',#8172,#6603,#6604);
#6084=AXIS2_PLACEMENT_3D('',#8174,#6605,#6606);
#6085=AXIS2_PLACEMENT_3D('',#8177,#6608,#6609);
#6086=AXIS2_PLACEMENT_3D('',#8178,#6610,#6611);
#6087=AXIS2_PLACEMENT_3D('',#8181,#6614,#6615);
#6088=AXIS2_PLACEMENT_3D('',#8182,#6616,#6617);
#6089=AXIS2_PLACEMENT_3D('',#8191,#6622,#6623);
#6090=AXIS2_PLACEMENT_3D('',#8197,#6627,#6628);
#6091=AXIS2_PLACEMENT_3D('',#8203,#6632,#6633);
#6092=AXIS2_PLACEMENT_3D('',#8206,#6636,#6637);
#6093=AXIS2_PLACEMENT_3D('',#8207,#6638,#6639);
#6094=AXIS2_PLACEMENT_3D('',#8216,#6644,#6645);
#6095=AXIS2_PLACEMENT_3D('',#8222,#6649,#6650);
#6096=AXIS2_PLACEMENT_3D('',#8228,#6654,#6655);
#6097=AXIS2_PLACEMENT_3D('',#8231,#6658,#6659);
#6098=AXIS2_PLACEMENT_3D('',#8232,#6660,#6661);
#6099=AXIS2_PLACEMENT_3D('',#8234,#6662,#6663);
#6100=AXIS2_PLACEMENT_3D('',#8235,#6664,#6665);
#6101=AXIS2_PLACEMENT_3D('',#8238,#6666,#6667);
#6102=AXIS2_PLACEMENT_3D('',#8242,#6669,#6670);
#6103=AXIS2_PLACEMENT_3D('',#8244,#6672,#6673);
#6104=AXIS2_PLACEMENT_3D('',#8247,#6674,#6675);
#6105=AXIS2_PLACEMENT_3D('',#8251,#6677,#6678);
#6106=AXIS2_PLACEMENT_3D('',#8253,#6680,#6681);
#6107=AXIS2_PLACEMENT_3D('',#8256,#6682,#6683);
#6108=AXIS2_PLACEMENT_3D('',#8260,#6685,#6686);
#6109=AXIS2_PLACEMENT_3D('',#8262,#6688,#6689);
#6110=AXIS2_PLACEMENT_3D('',#8265,#6690,#6691);
#6111=AXIS2_PLACEMENT_3D('',#8269,#6693,#6694);
#6112=AXIS2_PLACEMENT_3D('',#8271,#6696,#6697);
#6113=AXIS2_PLACEMENT_3D('',#8296,#6712,#6713);
#6114=AXIS2_PLACEMENT_3D('',#8303,#6717,#6718);
#6115=AXIS2_PLACEMENT_3D('',#8304,#6719,#6720);
#6116=AXIS2_PLACEMENT_3D('',#8313,#6725,#6726);
#6117=AXIS2_PLACEMENT_3D('',#8319,#6730,#6731);
#6118=AXIS2_PLACEMENT_3D('',#8325,#6735,#6736);
#6119=AXIS2_PLACEMENT_3D('',#8328,#6739,#6740);
#6120=AXIS2_PLACEMENT_3D('',#8337,#6745,#6746);
#6121=AXIS2_PLACEMENT_3D('',#8343,#6750,#6751);
#6122=AXIS2_PLACEMENT_3D('',#8349,#6755,#6756);
#6123=AXIS2_PLACEMENT_3D('',#8352,#6759,#6760);
#6124=AXIS2_PLACEMENT_3D('',#8353,#6761,#6762);
#6125=AXIS2_PLACEMENT_3D('',#8362,#6767,#6768);
#6126=AXIS2_PLACEMENT_3D('',#8364,#6769,#6770);
#6127=AXIS2_PLACEMENT_3D('',#8365,#6771,#6772);
#6128=AXIS2_PLACEMENT_3D('',#8374,#6777,#6778);
#6129=AXIS2_PLACEMENT_3D('',#8380,#6782,#6783);
#6130=AXIS2_PLACEMENT_3D('',#8389,#6788,#6789);
#6131=AXIS2_PLACEMENT_3D('',#8395,#6793,#6794);
#6132=AXIS2_PLACEMENT_3D('',#8401,#6798,#6799);
#6133=AXIS2_PLACEMENT_3D('',#8404,#6802,#6803);
#6134=AXIS2_PLACEMENT_3D('',#8410,#6807,#6808);
#6135=AXIS2_PLACEMENT_3D('',#8413,#6811,#6812);
#6136=AXIS2_PLACEMENT_3D('',#8414,#6813,#6814);
#6137=AXIS2_PLACEMENT_3D('',#8423,#6819,#6820);
#6138=AXIS2_PLACEMENT_3D('',#8429,#6824,#6825);
#6139=AXIS2_PLACEMENT_3D('',#8438,#6830,#6831);
#6140=AXIS2_PLACEMENT_3D('',#8444,#6835,#6836);
#6141=AXIS2_PLACEMENT_3D('',#8450,#6840,#6841);
#6142=AXIS2_PLACEMENT_3D('',#8453,#6844,#6845);
#6143=AXIS2_PLACEMENT_3D('',#8459,#6849,#6850);
#6144=AXIS2_PLACEMENT_3D('',#8462,#6853,#6854);
#6145=AXIS2_PLACEMENT_3D('',#8463,#6855,#6856);
#6146=AXIS2_PLACEMENT_3D('',#8472,#6861,#6862);
#6147=AXIS2_PLACEMENT_3D('',#8481,#6867,#6868);
#6148=AXIS2_PLACEMENT_3D('',#8483,#6869,#6870);
#6149=AXIS2_PLACEMENT_3D('',#8486,#6872,#6873);
#6150=AXIS2_PLACEMENT_3D('',#8487,#6874,#6875);
#6151=AXIS2_PLACEMENT_3D('',#8496,#6880,#6881);
#6152=AXIS2_PLACEMENT_3D('',#8505,#6886,#6887);
#6153=AXIS2_PLACEMENT_3D('',#8506,#6888,#6889);
#6154=AXIS2_PLACEMENT_3D('',#8508,#6891,#6892);
#6155=AXIS2_PLACEMENT_3D('',#8510,#6893,#6894);
#6156=AXIS2_PLACEMENT_3D('',#8512,#6896,#6897);
#6157=AXIS2_PLACEMENT_3D('',#8513,#6898,#6899);
#6158=AXIS2_PLACEMENT_3D('',#8515,#6901,#6902);
#6159=AXIS2_PLACEMENT_3D('',#8516,#6903,#6904);
#6160=AXIS2_PLACEMENT_3D('',#8518,#6905,#6906);
#6161=AXIS2_PLACEMENT_3D('',#8520,#6908,#6909);
#6162=AXIS2_PLACEMENT_3D('',#8521,#6910,#6911);
#6163=AXIS2_PLACEMENT_3D('',#8523,#6913,#6914);
#6164=AXIS2_PLACEMENT_3D('',#8525,#6915,#6916);
#6165=AXIS2_PLACEMENT_3D('',#8528,#6918,#6919);
#6166=AXIS2_PLACEMENT_3D('',#8529,#6920,#6921);
#6167=AXIS2_PLACEMENT_3D('',#8532,#6922,#6923);
#6168=AXIS2_PLACEMENT_3D('',#8536,#6925,#6926);
#6169=AXIS2_PLACEMENT_3D('',#8540,#6928,#6929);
#6170=AXIS2_PLACEMENT_3D('',#8544,#6931,#6932);
#6171=AXIS2_PLACEMENT_3D('',#8549,#6935,#6936);
#6172=AXIS2_PLACEMENT_3D('',#8553,#6938,#6939);
#6173=AXIS2_PLACEMENT_3D('',#8555,#6941,#6942);
#6174=AXIS2_PLACEMENT_3D('',#8557,#6943,#6944);
#6175=AXIS2_PLACEMENT_3D('',#8559,#6946,#6947);
#6176=AXIS2_PLACEMENT_3D('',#8561,#6948,#6949);
#6177=AXIS2_PLACEMENT_3D('',#8564,#6951,#6952);
#6178=AXIS2_PLACEMENT_3D('',#8565,#6953,#6954);
#6179=AXIS2_PLACEMENT_3D('',#8566,#6955,#6956);
#6180=AXIS2_PLACEMENT_3D('',#8567,#6957,#6958);
#6181=AXIS2_PLACEMENT_3D('',#8573,#6962,#6963);
#6182=AXIS2_PLACEMENT_3D('',#8577,#6966,#6967);
#6183=AXIS2_PLACEMENT_3D('',#8583,#6971,#6972);
#6184=AXIS2_PLACEMENT_3D('',#8587,#6975,#6976);
#6185=AXIS2_PLACEMENT_3D('',#8596,#6981,#6982);
#6186=AXIS2_PLACEMENT_3D('',#8605,#6987,#6988);
#6187=AXIS2_PLACEMENT_3D('',#8608,#6989,#6990);
#6188=AXIS2_PLACEMENT_3D('',#8612,#6993,#6994);
#6189=AXIS2_PLACEMENT_3D('',#8614,#6995,#6996);
#6190=AXIS2_PLACEMENT_3D('',#8618,#6999,#7000);
#6191=AXIS2_PLACEMENT_3D('',#8620,#7001,#7002);
#6192=AXIS2_PLACEMENT_3D('',#8623,#7005,#7006);
#6193=AXIS2_PLACEMENT_3D('',#8629,#7010,#7011);
#6194=AXIS2_PLACEMENT_3D('',#8635,#7015,#7016);
#6195=AXIS2_PLACEMENT_3D('',#8639,#7019,#7020);
#6196=AXIS2_PLACEMENT_3D('',#8640,#7021,#7022);
#6197=AXIS2_PLACEMENT_3D('',#8641,#7023,#7024);
#6198=AXIS2_PLACEMENT_3D('',#8642,#7025,#7026);
#6199=AXIS2_PLACEMENT_3D('',#8644,#7028,#7029);
#6200=AXIS2_PLACEMENT_3D('',#8646,#7030,#7031);
#6201=AXIS2_PLACEMENT_3D('',#8649,#7034,#7035);
#6202=AXIS2_PLACEMENT_3D('',#8651,#7037,#7038);
#6203=AXIS2_PLACEMENT_3D('',#8660,#7043,#7044);
#6204=AXIS2_PLACEMENT_3D('',#8664,#7048,#7049);
#6205=AXIS2_PLACEMENT_3D('',#8667,#7052,#7053);
#6206=AXIS2_PLACEMENT_3D('',#8669,#7055,#7056);
#6207=AXIS2_PLACEMENT_3D('',#8671,#7058,#7059);
#6208=AXIS2_PLACEMENT_3D('',#8672,#7060,#7061);
#6209=AXIS2_PLACEMENT_3D('',#8676,#7064,#7065);
#6210=AXIS2_PLACEMENT_3D('',#8682,#7069,#7070);
#6211=AXIS2_PLACEMENT_3D('',#8688,#7074,#7075);
#6212=AXIS2_PLACEMENT_3D('',#8691,#7076,#7077);
#6213=AXIS2_PLACEMENT_3D('',#8695,#7080,#7081);
#6214=AXIS2_PLACEMENT_3D('',#8697,#7082,#7083);
#6215=AXIS2_PLACEMENT_3D('',#8701,#7086,#7087);
#6216=AXIS2_PLACEMENT_3D('',#8704,#7089,#7090);
#6217=AXIS2_PLACEMENT_3D('',#8705,#7091,#7092);
#6218=AXIS2_PLACEMENT_3D('',#8708,#7093,#7094);
#6219=AXIS2_PLACEMENT_3D('',#8712,#7097,#7098);
#6220=AXIS2_PLACEMENT_3D('',#8714,#7099,#7100);
#6221=AXIS2_PLACEMENT_3D('',#8718,#7103,#7104);
#6222=AXIS2_PLACEMENT_3D('',#8721,#7107,#7108);
#6223=AXIS2_PLACEMENT_3D('',#8723,#7110,#7111);
#6224=AXIS2_PLACEMENT_3D('',#8726,#7114,#7115);
#6225=AXIS2_PLACEMENT_3D('',#8730,#7118,#7119);
#6226=AXIS2_PLACEMENT_3D('',#8731,#7120,#7121);
#6227=AXIS2_PLACEMENT_3D('',#8732,#7122,#7123);
#6228=AXIS2_PLACEMENT_3D('',#8733,#7124,#7125);
#6229=AXIS2_PLACEMENT_3D('',#8742,#7130,#7131);
#6230=AXIS2_PLACEMENT_3D('',#8744,#7132,#7133);
#6231=AXIS2_PLACEMENT_3D('',#8748,#7136,#7137);
#6232=AXIS2_PLACEMENT_3D('',#8750,#7138,#7139);
#6233=AXIS2_PLACEMENT_3D('',#8754,#7142,#7143);
#6234=AXIS2_PLACEMENT_3D('',#8757,#7144,#7145);
#6235=AXIS2_PLACEMENT_3D('',#8763,#7149,#7150);
#6236=AXIS2_PLACEMENT_3D('',#8766,#7153,#7154);
#6237=AXIS2_PLACEMENT_3D('',#8772,#7158,#7159);
#6238=AXIS2_PLACEMENT_3D('',#8778,#7163,#7164);
#6239=AXIS2_PLACEMENT_3D('',#8779,#7165,#7166);
#6240=AXIS2_PLACEMENT_3D('',#8781,#7168,#7169);
#6241=AXIS2_PLACEMENT_3D('',#8785,#7172,#7173);
#6242=AXIS2_PLACEMENT_3D('',#8786,#7174,#7175);
#6243=AXIS2_PLACEMENT_3D('',#8788,#7177,#7178);
#6244=AXIS2_PLACEMENT_3D('',#8789,#7179,#7180);
#6245=AXIS2_PLACEMENT_3D('',#8798,#7185,#7186);
#6246=AXIS2_PLACEMENT_3D('',#8807,#7191,#7192);
#6247=AXIS2_PLACEMENT_3D('',#8816,#7197,#7198);
#6248=AXIS2_PLACEMENT_3D('',#8825,#7203,#7204);
#6249=AXIS2_PLACEMENT_3D('',#8834,#7209,#7210);
#6250=AXIS2_PLACEMENT_3D('',#8837,#7213,#7214);
#6251=AXIS2_PLACEMENT_3D('',#8840,#7217,#7218);
#6252=AXIS2_PLACEMENT_3D('',#8842,#7219,#7220);
#6253=AXIS2_PLACEMENT_3D('',#8844,#7221,#7222);
#6254=AXIS2_PLACEMENT_3D('',#8847,#7224,#7225);
#6255=AXIS2_PLACEMENT_3D('',#8849,#7226,#7227);
#6256=AXIS2_PLACEMENT_3D('',#8851,#7229,#7230);
#6257=AXIS2_PLACEMENT_3D('',#8857,#7234,#7235);
#6258=AXIS2_PLACEMENT_3D('',#8859,#7236,#7237);
#6259=AXIS2_PLACEMENT_3D('',#8861,#7239,#7240);
#6260=AXIS2_PLACEMENT_3D('',#8864,#7242,#7243);
#6261=AXIS2_PLACEMENT_3D('',#8870,#7246,#7247);
#6262=AXIS2_PLACEMENT_3D('',#8872,#7249,#7250);
#6263=AXIS2_PLACEMENT_3D('',#8876,#7253,#7254);
#6264=AXIS2_PLACEMENT_3D('',#8882,#7258,#7259);
#6265=AXIS2_PLACEMENT_3D('',#8891,#7264,#7265);
#6266=AXIS2_PLACEMENT_3D('',#8897,#7269,#7270);
#6267=AXIS2_PLACEMENT_3D('',#8903,#7274,#7275);
#6268=AXIS2_PLACEMENT_3D('',#8906,#7278,#7279);
#6269=AXIS2_PLACEMENT_3D('',#8915,#7286,#7287);
#6270=AXIS2_PLACEMENT_3D('',#8920,#7291,#7292);
#6271=AXIS2_PLACEMENT_3D('',#8927,#7298,#7299);
#6272=AXIS2_PLACEMENT_3D('',#8930,#7302,#7303);
#6273=AXIS2_PLACEMENT_3D('',#8931,#7304,#7305);
#6274=AXIS2_PLACEMENT_3D('',#8933,#7306,#7307);
#6275=AXIS2_PLACEMENT_3D('',#8944,#7313,#7314);
#6276=AXIS2_PLACEMENT_3D('',#8945,#7315,#7316);
#6277=AXIS2_PLACEMENT_3D('',#8951,#7320,#7321);
#6278=AXIS2_PLACEMENT_3D('',#8960,#7326,#7327);
#6279=AXIS2_PLACEMENT_3D('',#8966,#7331,#7332);
#6280=AXIS2_PLACEMENT_3D('',#8970,#7335,#7336);
#6281=AXIS2_PLACEMENT_3D('',#8974,#7339,#7340);
#6282=AXIS2_PLACEMENT_3D('',#8976,#7342,#7343);
#6283=AXIS2_PLACEMENT_3D('',#8982,#7347,#7348);
#6284=AXIS2_PLACEMENT_3D('',#8985,#7351,#7352);
#6285=AXIS2_PLACEMENT_3D('',#8986,#7353,#7354);
#6286=AXIS2_PLACEMENT_3D('',#8992,#7358,#7359);
#6287=AXIS2_PLACEMENT_3D('',#8996,#7362,#7363);
#6288=AXIS2_PLACEMENT_3D('',#9004,#7368,#7369);
#6289=AXIS2_PLACEMENT_3D('',#9008,#7372,#7373);
#6290=AXIS2_PLACEMENT_3D('',#9016,#7378,#7379);
#6291=AXIS2_PLACEMENT_3D('',#9019,#7382,#7383);
#6292=AXIS2_PLACEMENT_3D('',#9021,#7385,#7386);
#6293=AXIS2_PLACEMENT_3D('',#9022,#7387,#7388);
#6294=AXIS2_PLACEMENT_3D('',#9023,#7389,#7390);
#6295=AXIS2_PLACEMENT_3D('',#9024,#7391,#7392);
#6296=AXIS2_PLACEMENT_3D('',#9025,#7393,#7394);
#6297=AXIS2_PLACEMENT_3D('',#9027,#7396,#7397);
#6298=AXIS2_PLACEMENT_3D('',#9029,#7399,#7400);
#6299=AXIS2_PLACEMENT_3D('',#9038,#7405,#7406);
#6300=AXIS2_PLACEMENT_3D('',#9040,#7407,#7408);
#6301=AXIS2_PLACEMENT_3D('',#9049,#7414,#7415);
#6302=AXIS2_PLACEMENT_3D('',#9053,#7418,#7419);
#6303=AXIS2_PLACEMENT_3D('',#9060,#7423,#7424);
#6304=AXIS2_PLACEMENT_3D('',#9062,#7426,#7427);
#6305=AXIS2_PLACEMENT_3D('',#9065,#7430,#7431);
#6306=AXIS2_PLACEMENT_3D('',#9066,#7432,#7433);
#6307=AXIS2_PLACEMENT_3D('',#9068,#7435,#7436);
#6308=AXIS2_PLACEMENT_3D('',#9070,#7438,#7439);
#6309=AXIS2_PLACEMENT_3D('',#9073,#7442,#7443);
#6310=AXIS2_PLACEMENT_3D('',#9076,#7446,#7447);
#6311=AXIS2_PLACEMENT_3D('',#9082,#7451,#7452);
#6312=AXIS2_PLACEMENT_3D('',#9083,#7453,#7454);
#6313=AXIS2_PLACEMENT_3D('',#9084,#7455,#7456);
#6314=AXIS2_PLACEMENT_3D('',#9086,#7457,#7458);
#6315=AXIS2_PLACEMENT_3D('',#9087,#7459,#7460);
#6316=AXIS2_PLACEMENT_3D('',#9092,#7462,#7463);
#6317=AXIS2_PLACEMENT_3D('',#9096,#7466,#7467);
#6318=AXIS2_PLACEMENT_3D('',#9101,#7470,#7471);
#6319=AXIS2_PLACEMENT_3D('',#9102,#7472,#7473);
#6320=AXIS2_PLACEMENT_3D('',#9105,#7476,#7477);
#6321=AXIS2_PLACEMENT_3D('',#9108,#7480,#7481);
#6322=AXIS2_PLACEMENT_3D('',#9111,#7484,#7485);
#6323=AXIS2_PLACEMENT_3D('',#9112,#7486,#7487);
#6324=AXIS2_PLACEMENT_3D('',#9113,#7488,#7489);
#6325=AXIS2_PLACEMENT_3D('',#9115,#7491,#7492);
#6326=AXIS2_PLACEMENT_3D('',#9116,#7493,#7494);
#6327=AXIS2_PLACEMENT_3D('',#9117,#7495,#7496);
#6328=AXIS2_PLACEMENT_3D('',#9118,#7497,#7498);
#6329=AXIS2_PLACEMENT_3D('',#9120,#7500,#7501);
#6330=AXIS2_PLACEMENT_3D('',#9121,#7502,#7503);
#6331=AXIS2_PLACEMENT_3D('',#9143,#7515,#7516);
#6332=AXIS2_PLACEMENT_3D('',#9145,#7518,#7519);
#6333=AXIS2_PLACEMENT_3D('',#9146,#7520,#7521);
#6334=AXIS2_PLACEMENT_3D('',#9147,#7522,#7523);
#6335=AXIS2_PLACEMENT_3D('',#9150,#7524,#7525);
#6336=AXIS2_PLACEMENT_3D('',#9154,#7527,#7528);
#6337=AXIS2_PLACEMENT_3D('',#9156,#7530,#7531);
#6338=AXIS2_PLACEMENT_3D('',#9159,#7532,#7533);
#6339=AXIS2_PLACEMENT_3D('',#9163,#7535,#7536);
#6340=AXIS2_PLACEMENT_3D('',#9165,#7538,#7539);
#6341=AXIS2_PLACEMENT_3D('',#9168,#7540,#7541);
#6342=AXIS2_PLACEMENT_3D('',#9172,#7543,#7544);
#6343=AXIS2_PLACEMENT_3D('',#9174,#7546,#7547);
#6344=AXIS2_PLACEMENT_3D('',#9177,#7548,#7549);
#6345=AXIS2_PLACEMENT_3D('',#9181,#7551,#7552);
#6346=AXIS2_PLACEMENT_3D('',#9183,#7554,#7555);
#6347=AXIS2_PLACEMENT_3D('',#9188,#7558,#7559);
#6348=AXIS2_PLACEMENT_3D('',#9191,#7562,#7563);
#6349=AXIS2_PLACEMENT_3D('',#9192,#7564,#7565);
#6350=AXIS2_PLACEMENT_3D('',#9193,#7566,#7567);
#6351=AXIS2_PLACEMENT_3D('',#9194,#7568,#7569);
#6352=AXIS2_PLACEMENT_3D('',#9195,#7570,#7571);
#6353=AXIS2_PLACEMENT_3D('',#9196,#7572,#7573);
#6354=AXIS2_PLACEMENT_3D('',#9197,#7574,#7575);
#6355=AXIS2_PLACEMENT_3D('',#9198,#7576,#7577);
#6356=AXIS2_PLACEMENT_3D('',#9199,#7578,#7579);
#6357=AXIS2_PLACEMENT_3D('',#9200,#7580,#7581);
#6358=AXIS2_PLACEMENT_3D('',#9202,#7583,#7584);
#6359=AXIS2_PLACEMENT_3D('',#9204,#7586,#7587);
#6360=AXIS2_PLACEMENT_3D('',#9208,#7590,#7591);
#6361=AXIS2_PLACEMENT_3D('',#9210,#7592,#7593);
#6362=AXIS2_PLACEMENT_3D('',#9212,#7595,#7596);
#6363=AXIS2_PLACEMENT_3D('',#9214,#7598,#7599);
#6364=AXIS2_PLACEMENT_3D('',#9215,#7600,#7601);
#6365=AXIS2_PLACEMENT_3D('',#9218,#7603,#7604);
#6366=AXIS2_PLACEMENT_3D('',#9219,#7605,#7606);
#6367=AXIS2_PLACEMENT_3D('',#9220,#7607,#7608);
#6368=AXIS2_PLACEMENT_3D('',#9222,#7610,#7611);
#6369=AXIS2_PLACEMENT_3D('',#9225,#7612,#7613);
#6370=AXIS2_PLACEMENT_3D('',#9226,#7614,#7615);
#6371=AXIS2_PLACEMENT_3D('',#9228,#7616,#7617);
#6372=AXIS2_PLACEMENT_3D('',#9231,#7619,#7620);
#6373=AXIS2_PLACEMENT_3D('',#9232,#7621,#7622);
#6374=AXIS2_PLACEMENT_3D('',#9233,#7623,#7624);
#6375=AXIS2_PLACEMENT_3D('',#9234,#7625,#7626);
#6376=AXIS2_PLACEMENT_3D('',#9235,#7627,#7628);
#6377=AXIS2_PLACEMENT_3D('',#9244,#7633,#7634);
#6378=AXIS2_PLACEMENT_3D('',#9250,#7638,#7639);
#6379=AXIS2_PLACEMENT_3D('',#9256,#7643,#7644);
#6380=AXIS2_PLACEMENT_3D('',#9262,#7648,#7649);
#6381=AXIS2_PLACEMENT_3D('',#9268,#7653,#7654);
#6382=AXIS2_PLACEMENT_3D('',#9274,#7658,#7659);
#6383=AXIS2_PLACEMENT_3D('',#9277,#7662,#7663);
#6384=AXIS2_PLACEMENT_3D('',#9278,#7664,#7665);
#6385=AXIS2_PLACEMENT_3D('',#9285,#7670,#7671);
#6386=AXIS2_PLACEMENT_3D('',#9289,#7673,#7674);
#6387=AXIS2_PLACEMENT_3D('',#9291,#7676,#7677);
#6388=AXIS2_PLACEMENT_3D('',#9293,#7679,#7680);
#6389=AXIS2_PLACEMENT_3D('',#9298,#7684,#7685);
#6390=AXIS2_PLACEMENT_3D('',#9307,#7690,#7691);
#6391=AXIS2_PLACEMENT_3D('',#9308,#7692,#7693);
#6392=AXIS2_PLACEMENT_3D('',#9309,#7694,#7695);
#6393=AXIS2_PLACEMENT_3D('',#9310,#7696,#7697);
#6394=AXIS2_PLACEMENT_3D('',#9319,#7702,#7703);
#6395=AXIS2_PLACEMENT_3D('',#9321,#7704,#7705);
#6396=AXIS2_PLACEMENT_3D('',#9324,#7707,#7708);
#6397=AXIS2_PLACEMENT_3D('',#9325,#7709,#7710);
#6398=AXIS2_PLACEMENT_3D('',#9331,#7714,#7715);
#6399=AXIS2_PLACEMENT_3D('',#9334,#7718,#7719);
#6400=AXIS2_PLACEMENT_3D('',#9335,#7720,#7721);
#6401=AXIS2_PLACEMENT_3D('',#9338,#7724,#7725);
#6402=AXIS2_PLACEMENT_3D('',#9342,#7728,#7729);
#6403=AXIS2_PLACEMENT_3D('',#9343,#7730,#7731);
#6404=AXIS2_PLACEMENT_3D('',#9344,#7732,#7733);
#6405=AXIS2_PLACEMENT_3D('',#9351,#7738,#7739);
#6406=AXIS2_PLACEMENT_3D('',#9357,#7743,#7744);
#6407=AXIS2_PLACEMENT_3D('',#9358,#7745,#7746);
#6408=AXIS2_PLACEMENT_3D('',#9359,#7747,#7748);
#6409=AXIS2_PLACEMENT_3D('',#9360,#7749,#7750);
#6410=AXIS2_PLACEMENT_3D('',#9361,#7751,#7752);
#6411=AXIS2_PLACEMENT_3D('',#9367,#7756,#7757);
#6412=AXIS2_PLACEMENT_3D('',#9369,#7758,#7759);
#6413=AXIS2_PLACEMENT_3D('',#9372,#7761,#7762);
#6414=AXIS2_PLACEMENT_3D('',#9373,#7763,#7764);
#6415=AXIS2_PLACEMENT_3D('',#9376,#7767,#7768);
#6416=AXIS2_PLACEMENT_3D('',#9377,#7769,#7770);
#6417=AXIS2_PLACEMENT_3D('',#9386,#7775,#7776);
#6418=AXIS2_PLACEMENT_3D('',#9392,#7780,#7781);
#6419=AXIS2_PLACEMENT_3D('',#9396,#7784,#7785);
#6420=AXIS2_PLACEMENT_3D('',#9400,#7788,#7789);
#6421=AXIS2_PLACEMENT_3D('',#9402,#7791,#7792);
#6422=AXIS2_PLACEMENT_3D('',#9403,#7793,#7794);
#6423=AXIS2_PLACEMENT_3D('',#9405,#7795,#7796);
#6424=AXIS2_PLACEMENT_3D('',#9406,#7797,#7798);
#6425=AXIS2_PLACEMENT_3D('',#9415,#7803,#7804);
#6426=AXIS2_PLACEMENT_3D('',#9421,#7808,#7809);
#6427=AXIS2_PLACEMENT_3D('',#9427,#7813,#7814);
#6428=AXIS2_PLACEMENT_3D('',#9430,#7817,#7818);
#6429=AXIS2_PLACEMENT_3D('',#9439,#7823,#7824);
#6430=AXIS2_PLACEMENT_3D('',#9445,#7828,#7829);
#6431=AXIS2_PLACEMENT_3D('',#9451,#7833,#7834);
#6432=AXIS2_PLACEMENT_3D('',#9454,#7837,#7838);
#6433=AXIS2_PLACEMENT_3D('',#9455,#7839,#7840);
#6434=AXIS2_PLACEMENT_3D('',#9464,#7845,#7846);
#6435=AXIS2_PLACEMENT_3D('',#9470,#7850,#7851);
#6436=AXIS2_PLACEMENT_3D('',#9474,#7854,#7855);
#6437=AXIS2_PLACEMENT_3D('',#9478,#7858,#7859);
#6438=AXIS2_PLACEMENT_3D('',#9480,#7861,#7862);
#6439=AXIS2_PLACEMENT_3D('',#9481,#7863,#7864);
#6440=AXIS2_PLACEMENT_3D('',#9482,#7865,#7866);
#6441=AXIS2_PLACEMENT_3D('',#9483,#7867,#7868);
#6442=AXIS2_PLACEMENT_3D('',#9485,#7869,#7870);
#6443=AXIS2_PLACEMENT_3D('',#9488,#7872,#7873);
#6444=AXIS2_PLACEMENT_3D('',#9489,#7874,#7875);
#6445=AXIS2_PLACEMENT_3D('',#9492,#7877,#7878);
#6446=AXIS2_PLACEMENT_3D('',#9493,#7879,#7880);
#6447=AXIS2_PLACEMENT_3D('',#9496,#7882,#7883);
#6448=AXIS2_PLACEMENT_3D('',#9497,#7884,#7885);
#6449=AXIS2_PLACEMENT_3D('',#9499,#7887,#7888);
#6450=AXIS2_PLACEMENT_3D('',#9500,#7889,#7890);
#6451=AXIS2_PLACEMENT_3D('',#9503,#7891,#7892);
#6452=AXIS2_PLACEMENT_3D('',#9505,#7893,#7894);
#6453=AXIS2_PLACEMENT_3D('',#9509,#7896,#7897);
#6454=AXIS2_PLACEMENT_3D('',#9511,#7898,#7899);
#6455=AXIS2_PLACEMENT_3D('',#9512,#7900,#7901);
#6456=AXIS2_PLACEMENT_3D('',#9513,#7902,#7903);
#6457=AXIS2_PLACEMENT_3D('',#9514,#7904,#7905);
#6458=AXIS2_PLACEMENT_3D('',#9518,#7907,#7908);
#6459=AXIS2_PLACEMENT_3D('',#9520,#7909,#7910);
#6460=AXIS2_PLACEMENT_3D('',#9521,#7911,#7912);
#6461=AXIS2_PLACEMENT_3D('',#9522,#7913,#7914);
#6462=AXIS2_PLACEMENT_3D('',#9526,#7916,#7917);
#6463=AXIS2_PLACEMENT_3D('',#9528,#7918,#7919);
#6464=AXIS2_PLACEMENT_3D('',#9529,#7920,#7921);
#6465=AXIS2_PLACEMENT_3D('',#9530,#7922,#7923);
#6466=AXIS2_PLACEMENT_3D('',#9532,#7925,#7926);
#6467=AXIS2_PLACEMENT_3D('',#9533,#7927,#7928);
#6468=AXIS2_PLACEMENT_3D('',#9542,#7933,#7934);
#6469=AXIS2_PLACEMENT_3D('',#9551,#7939,#7940);
#6470=AXIS2_PLACEMENT_3D('',#9557,#7944,#7945);
#6471=AXIS2_PLACEMENT_3D('',#9563,#7949,#7950);
#6472=AXIS2_PLACEMENT_3D('',#9566,#7953,#7954);
#6473=AXIS2_PLACEMENT_3D('',#9567,#7955,#7956);
#6474=AXIS2_PLACEMENT_3D('',#9573,#7960,#7961);
#6475=AXIS2_PLACEMENT_3D('',#9577,#7964,#7965);
#6476=AXIS2_PLACEMENT_3D('',#9581,#7968,#7969);
#6477=AXIS2_PLACEMENT_3D('',#9583,#7971,#7972);
#6478=AXIS2_PLACEMENT_3D('',#9589,#7976,#7977);
#6479=AXIS2_PLACEMENT_3D('',#9593,#7980,#7981);
#6480=AXIS2_PLACEMENT_3D('',#9597,#7984,#7985);
#6481=AXIS2_PLACEMENT_3D('',#9599,#7987,#7988);
#6482=AXIS2_PLACEMENT_3D('',#9600,#7989,#7990);
#6483=AXIS2_PLACEMENT_3D('',#9601,#7991,#7992);
#6484=AXIS2_PLACEMENT_3D('',#9603,#7993,#7994);
#6485=AXIS2_PLACEMENT_3D('',#9604,#7995,#7996);
#6486=AXIS2_PLACEMENT_3D('',#9605,#7997,#7998);
#6487=AXIS2_PLACEMENT_3D('',#9606,#7999,#8000);
#6488=AXIS2_PLACEMENT_3D('',#9609,#8001,#8002);
#6489=AXIS2_PLACEMENT_3D('',#9613,#8004,#8005);
#6490=AXIS2_PLACEMENT_3D('',#9615,#8007,#8008);
#6491=AXIS2_PLACEMENT_3D('',#9619,#8010,#8011);
#6492=AXIS2_PLACEMENT_3D('',#9625,#8015,#8016);
#6493=AXIS2_PLACEMENT_3D('',#9629,#8019,#8020);
#6494=AXIS2_PLACEMENT_3D('',#9631,#8021,#8022);
#6495=AXIS2_PLACEMENT_3D('',#9633,#8024,#8025);
#6496=AXIS2_PLACEMENT_3D('',#9639,#8029,#8030);
#6497=AXIS2_PLACEMENT_3D('',#9641,#8032,#8033);
#6498=AXIS2_PLACEMENT_3D('',#9643,#8035,#8036);
#6499=AXIS2_PLACEMENT_3D('',#9645,#8037,#8038);
#6500=AXIS2_PLACEMENT_3D('',#9648,#8040,#8041);
#6501=AXIS2_PLACEMENT_3D('',#9649,#8042,#8043);
#6502=AXIS2_PLACEMENT_3D('',#9651,#8044,#8045);
#6503=AXIS2_PLACEMENT_3D('',#9654,#8047,#8048);
#6504=AXIS2_PLACEMENT_3D('',#9655,#8049,#8050);
#6505=AXIS2_PLACEMENT_3D('',#9656,#8051,#8052);
#6506=AXIS2_PLACEMENT_3D('',#9658,#8053,#8054);
#6507=AXIS2_PLACEMENT_3D('',#9659,#8055,#8056);
#6508=AXIS2_PLACEMENT_3D('',#9661,#8057,#8058);
#6509=AXIS2_PLACEMENT_3D('',#9662,#8059,#8060);
#6510=AXIS2_PLACEMENT_3D('',#9664,#8061,#8062);
#6511=AXIS2_PLACEMENT_3D('',#9666,#8064,#8065);
#6512=AXIS2_PLACEMENT_3D('',#9667,#8066,#8067);
#6513=AXIS2_PLACEMENT_3D('',#9670,#8069,#8070);
#6514=AXIS2_PLACEMENT_3D('',#9671,#8071,#8072);
#6515=AXIS2_PLACEMENT_3D('',#9675,#8073,#8074);
#6516=AXIS2_PLACEMENT_3D('',#9676,#8075,#8076);
#6517=AXIS2_PLACEMENT_3D('',#9677,#8077,#8078);
#6518=AXIS2_PLACEMENT_3D('',#9678,#8079,#8080);
#6519=AXIS2_PLACEMENT_3D('',#9679,#8081,#8082);
#6520=AXIS2_PLACEMENT_3D('',#9680,#8083,#8084);
#6521=AXIS2_PLACEMENT_3D('',#9681,#8085,#8086);
#6522=AXIS2_PLACEMENT_3D('',#9682,#8087,#8088);
#6523=AXIS2_PLACEMENT_3D('',#9683,#8089,#8090);
#6524=AXIS2_PLACEMENT_3D('',#9684,#8091,#8092);
#6525=AXIS2_PLACEMENT_3D('',#9685,#8093,#8094);
#6526=AXIS2_PLACEMENT_3D('',#9686,#8095,#8096);
#6527=AXIS2_PLACEMENT_3D('',#9687,#8097,#8098);
#6528=AXIS2_PLACEMENT_3D('',#9688,#8099,#8100);
#6529=DIRECTION('axis',(0.,0.,1.));
#6530=DIRECTION('refdir',(1.,0.,0.));
#6531=DIRECTION('axis',(0.,0.,1.));
#6532=DIRECTION('refdir',(1.,0.,0.));
#6533=DIRECTION('center_axis',(0.,-1.,0.));
#6534=DIRECTION('ref_axis',(0.,0.,-1.));
#6535=DIRECTION('center_axis',(0.,1.,0.));
#6536=DIRECTION('ref_axis',(-1.,0.,0.));
#6537=DIRECTION('center_axis',(0.,-1.,0.));
#6538=DIRECTION('ref_axis',(1.,0.,0.));
#6539=DIRECTION('center_axis',(0.,1.,0.));
#6540=DIRECTION('ref_axis',(-1.,0.,0.));
#6541=DIRECTION('',(0.,1.,0.));
#6542=DIRECTION('center_axis',(0.,-1.,0.));
#6543=DIRECTION('ref_axis',(-1.,0.,0.));
#6544=DIRECTION('center_axis',(0.,1.,0.));
#6545=DIRECTION('ref_axis',(1.,0.,0.));
#6546=DIRECTION('center_axis',(0.,1.,0.));
#6547=DIRECTION('ref_axis',(1.,0.,0.));
#6548=DIRECTION('',(0.,1.,0.));
#6549=DIRECTION('center_axis',(0.,1.,0.));
#6550=DIRECTION('ref_axis',(1.,0.,0.));
#6551=DIRECTION('center_axis',(0.,-1.,0.));
#6552=DIRECTION('ref_axis',(0.,0.,-1.));
#6553=DIRECTION('center_axis',(0.,-1.,0.));
#6554=DIRECTION('ref_axis',(0.,0.,1.));
#6555=DIRECTION('',(0.,0.,1.));
#6556=DIRECTION('',(-1.,0.,0.));
#6557=DIRECTION('',(0.,0.,-1.));
#6558=DIRECTION('',(1.,0.,0.));
#6559=DIRECTION('center_axis',(0.,-1.,0.));
#6560=DIRECTION('ref_axis',(1.,0.,0.));
#6561=DIRECTION('center_axis',(0.,-1.,0.));
#6562=DIRECTION('ref_axis',(1.,0.,0.));
#6563=DIRECTION('',(0.,-1.,0.));
#6564=DIRECTION('center_axis',(1.,0.,0.));
#6565=DIRECTION('ref_axis',(0.,0.446666666666667,0.894700446456181));
#6566=DIRECTION('center_axis',(-1.,0.,0.));
#6567=DIRECTION('ref_axis',(0.,0.446666666666667,0.894700446456181));
#6568=DIRECTION('',(1.,0.,0.));
#6569=DIRECTION('center_axis',(1.,0.,0.));
#6570=DIRECTION('ref_axis',(0.,0.446666666666667,0.894700446456181));
#6571=DIRECTION('',(1.,0.,0.));
#6572=DIRECTION('center_axis',(0.,1.,0.));
#6573=DIRECTION('ref_axis',(0.,0.,1.));
#6574=DIRECTION('',(0.,0.,-1.));
#6575=DIRECTION('',(0.,0.,1.));
#6576=DIRECTION('',(1.,0.,0.));
#6577=DIRECTION('center_axis',(1.,0.,0.));
#6578=DIRECTION('ref_axis',(0.,-0.446666666666663,-0.894700446456183));
#6579=DIRECTION('center_axis',(-1.,0.,0.));
#6580=DIRECTION('ref_axis',(0.,-0.446666666666663,-0.894700446456183));
#6581=DIRECTION('center_axis',(1.,0.,0.));
#6582=DIRECTION('ref_axis',(0.,-0.446666666666663,-0.894700446456183));
#6583=DIRECTION('',(1.,0.,0.));
#6584=DIRECTION('center_axis',(0.,-1.,4.05783269234341E-17));
#6585=DIRECTION('ref_axis',(0.,-4.05783269234341E-17,-1.));
#6586=DIRECTION('',(0.,4.05783269234341E-17,1.));
#6587=DIRECTION('',(0.,-4.05783269234341E-17,-1.));
#6588=DIRECTION('center_axis',(1.,0.,0.));
#6589=DIRECTION('ref_axis',(0.,0.,-1.));
#6590=DIRECTION('center_axis',(-1.,0.,0.));
#6591=DIRECTION('ref_axis',(0.,0.740506329113924,0.672049385493522));
#6592=DIRECTION('center_axis',(-1.,0.,0.));
#6593=DIRECTION('ref_axis',(0.,0.740506329113924,0.672049385493522));
#6594=DIRECTION('',(-1.,0.,0.));
#6595=DIRECTION('center_axis',(-1.,0.,0.));
#6596=DIRECTION('ref_axis',(0.,0.740506329113924,0.672049385493522));
#6597=DIRECTION('',(-1.,0.,0.));
#6598=DIRECTION('center_axis',(0.,-1.,0.));
#6599=DIRECTION('ref_axis',(0.,0.,1.));
#6600=DIRECTION('',(0.,0.,1.));
#6601=DIRECTION('',(-1.,0.,0.));
#6602=DIRECTION('',(0.,0.,1.));
#6603=DIRECTION('center_axis',(-1.,0.,0.));
#6604=DIRECTION('ref_axis',(0.,-0.740506329113926,-0.672049385493521));
#6605=DIRECTION('center_axis',(-1.,0.,0.));
#6606=DIRECTION('ref_axis',(0.,-0.740506329113926,-0.672049385493521));
#6607=DIRECTION('',(-1.,0.,0.));
#6608=DIRECTION('center_axis',(-1.,0.,0.));
#6609=DIRECTION('ref_axis',(0.,-0.740506329113926,-0.672049385493521));
#6610=DIRECTION('center_axis',(0.,1.,1.33120266741625E-16));
#6611=DIRECTION('ref_axis',(0.,1.33120266741625E-16,-1.));
#6612=DIRECTION('',(0.,1.33120266741625E-16,-1.));
#6613=DIRECTION('',(0.,1.33120266741625E-16,-1.));
#6614=DIRECTION('center_axis',(1.,0.,0.));
#6615=DIRECTION('ref_axis',(0.,0.,-1.));
#6616=DIRECTION('center_axis',(1.,0.,0.));
#6617=DIRECTION('ref_axis',(0.,0.,-1.));
#6618=DIRECTION('',(0.,0.,1.));
#6619=DIRECTION('',(0.,1.,0.));
#6620=DIRECTION('',(0.,0.,-1.));
#6621=DIRECTION('',(0.,1.,0.));
#6622=DIRECTION('center_axis',(0.,0.,1.));
#6623=DIRECTION('ref_axis',(1.,0.,0.));
#6624=DIRECTION('',(-1.,0.,0.));
#6625=DIRECTION('',(1.,0.,0.));
#6626=DIRECTION('',(0.,1.,0.));
#6627=DIRECTION('center_axis',(-1.,0.,0.));
#6628=DIRECTION('ref_axis',(0.,0.,1.));
#6629=DIRECTION('',(0.,0.,-1.));
#6630=DIRECTION('',(0.,0.,1.));
#6631=DIRECTION('',(0.,1.,0.));
#6632=DIRECTION('center_axis',(0.,0.,-1.));
#6633=DIRECTION('ref_axis',(-1.,0.,0.));
#6634=DIRECTION('',(1.,0.,0.));
#6635=DIRECTION('',(-1.,0.,0.));
#6636=DIRECTION('center_axis',(0.,1.,0.));
#6637=DIRECTION('ref_axis',(0.,0.,1.));
#6638=DIRECTION('center_axis',(0.,0.,-1.));
#6639=DIRECTION('ref_axis',(-1.,0.,0.));
#6640=DIRECTION('',(1.,0.,0.));
#6641=DIRECTION('',(0.,1.,0.));
#6642=DIRECTION('',(-1.,0.,0.));
#6643=DIRECTION('',(0.,1.,0.));
#6644=DIRECTION('center_axis',(1.,0.,0.));
#6645=DIRECTION('ref_axis',(0.,0.,-1.));
#6646=DIRECTION('',(0.,0.,1.));
#6647=DIRECTION('',(0.,0.,-1.));
#6648=DIRECTION('',(0.,1.,0.));
#6649=DIRECTION('center_axis',(0.,0.,1.));
#6650=DIRECTION('ref_axis',(1.,0.,0.));
#6651=DIRECTION('',(-1.,0.,0.));
#6652=DIRECTION('',(1.,0.,0.));
#6653=DIRECTION('',(0.,1.,0.));
#6654=DIRECTION('center_axis',(-1.,0.,0.));
#6655=DIRECTION('ref_axis',(0.,0.,1.));
#6656=DIRECTION('',(0.,0.,-1.));
#6657=DIRECTION('',(0.,0.,1.));
#6658=DIRECTION('center_axis',(0.,1.,0.));
#6659=DIRECTION('ref_axis',(0.,0.,1.));
#6660=DIRECTION('center_axis',(0.,0.,1.));
#6661=DIRECTION('ref_axis',(1.,0.,0.));
#6662=DIRECTION('center_axis',(0.,0.,-1.));
#6663=DIRECTION('ref_axis',(-1.,0.,0.));
#6664=DIRECTION('center_axis',(0.,0.,1.));
#6665=DIRECTION('ref_axis',(-1.,0.,0.));
#6666=DIRECTION('center_axis',(0.,0.,1.));
#6667=DIRECTION('ref_axis',(-1.,0.,0.));
#6668=DIRECTION('',(0.,0.,1.));
#6669=DIRECTION('center_axis',(0.,0.,1.));
#6670=DIRECTION('ref_axis',(-1.,0.,0.));
#6671=DIRECTION('',(0.,0.,1.));
#6672=DIRECTION('center_axis',(0.,0.,1.));
#6673=DIRECTION('ref_axis',(-1.,0.,0.));
#6674=DIRECTION('center_axis',(0.,0.,1.));
#6675=DIRECTION('ref_axis',(-1.,0.,0.));
#6676=DIRECTION('',(0.,0.,1.));
#6677=DIRECTION('center_axis',(0.,0.,1.));
#6678=DIRECTION('ref_axis',(-1.,0.,0.));
#6679=DIRECTION('',(0.,0.,1.));
#6680=DIRECTION('center_axis',(0.,0.,1.));
#6681=DIRECTION('ref_axis',(1.,-1.89882151931499E-15,0.));
#6682=DIRECTION('center_axis',(0.,0.,1.));
#6683=DIRECTION('ref_axis',(-1.,0.,0.));
#6684=DIRECTION('',(0.,0.,1.));
#6685=DIRECTION('center_axis',(0.,0.,1.));
#6686=DIRECTION('ref_axis',(-1.,0.,0.));
#6687=DIRECTION('',(0.,0.,1.));
#6688=DIRECTION('center_axis',(0.,0.,1.));
#6689=DIRECTION('ref_axis',(-1.,0.,0.));
#6690=DIRECTION('center_axis',(0.,0.,1.));
#6691=DIRECTION('ref_axis',(-1.,0.,0.));
#6692=DIRECTION('',(0.,0.,1.));
#6693=DIRECTION('center_axis',(0.,0.,1.));
#6694=DIRECTION('ref_axis',(-1.,0.,0.));
#6695=DIRECTION('',(0.,0.,1.));
#6696=DIRECTION('center_axis',(0.,0.,1.));
#6697=DIRECTION('ref_axis',(1.,0.,0.));
#6698=DIRECTION('',(0.680647575316216,0.732611000610936,0.));
#6699=DIRECTION('',(0.,-1.,0.));
#6700=DIRECTION('',(-1.,-2.07916824600578E-15,0.));
#6701=DIRECTION('',(1.,2.07916824600578E-15,0.));
#6702=DIRECTION('',(0.,-1.,0.));
#6703=DIRECTION('',(-1.,0.,0.));
#6704=DIRECTION('',(0.,1.,0.));
#6705=DIRECTION('',(1.,-4.15833649201157E-16,0.));
#6706=DIRECTION('',(-1.,4.15833649201157E-16,0.));
#6707=DIRECTION('',(0.,1.,0.));
#6708=DIRECTION('',(0.680647575316215,-0.732611000610936,0.));
#6709=DIRECTION('',(-0.680647575316215,0.732611000610936,0.));
#6710=DIRECTION('',(1.,0.,0.));
#6711=DIRECTION('',(-0.680647575316215,-0.732611000610936,0.));
#6712=DIRECTION('center_axis',(0.,0.,1.));
#6713=DIRECTION('ref_axis',(1.,0.,0.));
#6714=DIRECTION('',(0.,-1.,0.));
#6715=DIRECTION('',(0.,1.,0.));
#6716=DIRECTION('',(-1.,0.,0.));
#6717=DIRECTION('center_axis',(0.,0.,-1.));
#6718=DIRECTION('ref_axis',(-0.989743318610787,0.142857142857144,0.));
#6719=DIRECTION('center_axis',(-1.,0.,0.));
#6720=DIRECTION('ref_axis',(0.,0.6,0.8));
#6721=DIRECTION('',(0.,-0.6,-0.8));
#6722=DIRECTION('',(0.,0.8,-0.6));
#6723=DIRECTION('',(0.,0.6,0.8));
#6724=DIRECTION('',(0.,0.8,-0.6));
#6725=DIRECTION('center_axis',(0.,0.6,0.8));
#6726=DIRECTION('ref_axis',(1.,0.,0.));
#6727=DIRECTION('',(-1.,0.,0.));
#6728=DIRECTION('',(1.,0.,0.));
#6729=DIRECTION('',(0.,0.8,-0.6));
#6730=DIRECTION('center_axis',(1.,0.,0.));
#6731=DIRECTION('ref_axis',(0.,-0.6,-0.8));
#6732=DIRECTION('',(0.,0.6,0.8));
#6733=DIRECTION('',(0.,-0.6,-0.8));
#6734=DIRECTION('',(0.,0.8,-0.6));
#6735=DIRECTION('center_axis',(0.,-0.6,-0.8));
#6736=DIRECTION('ref_axis',(-1.,0.,0.));
#6737=DIRECTION('',(1.,0.,0.));
#6738=DIRECTION('',(-1.,0.,0.));
#6739=DIRECTION('center_axis',(1.,0.,0.));
#6740=DIRECTION('ref_axis',(0.,-0.6,-0.8));
#6741=DIRECTION('',(0.,0.6,0.8));
#6742=DIRECTION('',(0.,0.8,-0.6));
#6743=DIRECTION('',(0.,-0.6,-0.8));
#6744=DIRECTION('',(0.,0.8,-0.6));
#6745=DIRECTION('center_axis',(0.,0.6,0.8));
#6746=DIRECTION('ref_axis',(1.,0.,0.));
#6747=DIRECTION('',(-1.,0.,0.));
#6748=DIRECTION('',(1.,0.,0.));
#6749=DIRECTION('',(0.,0.8,-0.6));
#6750=DIRECTION('center_axis',(-1.,0.,0.));
#6751=DIRECTION('ref_axis',(0.,0.6,0.8));
#6752=DIRECTION('',(0.,-0.6,-0.8));
#6753=DIRECTION('',(0.,0.6,0.8));
#6754=DIRECTION('',(0.,0.8,-0.6));
#6755=DIRECTION('center_axis',(0.,-0.6,-0.8));
#6756=DIRECTION('ref_axis',(-1.,0.,0.));
#6757=DIRECTION('',(1.,0.,0.));
#6758=DIRECTION('',(-1.,0.,0.));
#6759=DIRECTION('center_axis',(0.,0.8,-0.6));
#6760=DIRECTION('ref_axis',(-1.,0.,0.));
#6761=DIRECTION('center_axis',(0.,-0.8,0.6));
#6762=DIRECTION('ref_axis',(1.,0.,0.));
#6763=DIRECTION('',(1.,0.,0.));
#6764=DIRECTION('',(0.,0.6,0.8));
#6765=DIRECTION('',(1.,0.,0.));
#6766=DIRECTION('',(-2.96059473233375E-16,-0.6,-0.8));
#6767=DIRECTION('center_axis',(0.,1.,0.));
#6768=DIRECTION('ref_axis',(0.,0.,1.));
#6769=DIRECTION('center_axis',(0.,-1.,0.));
#6770=DIRECTION('ref_axis',(1.,0.,0.));
#6771=DIRECTION('center_axis',(1.,0.,-5.9211894646675E-16));
#6772=DIRECTION('ref_axis',(-5.9211894646675E-16,0.,-1.));
#6773=DIRECTION('',(5.9211894646675E-16,0.,1.));
#6774=DIRECTION('',(0.,1.,0.));
#6775=DIRECTION('',(-5.9211894646675E-16,0.,-1.));
#6776=DIRECTION('',(0.,1.,0.));
#6777=DIRECTION('center_axis',(5.9211894646675E-16,0.,1.));
#6778=DIRECTION('ref_axis',(1.,0.,-5.9211894646675E-16));
#6779=DIRECTION('',(-1.,0.,5.9211894646675E-16));
#6780=DIRECTION('',(0.,1.,0.));
#6781=DIRECTION('',(1.,0.,-5.9211894646675E-16));
#6782=DIRECTION('center_axis',(-5.9211894646675E-16,0.,-1.));
#6783=DIRECTION('ref_axis',(-1.,0.,5.9211894646675E-16));
#6784=DIRECTION('',(1.,0.,-5.9211894646675E-16));
#6785=DIRECTION('',(0.,1.,0.));
#6786=DIRECTION('',(-1.,0.,5.9211894646675E-16));
#6787=DIRECTION('',(0.,1.,0.));
#6788=DIRECTION('center_axis',(-1.,0.,5.9211894646675E-16));
#6789=DIRECTION('ref_axis',(5.9211894646675E-16,0.,1.));
#6790=DIRECTION('',(-5.9211894646675E-16,0.,-1.));
#6791=DIRECTION('',(0.,1.,0.));
#6792=DIRECTION('',(5.9211894646675E-16,0.,1.));
#6793=DIRECTION('center_axis',(-5.9211894646675E-16,0.,-1.));
#6794=DIRECTION('ref_axis',(-1.,0.,5.9211894646675E-16));
#6795=DIRECTION('',(1.,0.,-5.9211894646675E-16));
#6796=DIRECTION('',(-1.,0.,5.9211894646675E-16));
#6797=DIRECTION('',(0.,1.,0.));
#6798=DIRECTION('center_axis',(-1.,0.,5.9211894646675E-16));
#6799=DIRECTION('ref_axis',(5.9211894646675E-16,0.,1.));
#6800=DIRECTION('',(-5.9211894646675E-16,0.,-1.));
#6801=DIRECTION('',(5.9211894646675E-16,0.,1.));
#6802=DIRECTION('center_axis',(1.,0.,-5.9211894646675E-16));
#6803=DIRECTION('ref_axis',(-5.9211894646675E-16,0.,-1.));
#6804=DIRECTION('',(5.9211894646675E-16,0.,1.));
#6805=DIRECTION('',(-5.9211894646675E-16,0.,-1.));
#6806=DIRECTION('',(0.,1.,0.));
#6807=DIRECTION('center_axis',(5.9211894646675E-16,0.,1.));
#6808=DIRECTION('ref_axis',(1.,0.,-5.9211894646675E-16));
#6809=DIRECTION('',(-1.,0.,5.9211894646675E-16));
#6810=DIRECTION('',(1.,0.,-5.9211894646675E-16));
#6811=DIRECTION('center_axis',(0.,1.,0.));
#6812=DIRECTION('ref_axis',(0.,0.,1.));
#6813=DIRECTION('center_axis',(5.9211894646675E-16,0.,1.));
#6814=DIRECTION('ref_axis',(1.,0.,-5.9211894646675E-16));
#6815=DIRECTION('',(-1.,0.,5.9211894646675E-16));
#6816=DIRECTION('',(0.,1.,0.));
#6817=DIRECTION('',(1.,0.,-5.9211894646675E-16));
#6818=DIRECTION('',(0.,1.,0.));
#6819=DIRECTION('center_axis',(-1.,0.,5.9211894646675E-16));
#6820=DIRECTION('ref_axis',(5.9211894646675E-16,0.,1.));
#6821=DIRECTION('',(-5.9211894646675E-16,0.,-1.));
#6822=DIRECTION('',(0.,1.,0.));
#6823=DIRECTION('',(5.9211894646675E-16,0.,1.));
#6824=DIRECTION('center_axis',(1.,0.,-5.9211894646675E-16));
#6825=DIRECTION('ref_axis',(-5.9211894646675E-16,0.,-1.));
#6826=DIRECTION('',(5.9211894646675E-16,0.,1.));
#6827=DIRECTION('',(0.,1.,0.));
#6828=DIRECTION('',(-5.9211894646675E-16,0.,-1.));
#6829=DIRECTION('',(0.,1.,0.));
#6830=DIRECTION('center_axis',(-5.9211894646675E-16,0.,-1.));
#6831=DIRECTION('ref_axis',(-1.,0.,5.9211894646675E-16));
#6832=DIRECTION('',(1.,0.,-5.9211894646675E-16));
#6833=DIRECTION('',(0.,1.,0.));
#6834=DIRECTION('',(-1.,0.,5.9211894646675E-16));
#6835=DIRECTION('center_axis',(1.,0.,-5.9211894646675E-16));
#6836=DIRECTION('ref_axis',(-5.9211894646675E-16,0.,-1.));
#6837=DIRECTION('',(5.9211894646675E-16,0.,1.));
#6838=DIRECTION('',(-5.9211894646675E-16,0.,-1.));
#6839=DIRECTION('',(0.,1.,0.));
#6840=DIRECTION('center_axis',(-5.9211894646675E-16,0.,-1.));
#6841=DIRECTION('ref_axis',(-1.,0.,5.9211894646675E-16));
#6842=DIRECTION('',(1.,0.,-5.9211894646675E-16));
#6843=DIRECTION('',(-1.,0.,5.9211894646675E-16));
#6844=DIRECTION('center_axis',(5.9211894646675E-16,0.,1.));
#6845=DIRECTION('ref_axis',(1.,0.,-5.9211894646675E-16));
#6846=DIRECTION('',(-1.,0.,5.9211894646675E-16));
#6847=DIRECTION('',(1.,0.,-5.9211894646675E-16));
#6848=DIRECTION('',(0.,1.,0.));
#6849=DIRECTION('center_axis',(-1.,0.,5.9211894646675E-16));
#6850=DIRECTION('ref_axis',(5.9211894646675E-16,0.,1.));
#6851=DIRECTION('',(-5.9211894646675E-16,0.,-1.));
#6852=DIRECTION('',(5.9211894646675E-16,0.,1.));
#6853=DIRECTION('center_axis',(0.,1.,0.));
#6854=DIRECTION('ref_axis',(0.,0.,1.));
#6855=DIRECTION('center_axis',(0.,1.,0.));
#6856=DIRECTION('ref_axis',(0.,0.,1.));
#6857=DIRECTION('',(1.,0.,0.));
#6858=DIRECTION('',(0.,0.,-1.));
#6859=DIRECTION('',(-1.,0.,0.));
#6860=DIRECTION('',(0.,0.,1.));
#6861=DIRECTION('center_axis',(0.,1.,0.));
#6862=DIRECTION('ref_axis',(0.,0.,1.));
#6863=DIRECTION('',(1.,0.,0.));
#6864=DIRECTION('',(-5.9211894646675E-16,0.,-1.));
#6865=DIRECTION('',(-1.,0.,0.));
#6866=DIRECTION('',(4.44089209850062E-16,0.,1.));
#6867=DIRECTION('center_axis',(0.,-0.799999999999991,0.600000000000011));
#6868=DIRECTION('ref_axis',(1.,0.,0.));
#6869=DIRECTION('center_axis',(0.,-0.8,0.6));
#6870=DIRECTION('ref_axis',(1.,0.,0.));
#6871=DIRECTION('',(0.,-0.799999999999992,0.600000000000011));
#6872=DIRECTION('center_axis',(0.,0.799999999999996,-0.600000000000006));
#6873=DIRECTION('ref_axis',(1.,0.,0.));
#6874=DIRECTION('center_axis',(0.,-0.600000000000006,-0.799999999999996));
#6875=DIRECTION('ref_axis',(1.,0.,0.));
#6876=DIRECTION('',(-1.,0.,0.));
#6877=DIRECTION('',(0.,-0.799999999999996,0.600000000000006));
#6878=DIRECTION('',(1.,0.,0.));
#6879=DIRECTION('',(0.,-0.799999999999996,0.600000000000006));
#6880=DIRECTION('center_axis',(0.,-0.799999999999996,0.600000000000006));
#6881=DIRECTION('ref_axis',(1.,0.,0.));
#6882=DIRECTION('',(-1.,0.,0.));
#6883=DIRECTION('',(0.,0.6,0.8));
#6884=DIRECTION('',(-1.,0.,0.));
#6885=DIRECTION('',(0.,-0.6,-0.8));
#6886=DIRECTION('center_axis',(1.,0.,0.));
#6887=DIRECTION('ref_axis',(0.,0.6,0.8));
#6888=DIRECTION('center_axis',(1.,0.,0.));
#6889=DIRECTION('ref_axis',(0.,-0.897228703630005,0.441566137042256));
#6890=DIRECTION('',(0.,-0.799999999999996,0.600000000000006));
#6891=DIRECTION('center_axis',(1.,0.,0.));
#6892=DIRECTION('ref_axis',(0.,0.6,0.8));
#6893=DIRECTION('center_axis',(-1.,0.,0.));
#6894=DIRECTION('ref_axis',(0.,0.863905863782677,-0.503653311834546));
#6895=DIRECTION('',(0.,0.6,0.8));
#6896=DIRECTION('center_axis',(-1.,0.,0.));
#6897=DIRECTION('ref_axis',(0.,-0.6,-0.8));
#6898=DIRECTION('center_axis',(-1.,0.,0.));
#6899=DIRECTION('ref_axis',(0.,-0.897228703630005,0.441566137042256));
#6900=DIRECTION('',(0.,-0.799999999999996,0.600000000000006));
#6901=DIRECTION('center_axis',(0.,-0.8,0.6));
#6902=DIRECTION('ref_axis',(1.,0.,0.));
#6903=DIRECTION('center_axis',(-1.,0.,0.));
#6904=DIRECTION('ref_axis',(0.,-0.6,-0.8));
#6905=DIRECTION('center_axis',(1.,0.,0.));
#6906=DIRECTION('ref_axis',(0.,0.863905863782677,-0.503653311834546));
#6907=DIRECTION('',(0.,-0.6,-0.8));
#6908=DIRECTION('center_axis',(0.,0.600000000000006,0.799999999999996));
#6909=DIRECTION('ref_axis',(-1.,0.,0.));
#6910=DIRECTION('center_axis',(0.,-0.799999999999996,0.600000000000006));
#6911=DIRECTION('ref_axis',(1.,0.,0.));
#6912=DIRECTION('',(1.,0.,0.));
#6913=DIRECTION('center_axis',(-1.,0.,0.));
#6914=DIRECTION('ref_axis',(0.,-0.897228703630005,0.441566137042256));
#6915=DIRECTION('center_axis',(-1.,1.77635683940025E-16,2.368475785867E-16));
#6916=DIRECTION('ref_axis',(0.,-0.897228703630005,0.441566137042256));
#6917=DIRECTION('',(-1.,0.,0.));
#6918=DIRECTION('center_axis',(1.,0.,0.));
#6919=DIRECTION('ref_axis',(0.,-0.897228703630005,0.441566137042256));
#6920=DIRECTION('center_axis',(-1.,0.,0.));
#6921=DIRECTION('ref_axis',(0.,-0.897228703630005,0.441566137042256));
#6922=DIRECTION('center_axis',(-1.,0.,0.));
#6923=DIRECTION('ref_axis',(0.,-0.897228703630005,0.441566137042256));
#6924=DIRECTION('',(-1.,0.,0.));
#6925=DIRECTION('center_axis',(1.,0.,0.));
#6926=DIRECTION('ref_axis',(0.,-0.897228703630005,0.441566137042256));
#6927=DIRECTION('',(-1.,0.,0.));
#6928=DIRECTION('center_axis',(-1.,0.,0.));
#6929=DIRECTION('ref_axis',(0.,-0.897228703630005,0.441566137042256));
#6930=DIRECTION('',(1.,0.,0.));
#6931=DIRECTION('center_axis',(1.,0.,0.));
#6932=DIRECTION('ref_axis',(0.,-0.897228703630005,0.441566137042256));
#6933=DIRECTION('',(-1.,0.,0.));
#6934=DIRECTION('',(-1.,0.,0.));
#6935=DIRECTION('center_axis',(-1.,0.,0.));
#6936=DIRECTION('ref_axis',(0.,-0.897228703630005,0.441566137042256));
#6937=DIRECTION('',(1.,0.,0.));
#6938=DIRECTION('center_axis',(1.,-2.10358046771082E-16,-2.80477395694776E-16));
#6939=DIRECTION('ref_axis',(0.,-0.897228703630005,0.441566137042256));
#6940=DIRECTION('',(-1.,0.,0.));
#6941=DIRECTION('center_axis',(0.,-1.,0.));
#6942=DIRECTION('ref_axis',(1.,0.,-5.9211894646675E-16));
#6943=DIRECTION('center_axis',(0.,-1.,0.));
#6944=DIRECTION('ref_axis',(1.,0.,-5.9211894646675E-16));
#6945=DIRECTION('',(0.,-1.,0.));
#6946=DIRECTION('center_axis',(0.,-1.,0.));
#6947=DIRECTION('ref_axis',(1.,0.,-5.9211894646675E-16));
#6948=DIRECTION('center_axis',(0.,-1.,0.));
#6949=DIRECTION('ref_axis',(1.,0.,-5.9211894646675E-16));
#6950=DIRECTION('',(0.,-1.,0.));
#6951=DIRECTION('center_axis',(0.,1.,0.));
#6952=DIRECTION('ref_axis',(1.,0.,-5.9211894646675E-16));
#6953=DIRECTION('center_axis',(0.,1.,0.));
#6954=DIRECTION('ref_axis',(0.,0.,1.));
#6955=DIRECTION('center_axis',(0.,1.,0.));
#6956=DIRECTION('ref_axis',(0.,0.,1.));
#6957=DIRECTION('center_axis',(0.,0.,-1.));
#6958=DIRECTION('ref_axis',(1.,0.,0.));
#6959=DIRECTION('',(0.,-1.,0.));
#6960=DIRECTION('',(-1.,0.,0.));
#6961=DIRECTION('',(0.,-1.,0.));
#6962=DIRECTION('center_axis',(1.,0.,0.));
#6963=DIRECTION('ref_axis',(0.,0.,1.));
#6964=DIRECTION('',(0.,-1.,0.));
#6965=DIRECTION('',(0.,0.,-1.));
#6966=DIRECTION('center_axis',(-1.,0.,5.9211894646675E-16));
#6967=DIRECTION('ref_axis',(-5.9211894646675E-16,0.,-1.));
#6968=DIRECTION('',(0.,-1.,0.));
#6969=DIRECTION('',(-5.9211894646675E-16,0.,-1.));
#6970=DIRECTION('',(0.,-1.,0.));
#6971=DIRECTION('center_axis',(0.,0.,-1.));
#6972=DIRECTION('ref_axis',(1.,0.,0.));
#6973=DIRECTION('',(0.,-1.,0.));
#6974=DIRECTION('',(1.,0.,0.));
#6975=DIRECTION('center_axis',(0.,0.6,0.8));
#6976=DIRECTION('ref_axis',(-1.,0.,0.));
#6977=DIRECTION('',(-1.,0.,0.));
#6978=DIRECTION('',(0.,-0.8,0.6));
#6979=DIRECTION('',(1.,0.,0.));
#6980=DIRECTION('',(0.,-0.8,0.6));
#6981=DIRECTION('center_axis',(0.,0.6,0.8));
#6982=DIRECTION('ref_axis',(-1.,0.,0.));
#6983=DIRECTION('',(1.,0.,0.));
#6984=DIRECTION('',(0.,-0.8,0.6));
#6985=DIRECTION('',(-1.,0.,0.));
#6986=DIRECTION('',(0.,-0.8,0.6));
#6987=DIRECTION('center_axis',(-1.,0.,0.));
#6988=DIRECTION('ref_axis',(0.,-0.6,-0.8));
#6989=DIRECTION('center_axis',(1.,0.,0.));
#6990=DIRECTION('ref_axis',(0.,0.863905863782677,-0.503653311834546));
#6991=DIRECTION('',(0.,-0.8,0.6));
#6992=DIRECTION('',(0.,-0.6,-0.8));
#6993=DIRECTION('center_axis',(-1.,0.,0.));
#6994=DIRECTION('ref_axis',(0.,-0.6,-0.8));
#6995=DIRECTION('center_axis',(-1.,0.,0.));
#6996=DIRECTION('ref_axis',(0.,0.8,-0.6));
#6997=DIRECTION('',(0.,0.6,0.8));
#6998=DIRECTION('',(0.,-0.8,0.6));
#6999=DIRECTION('center_axis',(-1.,0.,0.));
#7000=DIRECTION('ref_axis',(0.,-0.6,-0.8));
#7001=DIRECTION('center_axis',(1.,0.,0.));
#7002=DIRECTION('ref_axis',(0.,0.828638279439042,-0.559784424442396));
#7003=DIRECTION('',(0.,-0.8,0.6));
#7004=DIRECTION('',(0.,-0.6,-0.8));
#7005=DIRECTION('center_axis',(0.,-0.6,-0.8));
#7006=DIRECTION('ref_axis',(1.,0.,0.));
#7007=DIRECTION('',(-1.,0.,0.));
#7008=DIRECTION('',(0.,-0.8,0.6));
#7009=DIRECTION('',(1.,0.,0.));
#7010=DIRECTION('center_axis',(0.,-0.6,-0.8));
#7011=DIRECTION('ref_axis',(1.,0.,0.));
#7012=DIRECTION('',(1.,0.,0.));
#7013=DIRECTION('',(-1.,0.,0.));
#7014=DIRECTION('',(0.,-0.8,0.6));
#7015=DIRECTION('center_axis',(0.,-0.8,0.6));
#7016=DIRECTION('ref_axis',(1.,0.,0.));
#7017=DIRECTION('',(1.,0.,0.));
#7018=DIRECTION('',(3.50596744618471E-16,0.6,0.8));
#7019=DIRECTION('center_axis',(1.,-2.10358046771082E-16,-2.80477395694776E-16));
#7020=DIRECTION('ref_axis',(3.50596744618471E-16,0.6,0.8));
#7021=DIRECTION('center_axis',(-1.,2.10358046771082E-16,2.80477395694776E-16));
#7022=DIRECTION('ref_axis',(0.,0.863905863782677,-0.503653311834546));
#7023=DIRECTION('center_axis',(1.,-2.10358046771082E-16,-2.80477395694776E-16));
#7024=DIRECTION('ref_axis',(3.50596744618471E-16,0.6,0.8));
#7025=DIRECTION('center_axis',(1.,-2.10358046771082E-16,-2.80477395694776E-16));
#7026=DIRECTION('ref_axis',(0.,0.8,-0.6));
#7027=DIRECTION('',(-3.50596744618471E-16,-0.6,-0.8));
#7028=DIRECTION('center_axis',(1.,-2.10358046771082E-16,-2.80477395694776E-16));
#7029=DIRECTION('ref_axis',(3.50596744618471E-16,0.6,0.8));
#7030=DIRECTION('center_axis',(-1.,2.10358046771082E-16,2.80477395694776E-16));
#7031=DIRECTION('ref_axis',(0.,0.828638279439042,-0.559784424442396));
#7032=DIRECTION('',(3.50596744618471E-16,0.6,0.8));
#7033=DIRECTION('',(0.,-0.8,0.6));
#7034=DIRECTION('center_axis',(0.,-0.6,-0.8));
#7035=DIRECTION('ref_axis',(1.,0.,0.));
#7036=DIRECTION('',(-1.,0.,0.));
#7037=DIRECTION('center_axis',(0.,0.8,-0.6));
#7038=DIRECTION('ref_axis',(-1.,0.,0.));
#7039=DIRECTION('',(2.96059473233375E-16,0.6,0.8));
#7040=DIRECTION('',(-1.,0.,0.));
#7041=DIRECTION('',(0.,-0.6,-0.8));
#7042=DIRECTION('',(1.,0.,0.));
#7043=DIRECTION('center_axis',(0.,-0.8,0.6));
#7044=DIRECTION('ref_axis',(1.,0.,0.));
#7045=DIRECTION('',(0.,0.6,0.8));
#7046=DIRECTION('',(1.,0.,0.));
#7047=DIRECTION('',(-2.96059473233375E-16,-0.6,-0.8));
#7048=DIRECTION('center_axis',(0.,-0.6,-0.8));
#7049=DIRECTION('ref_axis',(1.,0.,0.));
#7050=DIRECTION('',(0.,-0.8,0.6));
#7051=DIRECTION('',(0.,-0.8,0.6));
#7052=DIRECTION('center_axis',(-1.,0.,0.));
#7053=DIRECTION('ref_axis',(0.,-0.6,-0.8));
#7054=DIRECTION('',(0.,-0.8,0.6));
#7055=DIRECTION('center_axis',(0.,0.6,0.8));
#7056=DIRECTION('ref_axis',(-1.,0.,0.));
#7057=DIRECTION('',(0.,-0.8,0.6));
#7058=DIRECTION('center_axis',(1.,-1.77635683940025E-16,-2.368475785867E-16));
#7059=DIRECTION('ref_axis',(2.96059473233375E-16,0.6,0.8));
#7060=DIRECTION('center_axis',(-1.,0.,0.));
#7061=DIRECTION('ref_axis',(0.,0.,-1.));
#7062=DIRECTION('',(0.,0.,1.));
#7063=DIRECTION('',(0.,-1.,0.));
#7064=DIRECTION('center_axis',(0.,-1.,0.));
#7065=DIRECTION('ref_axis',(0.,0.,-1.));
#7066=DIRECTION('',(0.,0.,-1.));
#7067=DIRECTION('',(1.,0.,0.));
#7068=DIRECTION('',(0.,0.,1.));
#7069=DIRECTION('center_axis',(0.,0.,-1.));
#7070=DIRECTION('ref_axis',(1.,0.,0.));
#7071=DIRECTION('',(-1.,0.,0.));
#7072=DIRECTION('',(0.,-1.,0.));
#7073=DIRECTION('',(0.,-1.,0.));
#7074=DIRECTION('center_axis',(-1.,0.,0.));
#7075=DIRECTION('ref_axis',(0.,0.,-1.));
#7076=DIRECTION('center_axis',(-1.,0.,0.));
#7077=DIRECTION('ref_axis',(0.,0.8,-0.6));
#7078=DIRECTION('',(0.,-1.,0.));
#7079=DIRECTION('',(0.,0.,1.));
#7080=DIRECTION('center_axis',(-1.,0.,0.));
#7081=DIRECTION('ref_axis',(0.,0.,-1.));
#7082=DIRECTION('center_axis',(-1.,0.,0.));
#7083=DIRECTION('ref_axis',(0.,0.8,-0.6));
#7084=DIRECTION('',(0.,0.,1.));
#7085=DIRECTION('',(0.,-1.,0.));
#7086=DIRECTION('center_axis',(-1.,0.,0.));
#7087=DIRECTION('ref_axis',(0.,0.,-1.));
#7088=DIRECTION('',(0.,-1.,0.));
#7089=DIRECTION('center_axis',(1.,0.,0.));
#7090=DIRECTION('ref_axis',(0.,0.828638279439042,-0.559784424442396));
#7091=DIRECTION('center_axis',(1.,0.,0.));
#7092=DIRECTION('ref_axis',(0.,0.,1.));
#7093=DIRECTION('center_axis',(1.,0.,0.));
#7094=DIRECTION('ref_axis',(0.,0.8,-0.6));
#7095=DIRECTION('',(0.,0.,-1.));
#7096=DIRECTION('',(0.,-1.,0.));
#7097=DIRECTION('center_axis',(1.,0.,0.));
#7098=DIRECTION('ref_axis',(0.,0.,1.));
#7099=DIRECTION('center_axis',(1.,0.,0.));
#7100=DIRECTION('ref_axis',(0.,0.8,-0.6));
#7101=DIRECTION('',(0.,-1.,0.));
#7102=DIRECTION('',(0.,0.,-1.));
#7103=DIRECTION('center_axis',(0.,0.,1.));
#7104=DIRECTION('ref_axis',(-1.,0.,0.));
#7105=DIRECTION('',(-1.,0.,0.));
#7106=DIRECTION('',(1.,0.,0.));
#7107=DIRECTION('center_axis',(0.,0.,1.));
#7108=DIRECTION('ref_axis',(-1.,0.,0.));
#7109=DIRECTION('',(1.,0.,0.));
#7110=DIRECTION('center_axis',(0.,0.,-1.));
#7111=DIRECTION('ref_axis',(1.,0.,0.));
#7112=DIRECTION('',(1.,0.,0.));
#7113=DIRECTION('',(-1.,0.,0.));
#7114=DIRECTION('center_axis',(0.,0.,1.));
#7115=DIRECTION('ref_axis',(-1.,0.,0.));
#7116=DIRECTION('',(0.,-1.,0.));
#7117=DIRECTION('',(1.,0.,0.));
#7118=DIRECTION('center_axis',(1.,0.,0.));
#7119=DIRECTION('ref_axis',(0.,0.,1.));
#7120=DIRECTION('center_axis',(-1.,0.,0.));
#7121=DIRECTION('ref_axis',(0.,0.828638279439042,-0.559784424442396));
#7122=DIRECTION('center_axis',(0.,1.,0.));
#7123=DIRECTION('ref_axis',(0.,0.,1.));
#7124=DIRECTION('center_axis',(4.67462326157961E-16,0.,1.));
#7125=DIRECTION('ref_axis',(-1.,0.,4.67462326157961E-16));
#7126=DIRECTION('',(-1.,0.,0.));
#7127=DIRECTION('',(0.,-1.,0.));
#7128=DIRECTION('',(1.,0.,-4.67462326157961E-16));
#7129=DIRECTION('',(0.,-1.,0.));
#7130=DIRECTION('center_axis',(1.,0.,-4.67462326157961E-16));
#7131=DIRECTION('ref_axis',(4.67462326157961E-16,0.,1.));
#7132=DIRECTION('center_axis',(1.,0.,-4.67462326157961E-16));
#7133=DIRECTION('ref_axis',(0.,0.8,-0.6));
#7134=DIRECTION('',(0.,-1.,0.));
#7135=DIRECTION('',(-4.67462326157961E-16,0.,-1.));
#7136=DIRECTION('center_axis',(-1.,0.,4.67462326157961E-16));
#7137=DIRECTION('ref_axis',(-4.67462326157961E-16,0.,-1.));
#7138=DIRECTION('center_axis',(-1.,0.,4.67462326157961E-16));
#7139=DIRECTION('ref_axis',(0.,0.8,-0.6));
#7140=DIRECTION('',(4.67462326157961E-16,0.,1.));
#7141=DIRECTION('',(0.,-1.,0.));
#7142=DIRECTION('center_axis',(-1.,0.,4.67462326157961E-16));
#7143=DIRECTION('ref_axis',(-4.67462326157961E-16,0.,-1.));
#7144=DIRECTION('center_axis',(1.,0.,-4.67462326157961E-16));
#7145=DIRECTION('ref_axis',(0.,0.828638279439042,-0.559784424442396));
#7146=DIRECTION('',(0.,-1.,0.));
#7147=DIRECTION('',(-4.67462326157961E-16,0.,-1.));
#7148=DIRECTION('',(0.,-1.,0.));
#7149=DIRECTION('center_axis',(0.,0.,-1.));
#7150=DIRECTION('ref_axis',(1.,0.,0.));
#7151=DIRECTION('',(1.,0.,0.));
#7152=DIRECTION('',(-1.,0.,0.));
#7153=DIRECTION('center_axis',(0.,0.,-1.));
#7154=DIRECTION('ref_axis',(1.,0.,0.));
#7155=DIRECTION('',(-1.,0.,0.));
#7156=DIRECTION('',(0.,-1.,0.));
#7157=DIRECTION('',(1.,0.,0.));
#7158=DIRECTION('center_axis',(4.67462326157961E-16,0.,1.));
#7159=DIRECTION('ref_axis',(-1.,0.,4.67462326157961E-16));
#7160=DIRECTION('',(1.,0.,0.));
#7161=DIRECTION('',(-1.,0.,4.67462326157961E-16));
#7162=DIRECTION('',(0.,-1.,0.));
#7163=DIRECTION('center_axis',(1.,0.,-4.67462326157961E-16));
#7164=DIRECTION('ref_axis',(4.67462326157961E-16,0.,1.));
#7165=DIRECTION('center_axis',(-1.,0.,4.67462326157961E-16));
#7166=DIRECTION('ref_axis',(0.,0.828638279439042,-0.559784424442396));
#7167=DIRECTION('',(4.67462326157961E-16,0.,1.));
#7168=DIRECTION('center_axis',(0.,1.,0.));
#7169=DIRECTION('ref_axis',(0.,0.,1.));
#7170=DIRECTION('',(4.44089209850062E-16,0.,1.));
#7171=DIRECTION('',(-1.,0.,0.));
#7172=DIRECTION('center_axis',(0.,-1.,0.));
#7173=DIRECTION('ref_axis',(0.,0.,-1.));
#7174=DIRECTION('center_axis',(0.,0.,1.));
#7175=DIRECTION('ref_axis',(-1.,0.,0.));
#7176=DIRECTION('',(0.,-1.,0.));
#7177=DIRECTION('center_axis',(1.,0.,-4.44089209850062E-16));
#7178=DIRECTION('ref_axis',(4.44089209850062E-16,0.,1.));
#7179=DIRECTION('center_axis',(-1.,0.,0.));
#7180=DIRECTION('ref_axis',(0.,-1.,0.));
#7181=DIRECTION('',(0.,0.,-1.));
#7182=DIRECTION('',(0.,-1.,0.));
#7183=DIRECTION('',(0.,0.,1.));
#7184=DIRECTION('',(0.,1.,0.));
#7185=DIRECTION('center_axis',(-1.,0.,0.));
#7186=DIRECTION('ref_axis',(0.,-1.,0.));
#7187=DIRECTION('',(0.,0.,1.));
#7188=DIRECTION('',(0.,1.,0.));
#7189=DIRECTION('',(0.,0.,1.));
#7190=DIRECTION('',(0.,-1.,0.));
#7191=DIRECTION('center_axis',(0.,0.,-1.));
#7192=DIRECTION('ref_axis',(-1.,0.,0.));
#7193=DIRECTION('',(0.,-1.,0.));
#7194=DIRECTION('',(-1.,0.,0.));
#7195=DIRECTION('',(0.,1.,0.));
#7196=DIRECTION('',(1.,0.,0.));
#7197=DIRECTION('center_axis',(1.,0.,0.));
#7198=DIRECTION('ref_axis',(0.,1.,0.));
#7199=DIRECTION('',(0.,0.,1.));
#7200=DIRECTION('',(0.,-1.,0.));
#7201=DIRECTION('',(0.,0.,1.));
#7202=DIRECTION('',(0.,1.,0.));
#7203=DIRECTION('center_axis',(1.,0.,0.));
#7204=DIRECTION('ref_axis',(0.,1.,0.));
#7205=DIRECTION('',(0.,0.,-1.));
#7206=DIRECTION('',(0.,1.,0.));
#7207=DIRECTION('',(0.,0.,1.));
#7208=DIRECTION('',(0.,-1.,0.));
#7209=DIRECTION('center_axis',(0.,1.,0.));
#7210=DIRECTION('ref_axis',(-1.,0.,0.));
#7211=DIRECTION('',(1.,0.,0.));
#7212=DIRECTION('',(-1.,0.,0.));
#7213=DIRECTION('center_axis',(0.,-1.,0.));
#7214=DIRECTION('ref_axis',(1.,0.,0.));
#7215=DIRECTION('',(-1.,0.,0.));
#7216=DIRECTION('',(1.,0.,0.));
#7217=DIRECTION('center_axis',(0.,0.,1.));
#7218=DIRECTION('ref_axis',(1.,0.,0.));
#7219=DIRECTION('center_axis',(0.,0.,1.));
#7220=DIRECTION('ref_axis',(1.,0.,0.));
#7221=DIRECTION('center_axis',(0.,0.,1.));
#7222=DIRECTION('ref_axis',(1.,0.,0.));
#7223=DIRECTION('',(0.,-1.,0.));
#7224=DIRECTION('center_axis',(0.,0.,1.));
#7225=DIRECTION('ref_axis',(1.,0.,0.));
#7226=DIRECTION('center_axis',(0.,0.,1.));
#7227=DIRECTION('ref_axis',(1.,0.,0.));
#7228=DIRECTION('',(0.,1.,0.));
#7229=DIRECTION('center_axis',(-1.,0.,0.));
#7230=DIRECTION('ref_axis',(0.,-1.,0.));
#7231=DIRECTION('',(0.,0.,-1.));
#7232=DIRECTION('',(0.,-1.,0.));
#7233=DIRECTION('',(0.,0.,1.));
#7234=DIRECTION('center_axis',(0.,0.,-1.));
#7235=DIRECTION('ref_axis',(1.,0.,0.));
#7236=DIRECTION('center_axis',(0.,0.,-1.));
#7237=DIRECTION('ref_axis',(1.,0.,0.));
#7238=DIRECTION('',(0.,0.,1.));
#7239=DIRECTION('center_axis',(0.,0.,1.));
#7240=DIRECTION('ref_axis',(1.,0.,0.));
#7241=DIRECTION('',(0.,0.,-1.));
#7242=DIRECTION('center_axis',(0.,0.,-1.));
#7243=DIRECTION('ref_axis',(1.,0.,0.));
#7244=DIRECTION('',(0.,0.,1.));
#7245=DIRECTION('',(0.,0.,1.));
#7246=DIRECTION('center_axis',(0.,0.,1.));
#7247=DIRECTION('ref_axis',(1.,0.,0.));
#7248=DIRECTION('',(0.,0.,-1.));
#7249=DIRECTION('center_axis',(1.,0.,0.));
#7250=DIRECTION('ref_axis',(0.,1.,0.));
#7251=DIRECTION('',(0.,0.,-1.));
#7252=DIRECTION('',(0.,1.,0.));
#7253=DIRECTION('center_axis',(1.,0.,0.));
#7254=DIRECTION('ref_axis',(0.,1.,0.));
#7255=DIRECTION('',(0.,0.,1.));
#7256=DIRECTION('',(0.,-1.,0.));
#7257=DIRECTION('',(0.,0.,1.));
#7258=DIRECTION('center_axis',(0.,1.,0.));
#7259=DIRECTION('ref_axis',(-1.,0.,0.));
#7260=DIRECTION('',(-1.,0.,0.));
#7261=DIRECTION('',(0.,0.,1.));
#7262=DIRECTION('',(1.,0.,0.));
#7263=DIRECTION('',(0.,0.,1.));
#7264=DIRECTION('center_axis',(-1.,0.,0.));
#7265=DIRECTION('ref_axis',(0.,-1.,0.));
#7266=DIRECTION('',(0.,-1.,0.));
#7267=DIRECTION('',(0.,0.,1.));
#7268=DIRECTION('',(0.,1.,0.));
#7269=DIRECTION('center_axis',(0.,-1.,0.));
#7270=DIRECTION('ref_axis',(1.,0.,0.));
#7271=DIRECTION('',(1.,0.,0.));
#7272=DIRECTION('',(0.,0.,1.));
#7273=DIRECTION('',(-1.,0.,0.));
#7274=DIRECTION('center_axis',(1.,0.,0.));
#7275=DIRECTION('ref_axis',(0.,1.,0.));
#7276=DIRECTION('',(0.,1.,0.));
#7277=DIRECTION('',(0.,-1.,0.));
#7278=DIRECTION('center_axis',(1.,0.,0.));
#7279=DIRECTION('ref_axis',(0.,1.,0.));
#7280=DIRECTION('',(0.,1.,0.));
#7281=DIRECTION('',(0.,0.,1.));
#7282=DIRECTION('',(0.,-1.,0.));
#7283=DIRECTION('',(0.,1.,0.));
#7284=DIRECTION('',(0.,-1.,0.));
#7285=DIRECTION('',(0.,0.,1.));
#7286=DIRECTION('center_axis',(0.,-1.,0.));
#7287=DIRECTION('ref_axis',(1.,0.,0.));
#7288=DIRECTION('',(1.,0.,0.));
#7289=DIRECTION('',(0.,0.,1.));
#7290=DIRECTION('',(-1.,0.,0.));
#7291=DIRECTION('center_axis',(-1.,0.,0.));
#7292=DIRECTION('ref_axis',(0.,-1.,0.));
#7293=DIRECTION('',(0.,-1.,0.));
#7294=DIRECTION('',(0.,0.,1.));
#7295=DIRECTION('',(0.,1.,0.));
#7296=DIRECTION('',(0.,-1.,0.));
#7297=DIRECTION('',(0.,1.,0.));
#7298=DIRECTION('center_axis',(0.,1.,0.));
#7299=DIRECTION('ref_axis',(-1.,0.,0.));
#7300=DIRECTION('',(-1.,0.,0.));
#7301=DIRECTION('',(1.,0.,0.));
#7302=DIRECTION('center_axis',(0.,0.,1.));
#7303=DIRECTION('ref_axis',(1.,0.,0.));
#7304=DIRECTION('center_axis',(0.,0.,1.));
#7305=DIRECTION('ref_axis',(1.,0.,0.));
#7306=DIRECTION('center_axis',(0.,0.,-1.));
#7307=DIRECTION('ref_axis',(1.,0.,0.));
#7308=DIRECTION('',(-1.,4.15833649201157E-16,0.));
#7309=DIRECTION('',(0.,1.,0.));
#7310=DIRECTION('',(-1.,0.,0.));
#7311=DIRECTION('',(0.,-1.,0.));
#7312=DIRECTION('',(-1.,-2.07916824600578E-15,0.));
#7313=DIRECTION('center_axis',(0.,0.,-1.));
#7314=DIRECTION('ref_axis',(1.,0.,0.));
#7315=DIRECTION('center_axis',(0.,0.,1.));
#7316=DIRECTION('ref_axis',(1.,0.,0.));
#7317=DIRECTION('',(0.680647575316215,0.732611000610936,0.));
#7318=DIRECTION('',(1.,0.,0.));
#7319=DIRECTION('',(0.680647575316215,-0.732611000610936,0.));
#7320=DIRECTION('center_axis',(0.,0.,1.));
#7321=DIRECTION('ref_axis',(1.,0.,0.));
#7322=DIRECTION('',(0.,-1.,0.));
#7323=DIRECTION('',(-1.,0.,0.));
#7324=DIRECTION('',(0.,1.,0.));
#7325=DIRECTION('',(1.,0.,0.));
#7326=DIRECTION('center_axis',(0.,1.,0.));
#7327=DIRECTION('ref_axis',(-1.,0.,0.));
#7328=DIRECTION('',(-1.,0.,0.));
#7329=DIRECTION('',(0.,0.,1.));
#7330=DIRECTION('',(0.,0.,1.));
#7331=DIRECTION('center_axis',(1.,0.,0.));
#7332=DIRECTION('ref_axis',(0.,1.,0.));
#7333=DIRECTION('',(0.,1.,0.));
#7334=DIRECTION('',(0.,0.,1.));
#7335=DIRECTION('center_axis',(0.,-1.,0.));
#7336=DIRECTION('ref_axis',(1.,0.,0.));
#7337=DIRECTION('',(1.,0.,0.));
#7338=DIRECTION('',(0.,0.,1.));
#7339=DIRECTION('center_axis',(-1.,0.,0.));
#7340=DIRECTION('ref_axis',(0.,-1.,0.));
#7341=DIRECTION('',(0.,-1.,0.));
#7342=DIRECTION('center_axis',(0.,0.,1.));
#7343=DIRECTION('ref_axis',(1.,0.,0.));
#7344=DIRECTION('',(1.,0.,0.));
#7345=DIRECTION('',(0.,1.,0.));
#7346=DIRECTION('',(-1.,0.,0.));
#7347=DIRECTION('center_axis',(-1.,0.,0.));
#7348=DIRECTION('ref_axis',(0.,-1.,0.));
#7349=DIRECTION('',(0.,0.,1.));
#7350=DIRECTION('',(0.,0.,1.));
#7351=DIRECTION('center_axis',(0.,1.,0.));
#7352=DIRECTION('ref_axis',(-1.,0.,0.));
#7353=DIRECTION('center_axis',(-1.,0.,0.));
#7354=DIRECTION('ref_axis',(0.,1.,0.));
#7355=DIRECTION('',(0.,1.,0.));
#7356=DIRECTION('',(0.,0.,-1.));
#7357=DIRECTION('',(0.,1.,0.));
#7358=DIRECTION('center_axis',(0.,0.,-1.));
#7359=DIRECTION('ref_axis',(-1.,0.,0.));
#7360=DIRECTION('',(0.,-1.,0.));
#7361=DIRECTION('',(1.,0.,0.));
#7362=DIRECTION('center_axis',(1.,0.,0.));
#7363=DIRECTION('ref_axis',(0.,-1.,0.));
#7364=DIRECTION('',(0.,0.,-1.));
#7365=DIRECTION('',(0.,-1.,0.));
#7366=DIRECTION('',(0.,0.,-1.));
#7367=DIRECTION('',(0.,-1.,0.));
#7368=DIRECTION('center_axis',(0.,1.,0.));
#7369=DIRECTION('ref_axis',(1.,0.,0.));
#7370=DIRECTION('',(0.,0.,-1.));
#7371=DIRECTION('',(1.,0.,0.));
#7372=DIRECTION('center_axis',(-1.,0.,0.));
#7373=DIRECTION('ref_axis',(0.,1.,0.));
#7374=DIRECTION('',(0.,0.,1.));
#7375=DIRECTION('',(0.,1.,0.));
#7376=DIRECTION('',(0.,0.,-1.));
#7377=DIRECTION('',(0.,1.,0.));
#7378=DIRECTION('center_axis',(0.,-1.,0.));
#7379=DIRECTION('ref_axis',(-1.,0.,0.));
#7380=DIRECTION('',(-1.,0.,0.));
#7381=DIRECTION('',(-1.,0.,0.));
#7382=DIRECTION('center_axis',(1.,0.,0.));
#7383=DIRECTION('ref_axis',(0.,-1.,0.));
#7384=DIRECTION('',(0.,-1.,0.));
#7385=DIRECTION('center_axis',(0.,0.,-1.));
#7386=DIRECTION('ref_axis',(-1.,0.,0.));
#7387=DIRECTION('center_axis',(0.,0.,-1.));
#7388=DIRECTION('ref_axis',(-1.,0.,0.));
#7389=DIRECTION('center_axis',(0.,0.,1.));
#7390=DIRECTION('ref_axis',(1.,0.,0.));
#7391=DIRECTION('center_axis',(0.,-1.,0.));
#7392=DIRECTION('ref_axis',(1.,0.,0.));
#7393=DIRECTION('center_axis',(0.,0.,-1.));
#7394=DIRECTION('ref_axis',(1.,0.,0.));
#7395=DIRECTION('',(0.,0.,1.));
#7396=DIRECTION('center_axis',(0.,0.,1.));
#7397=DIRECTION('ref_axis',(1.,0.,0.));
#7398=DIRECTION('',(0.,0.,-1.));
#7399=DIRECTION('center_axis',(0.,0.,-1.));
#7400=DIRECTION('ref_axis',(0.,-1.,0.));
#7401=DIRECTION('',(0.,1.,0.));
#7402=DIRECTION('',(-1.,0.,0.));
#7403=DIRECTION('',(0.,-1.,0.));
#7404=DIRECTION('',(-1.,0.,0.));
#7405=DIRECTION('center_axis',(1.,0.,0.));
#7406=DIRECTION('ref_axis',(0.,0.,-1.));
#7407=DIRECTION('center_axis',(-1.,0.,0.));
#7408=DIRECTION('ref_axis',(0.,0.828638279439042,-0.559784424442396));
#7409=DIRECTION('',(0.,1.,1.73472347597681E-16));
#7410=DIRECTION('',(0.,0.,1.));
#7411=DIRECTION('',(0.,-1.,0.));
#7412=DIRECTION('',(0.,1.,0.));
#7413=DIRECTION('',(0.,0.,1.));
#7414=DIRECTION('center_axis',(0.,0.,-1.));
#7415=DIRECTION('ref_axis',(0.,-1.,0.));
#7416=DIRECTION('',(0.,1.,0.));
#7417=DIRECTION('',(-1.,0.,0.));
#7418=DIRECTION('center_axis',(1.,0.,0.));
#7419=DIRECTION('ref_axis',(0.,0.,-1.));
#7420=DIRECTION('',(0.,1.,0.));
#7421=DIRECTION('',(0.,0.,-1.));
#7422=DIRECTION('',(0.,-1.,0.));
#7423=DIRECTION('center_axis',(1.,0.,0.));
#7424=DIRECTION('ref_axis',(0.,0.828638279439042,-0.559784424442396));
#7425=DIRECTION('',(0.,0.,-1.));
#7426=DIRECTION('center_axis',(0.,-1.73472347597681E-16,1.));
#7427=DIRECTION('ref_axis',(0.,1.,1.73472347597681E-16));
#7428=DIRECTION('',(-1.,0.,0.));
#7429=DIRECTION('',(1.,0.,0.));
#7430=DIRECTION('center_axis',(-1.,0.,0.));
#7431=DIRECTION('ref_axis',(0.,0.828638279439042,-0.559784424442396));
#7432=DIRECTION('center_axis',(0.,0.,1.));
#7433=DIRECTION('ref_axis',(0.,1.,0.));
#7434=DIRECTION('',(1.,0.,0.));
#7435=DIRECTION('center_axis',(0.,0.,1.));
#7436=DIRECTION('ref_axis',(-1.,0.,0.));
#7437=DIRECTION('',(0.,0.,-1.));
#7438=DIRECTION('center_axis',(0.,1.,0.));
#7439=DIRECTION('ref_axis',(1.,0.,0.));
#7440=DIRECTION('',(0.,0.,-1.));
#7441=DIRECTION('',(0.,0.,1.));
#7442=DIRECTION('center_axis',(-1.,0.,0.));
#7443=DIRECTION('ref_axis',(0.,1.,0.));
#7444=DIRECTION('',(0.,0.,1.));
#7445=DIRECTION('',(0.,0.,-1.));
#7446=DIRECTION('center_axis',(-1.,0.,0.));
#7447=DIRECTION('ref_axis',(0.,1.,0.));
#7448=DIRECTION('',(0.,0.,1.));
#7449=DIRECTION('',(0.,0.,-1.));
#7450=DIRECTION('',(0.,1.,0.));
#7451=DIRECTION('center_axis',(0.,0.,1.));
#7452=DIRECTION('ref_axis',(0.,1.,0.));
#7453=DIRECTION('center_axis',(0.,0.,1.));
#7454=DIRECTION('ref_axis',(1.,0.,0.));
#7455=DIRECTION('center_axis',(0.,0.,1.));
#7456=DIRECTION('ref_axis',(1.,0.,0.));
#7457=DIRECTION('center_axis',(0.,0.,-1.));
#7458=DIRECTION('ref_axis',(1.,0.,0.));
#7459=DIRECTION('center_axis',(0.,0.,1.));
#7460=DIRECTION('ref_axis',(1.,0.,0.));
#7461=DIRECTION('',(-0.680647575316216,-0.732611000610936,0.));
#7462=DIRECTION('center_axis',(0.,0.,-1.));
#7463=DIRECTION('ref_axis',(1.,0.,0.));
#7464=DIRECTION('',(1.,2.07916824600578E-15,0.));
#7465=DIRECTION('',(0.,-1.,0.));
#7466=DIRECTION('center_axis',(0.,0.,1.));
#7467=DIRECTION('ref_axis',(1.,0.,0.));
#7468=DIRECTION('',(-0.680647575316215,0.732611000610936,0.));
#7469=DIRECTION('',(1.,-4.15833649201157E-16,0.));
#7470=DIRECTION('center_axis',(0.,0.,-1.));
#7471=DIRECTION('ref_axis',(1.,0.,0.));
#7472=DIRECTION('center_axis',(0.,0.,-1.));
#7473=DIRECTION('ref_axis',(1.,0.,0.));
#7474=DIRECTION('',(0.,0.,1.));
#7475=DIRECTION('',(0.,0.,-1.));
#7476=DIRECTION('center_axis',(1.,0.,0.));
#7477=DIRECTION('ref_axis',(0.,-1.,0.));
#7478=DIRECTION('',(0.,0.,-1.));
#7479=DIRECTION('',(0.,0.,-1.));
#7480=DIRECTION('center_axis',(1.,0.,0.));
#7481=DIRECTION('ref_axis',(0.,-1.,0.));
#7482=DIRECTION('',(0.,0.,-1.));
#7483=DIRECTION('',(0.,0.,1.));
#7484=DIRECTION('center_axis',(0.732611000610936,-0.680647575316215,0.));
#7485=DIRECTION('ref_axis',(0.,0.,-1.));
#7486=DIRECTION('center_axis',(-4.58414668232323E-16,-1.,0.));
#7487=DIRECTION('ref_axis',(0.,0.,-1.));
#7488=DIRECTION('center_axis',(4.16333634234434E-16,1.,0.));
#7489=DIRECTION('ref_axis',(0.,0.,1.));
#7490=DIRECTION('',(0.,0.,1.));
#7491=DIRECTION('center_axis',(0.732611000610936,0.680647575316215,0.));
#7492=DIRECTION('ref_axis',(0.,0.,-1.));
#7493=DIRECTION('center_axis',(-0.732611000610936,0.680647575316215,0.));
#7494=DIRECTION('ref_axis',(0.,0.,1.));
#7495=DIRECTION('center_axis',(4.16333634234434E-16,1.,0.));
#7496=DIRECTION('ref_axis',(0.,0.,1.));
#7497=DIRECTION('center_axis',(-0.732611000610936,-0.680647575316215,0.));
#7498=DIRECTION('ref_axis',(0.,0.,1.));
#7499=DIRECTION('',(0.,0.,-1.));
#7500=DIRECTION('center_axis',(-4.58414668232323E-16,-1.,0.));
#7501=DIRECTION('ref_axis',(0.,0.,-1.));
#7502=DIRECTION('center_axis',(0.,1.,0.));
#7503=DIRECTION('ref_axis',(0.,0.,-1.));
#7504=DIRECTION('',(0.,0.,1.));
#7505=DIRECTION('',(-1.,0.,0.));
#7506=DIRECTION('',(0.,0.,-1.));
#7507=DIRECTION('',(0.,0.,1.));
#7508=DIRECTION('',(-1.,0.,0.));
#7509=DIRECTION('',(0.,0.,-1.));
#7510=DIRECTION('',(1.,0.,0.));
#7511=DIRECTION('',(0.,0.,1.));
#7512=DIRECTION('',(-1.,0.,0.));
#7513=DIRECTION('',(0.,0.,-1.));
#7514=DIRECTION('',(1.,0.,0.));
#7515=DIRECTION('center_axis',(-1.,0.,0.));
#7516=DIRECTION('ref_axis',(0.,0.,1.));
#7517=DIRECTION('',(0.,-1.,0.));
#7518=DIRECTION('center_axis',(0.,0.,-1.));
#7519=DIRECTION('ref_axis',(1.,0.,0.));
#7520=DIRECTION('center_axis',(0.,-1.,0.));
#7521=DIRECTION('ref_axis',(-1.,0.,0.));
#7522=DIRECTION('center_axis',(-1.,0.,0.));
#7523=DIRECTION('ref_axis',(0.,0.863905863782677,-0.503653311834546));
#7524=DIRECTION('center_axis',(1.,0.,0.));
#7525=DIRECTION('ref_axis',(0.,0.863905863782677,-0.503653311834546));
#7526=DIRECTION('',(-1.,0.,0.));
#7527=DIRECTION('center_axis',(-1.,0.,0.));
#7528=DIRECTION('ref_axis',(0.,0.863905863782677,-0.503653311834546));
#7529=DIRECTION('',(1.,0.,0.));
#7530=DIRECTION('center_axis',(-1.,0.,0.));
#7531=DIRECTION('ref_axis',(0.,0.998597886635594,0.0529363845282788));
#7532=DIRECTION('center_axis',(1.,0.,0.));
#7533=DIRECTION('ref_axis',(0.,0.998597886635594,0.0529363845282788));
#7534=DIRECTION('',(-1.,0.,0.));
#7535=DIRECTION('center_axis',(-1.,0.,0.));
#7536=DIRECTION('ref_axis',(0.,0.998597886635594,0.0529363845282788));
#7537=DIRECTION('',(-1.,0.,0.));
#7538=DIRECTION('center_axis',(-1.,0.,0.));
#7539=DIRECTION('ref_axis',(0.,0.944925319261596,-0.327286023255456));
#7540=DIRECTION('center_axis',(1.,0.,0.));
#7541=DIRECTION('ref_axis',(0.,0.944925319261596,-0.327286023255456));
#7542=DIRECTION('',(-1.,0.,0.));
#7543=DIRECTION('center_axis',(-1.,0.,0.));
#7544=DIRECTION('ref_axis',(0.,0.944925319261596,-0.327286023255456));
#7545=DIRECTION('',(1.,0.,0.));
#7546=DIRECTION('center_axis',(-1.,0.,0.));
#7547=DIRECTION('ref_axis',(0.,0.99062621543686,-0.136600517163162));
#7548=DIRECTION('center_axis',(1.,0.,0.));
#7549=DIRECTION('ref_axis',(0.,0.99062621543686,-0.136600517163162));
#7550=DIRECTION('',(-1.,0.,0.));
#7551=DIRECTION('center_axis',(-1.,0.,0.));
#7552=DIRECTION('ref_axis',(0.,0.99062621543686,-0.136600517163162));
#7553=DIRECTION('',(1.,0.,0.));
#7554=DIRECTION('center_axis',(1.,0.,0.));
#7555=DIRECTION('ref_axis',(0.,0.,-1.));
#7556=DIRECTION('',(0.,-1.,0.));
#7557=DIRECTION('',(0.,1.,0.));
#7558=DIRECTION('center_axis',(1.,0.,0.));
#7559=DIRECTION('ref_axis',(0.,0.8,-0.6));
#7560=DIRECTION('',(0.,-1.,0.));
#7561=DIRECTION('',(0.,1.,0.));
#7562=DIRECTION('center_axis',(-1.,0.,0.));
#7563=DIRECTION('ref_axis',(0.,-0.923076923076923,0.384615384615385));
#7564=DIRECTION('center_axis',(-1.,0.,0.));
#7565=DIRECTION('ref_axis',(0.,-0.923076923076923,0.384615384615385));
#7566=DIRECTION('center_axis',(-1.,0.,0.));
#7567=DIRECTION('ref_axis',(0.,-0.923076923076923,0.384615384615385));
#7568=DIRECTION('center_axis',(-1.,0.,0.));
#7569=DIRECTION('ref_axis',(0.,-0.923076923076923,0.384615384615385));
#7570=DIRECTION('center_axis',(1.,0.,0.));
#7571=DIRECTION('ref_axis',(0.,-0.923076923076923,0.384615384615385));
#7572=DIRECTION('center_axis',(-1.,0.,0.));
#7573=DIRECTION('ref_axis',(0.,-0.923076923076923,0.384615384615385));
#7574=DIRECTION('center_axis',(1.,0.,0.));
#7575=DIRECTION('ref_axis',(0.,-0.923076923076923,0.384615384615385));
#7576=DIRECTION('center_axis',(-1.,0.,0.));
#7577=DIRECTION('ref_axis',(0.,-0.923076923076923,0.384615384615385));
#7578=DIRECTION('center_axis',(1.,0.,0.));
#7579=DIRECTION('ref_axis',(0.,-0.923076923076923,0.384615384615385));
#7580=DIRECTION('center_axis',(0.,0.,-1.));
#7581=DIRECTION('ref_axis',(0.,-1.,0.));
#7582=DIRECTION('',(0.,-1.,0.));
#7583=DIRECTION('center_axis',(0.,0.,1.));
#7584=DIRECTION('ref_axis',(0.,1.,0.));
#7585=DIRECTION('',(0.,1.,0.));
#7586=DIRECTION('center_axis',(0.,0.,-1.));
#7587=DIRECTION('ref_axis',(0.,-1.,0.));
#7588=DIRECTION('',(0.,-1.,0.));
#7589=DIRECTION('',(-1.,0.,0.));
#7590=DIRECTION('center_axis',(-1.,0.,0.));
#7591=DIRECTION('ref_axis',(0.,0.8,-0.6));
#7592=DIRECTION('center_axis',(-1.,0.,0.));
#7593=DIRECTION('ref_axis',(0.,0.8,-0.6));
#7594=DIRECTION('',(-1.,0.,0.));
#7595=DIRECTION('center_axis',(0.,0.,1.));
#7596=DIRECTION('ref_axis',(0.,1.,0.));
#7597=DIRECTION('',(0.,1.,0.));
#7598=DIRECTION('center_axis',(1.,0.,0.));
#7599=DIRECTION('ref_axis',(0.,0.,-1.));
#7600=DIRECTION('center_axis',(0.,0.,-1.));
#7601=DIRECTION('ref_axis',(1.,0.,0.));
#7602=DIRECTION('',(0.,0.,-1.));
#7603=DIRECTION('center_axis',(0.,0.,-1.));
#7604=DIRECTION('ref_axis',(1.,0.,0.));
#7605=DIRECTION('center_axis',(0.,0.,1.));
#7606=DIRECTION('ref_axis',(1.,0.,0.));
#7607=DIRECTION('center_axis',(0.,0.,-1.));
#7608=DIRECTION('ref_axis',(0.,-1.,0.));
#7609=DIRECTION('',(0.,1.,0.));
#7610=DIRECTION('center_axis',(1.,0.,0.));
#7611=DIRECTION('ref_axis',(0.,0.,-1.));
#7612=DIRECTION('axis',(0.,0.,1.));
#7613=DIRECTION('refdir',(1.,0.,0.));
#7614=DIRECTION('center_axis',(0.,1.,0.));
#7615=DIRECTION('ref_axis',(-1.,0.,0.));
#7616=DIRECTION('center_axis',(0.,1.,0.));
#7617=DIRECTION('ref_axis',(-1.,0.,0.));
#7618=DIRECTION('',(0.,-1.,0.));
#7619=DIRECTION('center_axis',(0.,1.,0.));
#7620=DIRECTION('ref_axis',(-1.,0.,0.));
#7621=DIRECTION('center_axis',(0.,1.,0.));
#7622=DIRECTION('ref_axis',(0.,0.,1.));
#7623=DIRECTION('center_axis',(0.,1.,0.));
#7624=DIRECTION('ref_axis',(0.,0.,1.));
#7625=DIRECTION('axis',(0.,0.,1.));
#7626=DIRECTION('refdir',(1.,0.,0.));
#7627=DIRECTION('center_axis',(0.,-1.,0.));
#7628=DIRECTION('ref_axis',(0.,0.,-1.));
#7629=DIRECTION('',(0.,0.,1.));
#7630=DIRECTION('',(1.,0.,0.));
#7631=DIRECTION('',(0.,0.,-1.));
#7632=DIRECTION('',(1.,0.,0.));
#7633=DIRECTION('center_axis',(0.,0.643533464514728,0.765417977349417));
#7634=DIRECTION('ref_axis',(0.,-0.765417977349416,0.643533464514728));
#7635=DIRECTION('',(0.,0.765417977349416,-0.643533464514728));
#7636=DIRECTION('',(0.,-0.765417977349416,0.643533464514728));
#7637=DIRECTION('',(1.,0.,0.));
#7638=DIRECTION('center_axis',(0.,0.630350295260609,-0.776310830315321));
#7639=DIRECTION('ref_axis',(0.,0.776310830315321,0.630350295260609));
#7640=DIRECTION('',(0.,-0.776310830315321,-0.630350295260609));
#7641=DIRECTION('',(0.,0.776310830315321,0.630350295260609));
#7642=DIRECTION('',(1.,0.,0.));
#7643=DIRECTION('center_axis',(0.,-1.,0.));
#7644=DIRECTION('ref_axis',(0.,0.,-1.));
#7645=DIRECTION('',(0.,0.,1.));
#7646=DIRECTION('',(0.,0.,-1.));
#7647=DIRECTION('',(1.,0.,0.));
#7648=DIRECTION('center_axis',(0.,0.,-1.));
#7649=DIRECTION('ref_axis',(0.,1.,0.));
#7650=DIRECTION('',(0.,-1.,0.));
#7651=DIRECTION('',(0.,1.,0.));
#7652=DIRECTION('',(1.,0.,0.));
#7653=DIRECTION('center_axis',(0.,-1.,0.));
#7654=DIRECTION('ref_axis',(0.,0.,-1.));
#7655=DIRECTION('',(0.,0.,1.));
#7656=DIRECTION('',(0.,0.,-1.));
#7657=DIRECTION('',(1.,0.,0.));
#7658=DIRECTION('center_axis',(0.,0.,1.));
#7659=DIRECTION('ref_axis',(0.,-1.,0.));
#7660=DIRECTION('',(0.,1.,0.));
#7661=DIRECTION('',(0.,-1.,0.));
#7662=DIRECTION('center_axis',(1.,0.,0.));
#7663=DIRECTION('ref_axis',(0.,0.,-1.));
#7664=DIRECTION('center_axis',(0.,-0.559192903470747,-0.829037572555042));
#7665=DIRECTION('ref_axis',(0.,-0.829037572555042,0.559192903470747));
#7666=DIRECTION('',(1.,0.,0.));
#7667=DIRECTION('',(0.,-0.829037572555042,0.559192903470747));
#7668=DIRECTION('',(-1.,0.,0.));
#7669=DIRECTION('',(0.,-0.829037572555042,0.559192903470747));
#7670=DIRECTION('center_axis',(1.,0.,0.));
#7671=DIRECTION('ref_axis',(0.,0.,-1.));
#7672=DIRECTION('',(0.,-0.829037572555042,0.559192903470747));
#7673=DIRECTION('center_axis',(-1.,0.,0.));
#7674=DIRECTION('ref_axis',(0.,0.829037572555043,-0.559192903470746));
#7675=DIRECTION('',(0.,0.808900777498081,0.587945177855045));
#7676=DIRECTION('center_axis',(1.,0.,0.));
#7677=DIRECTION('ref_axis',(0.,0.,-1.));
#7678=DIRECTION('',(0.,0.808900777498081,0.587945177855045));
#7679=DIRECTION('center_axis',(0.,-0.587945177855045,0.808900777498081));
#7680=DIRECTION('ref_axis',(0.,0.808900777498081,0.587945177855045));
#7681=DIRECTION('',(1.,0.,0.));
#7682=DIRECTION('',(-1.,0.,0.));
#7683=DIRECTION('',(0.,0.808900777498081,0.587945177855045));
#7684=DIRECTION('center_axis',(0.,1.,0.));
#7685=DIRECTION('ref_axis',(0.,0.,-1.));
#7686=DIRECTION('',(0.,0.,-1.));
#7687=DIRECTION('',(-1.,0.,0.));
#7688=DIRECTION('',(0.,0.,-1.));
#7689=DIRECTION('',(-1.,0.,0.));
#7690=DIRECTION('center_axis',(-1.,0.,0.));
#7691=DIRECTION('ref_axis',(0.,0.0683103374728864,0.997664120731191));
#7692=DIRECTION('center_axis',(1.,0.,0.));
#7693=DIRECTION('ref_axis',(0.,0.0683103374728864,0.997664120731191));
#7694=DIRECTION('center_axis',(1.,0.,0.));
#7695=DIRECTION('ref_axis',(0.,0.0683103374728864,0.997664120731191));
#7696=DIRECTION('center_axis',(0.,0.,-1.));
#7697=DIRECTION('ref_axis',(0.,-1.,0.));
#7698=DIRECTION('',(0.,-1.,0.));
#7699=DIRECTION('',(-1.,0.,0.));
#7700=DIRECTION('',(0.,-1.,0.));
#7701=DIRECTION('',(-1.,0.,0.));
#7702=DIRECTION('center_axis',(-1.,0.,0.));
#7703=DIRECTION('ref_axis',(0.,1.,3.64795435780291E-16));
#7704=DIRECTION('center_axis',(-1.,0.,0.));
#7705=DIRECTION('ref_axis',(0.,-0.0643288372148872,-0.997928755324036));
#7706=DIRECTION('',(-1.,0.,0.));
#7707=DIRECTION('center_axis',(-1.,0.,0.));
#7708=DIRECTION('ref_axis',(0.,-0.0643288372148872,-0.997928755324036));
#7709=DIRECTION('center_axis',(0.,0.,1.));
#7710=DIRECTION('ref_axis',(0.,1.,0.));
#7711=DIRECTION('',(0.,1.,0.));
#7712=DIRECTION('',(-1.,0.,0.));
#7713=DIRECTION('',(0.,1.,0.));
#7714=DIRECTION('center_axis',(0.,-1.,0.));
#7715=DIRECTION('ref_axis',(0.,0.,1.));
#7716=DIRECTION('',(0.,0.,1.));
#7717=DIRECTION('',(0.,0.,1.));
#7718=DIRECTION('center_axis',(1.,0.,0.));
#7719=DIRECTION('ref_axis',(0.,0.,-1.));
#7720=DIRECTION('center_axis',(0.,-0.587945177855045,0.808900777498081));
#7721=DIRECTION('ref_axis',(0.,0.808900777498081,0.587945177855045));
#7722=DIRECTION('',(0.,0.808900777498081,0.587945177855045));
#7723=DIRECTION('',(-1.,0.,0.));
#7724=DIRECTION('center_axis',(0.,-0.559192903470747,-0.829037572555042));
#7725=DIRECTION('ref_axis',(0.,-0.829037572555042,0.559192903470747));
#7726=DIRECTION('',(0.,-0.829037572555042,0.559192903470747));
#7727=DIRECTION('',(-1.,0.,0.));
#7728=DIRECTION('center_axis',(-1.,0.,0.));
#7729=DIRECTION('ref_axis',(0.,0.829037572555043,-0.559192903470746));
#7730=DIRECTION('center_axis',(-1.,0.,0.));
#7731=DIRECTION('ref_axis',(0.,0.829037572555043,-0.559192903470746));
#7732=DIRECTION('center_axis',(0.,-1.,0.));
#7733=DIRECTION('ref_axis',(0.,0.,1.));
#7734=DIRECTION('',(0.,0.,1.));
#7735=DIRECTION('',(-1.,0.,0.));
#7736=DIRECTION('',(0.,0.,1.));
#7737=DIRECTION('',(-1.,0.,0.));
#7738=DIRECTION('center_axis',(0.,0.64278760968654,-0.766044443118978));
#7739=DIRECTION('ref_axis',(0.,-0.766044443118978,-0.64278760968654));
#7740=DIRECTION('',(0.,-0.766044443118978,-0.64278760968654));
#7741=DIRECTION('',(-1.,0.,0.));
#7742=DIRECTION('',(0.,-0.766044443118978,-0.642787609686539));
#7743=DIRECTION('center_axis',(-1.,0.,0.));
#7744=DIRECTION('ref_axis',(0.,0.929607791274311,0.368550341747362));
#7745=DIRECTION('center_axis',(-1.,0.,0.));
#7746=DIRECTION('ref_axis',(0.,0.929607791274311,0.368550341747362));
#7747=DIRECTION('center_axis',(-1.,0.,0.));
#7748=DIRECTION('ref_axis',(0.,0.929607791274311,0.368550341747362));
#7749=DIRECTION('center_axis',(1.,0.,0.));
#7750=DIRECTION('ref_axis',(0.,0.,-1.));
#7751=DIRECTION('center_axis',(0.,-1.,0.));
#7752=DIRECTION('ref_axis',(0.,0.,1.));
#7753=DIRECTION('',(0.,0.,1.));
#7754=DIRECTION('',(-1.,0.,0.));
#7755=DIRECTION('',(0.,0.,1.));
#7756=DIRECTION('center_axis',(-1.,0.,0.));
#7757=DIRECTION('ref_axis',(0.,-0.31521442879403,-0.949020476006737));
#7758=DIRECTION('center_axis',(-1.,0.,0.));
#7759=DIRECTION('ref_axis',(0.,-0.31521442879403,-0.949020476006737));
#7760=DIRECTION('',(-1.,0.,0.));
#7761=DIRECTION('center_axis',(-1.,0.,0.));
#7762=DIRECTION('ref_axis',(0.,-0.31521442879403,-0.949020476006737));
#7763=DIRECTION('center_axis',(0.,0.64278760968654,0.766044443118978));
#7764=DIRECTION('ref_axis',(0.,0.766044443118978,-0.64278760968654));
#7765=DIRECTION('',(0.,0.766044443118978,-0.64278760968654));
#7766=DIRECTION('',(0.,0.766044443118978,-0.642787609686539));
#7767=DIRECTION('center_axis',(1.,0.,0.));
#7768=DIRECTION('ref_axis',(0.,0.,-1.));
#7769=DIRECTION('center_axis',(1.,0.,0.));
#7770=DIRECTION('ref_axis',(0.,0.,-1.));
#7771=DIRECTION('',(0.,0.,-1.));
#7772=DIRECTION('',(0.,1.,0.));
#7773=DIRECTION('',(0.,0.,1.));
#7774=DIRECTION('',(0.,-1.,0.));
#7775=DIRECTION('center_axis',(0.,0.,-1.));
#7776=DIRECTION('ref_axis',(0.,-1.,0.));
#7777=DIRECTION('',(-1.,0.,0.));
#7778=DIRECTION('',(0.,-1.,0.));
#7779=DIRECTION('',(-1.,0.,0.));
#7780=DIRECTION('center_axis',(0.,1.,0.));
#7781=DIRECTION('ref_axis',(0.,0.,-1.));
#7782=DIRECTION('',(0.,0.,-1.));
#7783=DIRECTION('',(-1.,0.,0.));
#7784=DIRECTION('center_axis',(0.,0.,1.));
#7785=DIRECTION('ref_axis',(0.,1.,0.));
#7786=DIRECTION('',(0.,1.,0.));
#7787=DIRECTION('',(-1.,0.,0.));
#7788=DIRECTION('center_axis',(0.,-1.,0.));
#7789=DIRECTION('ref_axis',(0.,0.,1.));
#7790=DIRECTION('',(0.,0.,1.));
#7791=DIRECTION('center_axis',(1.,0.,0.));
#7792=DIRECTION('ref_axis',(0.,0.,-1.));
#7793=DIRECTION('center_axis',(-1.,0.,0.));
#7794=DIRECTION('ref_axis',(0.,0.,1.));
#7795=DIRECTION('axis',(0.,0.,1.));
#7796=DIRECTION('refdir',(1.,0.,0.));
#7797=DIRECTION('center_axis',(0.,-1.,0.));
#7798=DIRECTION('ref_axis',(0.,0.,-1.));
#7799=DIRECTION('',(0.,0.,1.));
#7800=DIRECTION('',(1.,0.,0.));
#7801=DIRECTION('',(0.,0.,-1.));
#7802=DIRECTION('',(1.,0.,0.));
#7803=DIRECTION('center_axis',(0.,0.,-1.));
#7804=DIRECTION('ref_axis',(0.,1.,0.));
#7805=DIRECTION('',(0.,-1.,0.));
#7806=DIRECTION('',(0.,1.,0.));
#7807=DIRECTION('',(1.,0.,0.));
#7808=DIRECTION('center_axis',(0.,1.,0.));
#7809=DIRECTION('ref_axis',(0.,0.,1.));
#7810=DIRECTION('',(0.,0.,-1.));
#7811=DIRECTION('',(0.,0.,1.));
#7812=DIRECTION('',(1.,0.,0.));
#7813=DIRECTION('center_axis',(0.,0.,1.));
#7814=DIRECTION('ref_axis',(0.,-1.,0.));
#7815=DIRECTION('',(0.,1.,0.));
#7816=DIRECTION('',(0.,-1.,0.));
#7817=DIRECTION('center_axis',(0.,-1.,-4.82070523850393E-15));
#7818=DIRECTION('ref_axis',(0.,4.82070523850393E-15,-1.));
#7819=DIRECTION('',(0.,-4.82070523850393E-15,1.));
#7820=DIRECTION('',(1.,0.,0.));
#7821=DIRECTION('',(0.,4.82070523850393E-15,-1.));
#7822=DIRECTION('',(1.,0.,0.));
#7823=DIRECTION('center_axis',(0.,0.,1.));
#7824=DIRECTION('ref_axis',(0.,-1.,0.));
#7825=DIRECTION('',(0.,1.,0.));
#7826=DIRECTION('',(0.,-1.,0.));
#7827=DIRECTION('',(1.,0.,0.));
#7828=DIRECTION('center_axis',(0.,1.,0.));
#7829=DIRECTION('ref_axis',(0.,0.,1.));
#7830=DIRECTION('',(0.,0.,-1.));
#7831=DIRECTION('',(0.,0.,1.));
#7832=DIRECTION('',(1.,0.,0.));
#7833=DIRECTION('center_axis',(0.,4.57711578250372E-15,-1.));
#7834=DIRECTION('ref_axis',(0.,1.,4.57711578250372E-15));
#7835=DIRECTION('',(0.,-1.,-4.57711578250372E-15));
#7836=DIRECTION('',(0.,1.,4.57711578250372E-15));
#7837=DIRECTION('center_axis',(1.,0.,0.));
#7838=DIRECTION('ref_axis',(0.,0.,-1.));
#7839=DIRECTION('center_axis',(1.,0.,0.));
#7840=DIRECTION('ref_axis',(0.,0.,-1.));
#7841=DIRECTION('',(0.,0.,-1.));
#7842=DIRECTION('',(0.,1.,0.));
#7843=DIRECTION('',(0.,0.,1.));
#7844=DIRECTION('',(0.,-1.,0.));
#7845=DIRECTION('center_axis',(0.,0.,1.));
#7846=DIRECTION('ref_axis',(0.,-1.,0.));
#7847=DIRECTION('',(0.,-1.,0.));
#7848=DIRECTION('',(1.,0.,0.));
#7849=DIRECTION('',(1.,0.,0.));
#7850=DIRECTION('center_axis',(0.,1.,0.));
#7851=DIRECTION('ref_axis',(0.,0.,1.));
#7852=DIRECTION('',(0.,0.,1.));
#7853=DIRECTION('',(1.,0.,0.));
#7854=DIRECTION('center_axis',(0.,0.,-1.));
#7855=DIRECTION('ref_axis',(0.,1.,0.));
#7856=DIRECTION('',(0.,1.,0.));
#7857=DIRECTION('',(1.,0.,0.));
#7858=DIRECTION('center_axis',(0.,-1.,0.));
#7859=DIRECTION('ref_axis',(0.,0.,-1.));
#7860=DIRECTION('',(0.,0.,-1.));
#7861=DIRECTION('center_axis',(1.,0.,0.));
#7862=DIRECTION('ref_axis',(0.,0.,-1.));
#7863=DIRECTION('center_axis',(1.,0.,0.));
#7864=DIRECTION('ref_axis',(0.,0.,-1.));
#7865=DIRECTION('axis',(0.,0.,1.));
#7866=DIRECTION('refdir',(1.,0.,0.));
#7867=DIRECTION('center_axis',(1.,4.9343245538896E-16,0.));
#7868=DIRECTION('ref_axis',(5.55111512312578E-16,-1.,0.));
#7869=DIRECTION('center_axis',(0.707106781186547,0.707106781186548,0.));
#7870=DIRECTION('ref_axis',(0.707106781186548,-0.707106781186547,0.));
#7871=DIRECTION('',(-1.,-4.9343245538896E-16,0.));
#7872=DIRECTION('center_axis',(0.707106781186548,-0.707106781186547,0.));
#7873=DIRECTION('ref_axis',(-0.707106781186547,-0.707106781186548,0.));
#7874=DIRECTION('center_axis',(3.37282944189922E-16,-1.,0.));
#7875=DIRECTION('ref_axis',(-1.,-2.77555756156289E-16,0.));
#7876=DIRECTION('',(-3.37282944189922E-16,1.,0.));
#7877=DIRECTION('center_axis',(-0.707106781186547,-0.707106781186548,0.));
#7878=DIRECTION('ref_axis',(-0.707106781186548,0.707106781186547,0.));
#7879=DIRECTION('center_axis',(-1.,-2.96059473233376E-16,0.));
#7880=DIRECTION('ref_axis',(-2.77555756156289E-16,1.,0.));
#7881=DIRECTION('',(1.,2.96059473233376E-16,0.));
#7882=DIRECTION('center_axis',(-0.707106781186548,0.707106781186547,0.));
#7883=DIRECTION('ref_axis',(0.707106781186547,0.707106781186548,0.));
#7884=DIRECTION('center_axis',(-1.12427648063307E-16,1.,0.));
#7885=DIRECTION('ref_axis',(1.,1.12427648063307E-16,0.));
#7886=DIRECTION('',(1.12427648063307E-16,-1.,0.));
#7887=DIRECTION('axis',(0.,0.,1.));
#7888=DIRECTION('refdir',(1.,0.,0.));
#7889=DIRECTION('center_axis',(0.,0.,1.));
#7890=DIRECTION('ref_axis',(-1.,0.,0.));
#7891=DIRECTION('center_axis',(-0.707106781186548,0.,0.707106781186548));
#7892=DIRECTION('ref_axis',(-0.707106781186547,0.,-0.707106781186547));
#7893=DIRECTION('center_axis',(-0.707106781186548,0.,0.707106781186548));
#7894=DIRECTION('ref_axis',(-0.707106781186547,0.,-0.707106781186547));
#7895=DIRECTION('',(0.,0.,-1.));
#7896=DIRECTION('center_axis',(0.707106781186548,0.,0.707106781186548));
#7897=DIRECTION('ref_axis',(-0.707106781186547,0.,0.707106781186547));
#7898=DIRECTION('center_axis',(0.707106781186548,0.,0.707106781186548));
#7899=DIRECTION('ref_axis',(-0.707106781186547,0.,0.707106781186547));
#7900=DIRECTION('center_axis',(0.707106781186548,0.,0.707106781186548));
#7901=DIRECTION('ref_axis',(-0.707106781186547,0.,0.707106781186547));
#7902=DIRECTION('center_axis',(-0.707106781186548,0.,0.707106781186548));
#7903=DIRECTION('ref_axis',(-0.707106781186547,0.,-0.707106781186547));
#7904=DIRECTION('center_axis',(1.,0.,0.));
#7905=DIRECTION('ref_axis',(0.,0.,1.));
#7906=DIRECTION('',(-1.,0.,0.));
#7907=DIRECTION('center_axis',(0.707106781186548,0.,-0.707106781186548));
#7908=DIRECTION('ref_axis',(0.707106781186547,0.,0.707106781186547));
#7909=DIRECTION('center_axis',(0.707106781186548,0.,-0.707106781186548));
#7910=DIRECTION('ref_axis',(0.707106781186547,0.,0.707106781186547));
#7911=DIRECTION('center_axis',(0.707106781186548,0.,-0.707106781186548));
#7912=DIRECTION('ref_axis',(0.707106781186547,0.,0.707106781186547));
#7913=DIRECTION('center_axis',(0.,0.,-1.));
#7914=DIRECTION('ref_axis',(1.,0.,0.));
#7915=DIRECTION('',(0.,0.,1.));
#7916=DIRECTION('center_axis',(-0.707106781186548,0.,-0.707106781186548));
#7917=DIRECTION('ref_axis',(0.707106781186547,0.,-0.707106781186547));
#7918=DIRECTION('center_axis',(-0.707106781186548,0.,-0.707106781186548));
#7919=DIRECTION('ref_axis',(0.707106781186547,0.,-0.707106781186547));
#7920=DIRECTION('center_axis',(-0.707106781186548,0.,-0.707106781186548));
#7921=DIRECTION('ref_axis',(0.707106781186547,0.,-0.707106781186547));
#7922=DIRECTION('center_axis',(-1.,0.,0.));
#7923=DIRECTION('ref_axis',(0.,1.,0.));
#7924=DIRECTION('',(1.,0.,0.));
#7925=DIRECTION('axis',(0.,0.,1.));
#7926=DIRECTION('refdir',(1.,0.,0.));
#7927=DIRECTION('center_axis',(0.,1.,0.));
#7928=DIRECTION('ref_axis',(0.,0.,1.));
#7929=DIRECTION('',(0.,0.,1.));
#7930=DIRECTION('',(-1.,0.,0.));
#7931=DIRECTION('',(0.,0.,-1.));
#7932=DIRECTION('',(1.,0.,0.));
#7933=DIRECTION('center_axis',(-0.999998476913288,-0.00174532836589812,
0.));
#7934=DIRECTION('ref_axis',(0.,0.,1.));
#7935=DIRECTION('',(0.,0.,-1.));
#7936=DIRECTION('',(-0.00174532570761978,0.999996953833535,-0.00174532570761978));
#7937=DIRECTION('',(0.,0.,1.));
#7938=DIRECTION('',(-0.00174532570761978,0.999996953833535,0.00174532570761996));
#7939=DIRECTION('center_axis',(0.,-0.00174532836589812,-0.999998476913288));
#7940=DIRECTION('ref_axis',(-1.,0.,0.));
#7941=DIRECTION('',(1.,0.,0.));
#7942=DIRECTION('',(0.00174532570761996,0.999996953833535,-0.00174532570761978));
#7943=DIRECTION('',(-1.,0.,0.));
#7944=DIRECTION('center_axis',(0.999998476913288,-0.00174532836589831,0.));
#7945=DIRECTION('ref_axis',(0.,0.,-1.));
#7946=DIRECTION('',(0.,0.,1.));
#7947=DIRECTION('',(0.00174532570761996,0.999996953833535,0.00174532570761996));
#7948=DIRECTION('',(0.,0.,-1.));
#7949=DIRECTION('center_axis',(0.,-0.00174532836589831,0.999998476913288));
#7950=DIRECTION('ref_axis',(1.,0.,0.));
#7951=DIRECTION('',(-1.,0.,0.));
#7952=DIRECTION('',(1.,0.,0.));
#7953=DIRECTION('center_axis',(0.,1.,0.));
#7954=DIRECTION('ref_axis',(0.,0.,1.));
#7955=DIRECTION('center_axis',(-1.,0.,0.));
#7956=DIRECTION('ref_axis',(0.,0.,1.));
#7957=DIRECTION('',(0.,0.,1.));
#7958=DIRECTION('',(0.,1.,0.));
#7959=DIRECTION('',(0.,1.,0.));
#7960=DIRECTION('center_axis',(0.,0.,1.));
#7961=DIRECTION('ref_axis',(1.,0.,0.));
#7962=DIRECTION('',(1.,0.,0.));
#7963=DIRECTION('',(0.,1.,0.));
#7964=DIRECTION('center_axis',(1.,0.,0.));
#7965=DIRECTION('ref_axis',(0.,0.,-1.));
#7966=DIRECTION('',(0.,0.,-1.));
#7967=DIRECTION('',(0.,1.,0.));
#7968=DIRECTION('center_axis',(0.,0.,-1.));
#7969=DIRECTION('ref_axis',(-1.,0.,0.));
#7970=DIRECTION('',(-1.,0.,0.));
#7971=DIRECTION('center_axis',(0.,0.,1.));
#7972=DIRECTION('ref_axis',(1.,0.,0.));
#7973=DIRECTION('',(1.,0.,0.));
#7974=DIRECTION('',(0.,1.,0.));
#7975=DIRECTION('',(0.,1.,0.));
#7976=DIRECTION('center_axis',(-1.,0.,0.));
#7977=DIRECTION('ref_axis',(0.,0.,1.));
#7978=DIRECTION('',(0.,0.,1.));
#7979=DIRECTION('',(0.,1.,0.));
#7980=DIRECTION('center_axis',(0.,0.,-1.));
#7981=DIRECTION('ref_axis',(-1.,0.,0.));
#7982=DIRECTION('',(-1.,0.,0.));
#7983=DIRECTION('',(0.,1.,0.));
#7984=DIRECTION('center_axis',(1.,0.,0.));
#7985=DIRECTION('ref_axis',(0.,0.,-1.));
#7986=DIRECTION('',(0.,0.,-1.));
#7987=DIRECTION('center_axis',(0.,1.,0.));
#7988=DIRECTION('ref_axis',(0.,0.,1.));
#7989=DIRECTION('axis',(0.,0.,1.));
#7990=DIRECTION('refdir',(1.,0.,0.));
#7991=DIRECTION('center_axis',(1.,0.,0.));
#7992=DIRECTION('ref_axis',(0.,0.,-1.));
#7993=DIRECTION('center_axis',(0.,-1.,-1.22464679914735E-16));
#7994=DIRECTION('ref_axis',(0.,-1.22464679914735E-16,1.));
#7995=DIRECTION('center_axis',(-1.,0.,0.));
#7996=DIRECTION('ref_axis',(0.,0.,-1.));
#7997=DIRECTION('axis',(0.,0.,1.));
#7998=DIRECTION('refdir',(1.,0.,0.));
#7999=DIRECTION('center_axis',(0.,1.,0.));
#8000=DIRECTION('ref_axis',(0.707106781186547,0.,-0.707106781186547));
#8001=DIRECTION('center_axis',(0.,-1.,0.));
#8002=DIRECTION('ref_axis',(0.707106781186547,0.,-0.707106781186547));
#8003=DIRECTION('',(0.,-1.,0.));
#8004=DIRECTION('center_axis',(0.,1.,0.));
#8005=DIRECTION('ref_axis',(0.707106781186547,0.,-0.707106781186547));
#8006=DIRECTION('',(0.,1.,0.));
#8007=DIRECTION('center_axis',(0.,-1.,0.));
#8008=DIRECTION('ref_axis',(0.,0.,-1.));
#8009=DIRECTION('',(0.,0.,-1.));
#8010=DIRECTION('center_axis',(0.,1.,0.));
#8011=DIRECTION('ref_axis',(0.707106781186547,0.,0.707106781186547));
#8012=DIRECTION('',(1.,0.,0.));
#8013=DIRECTION('',(0.,0.,1.));
#8014=DIRECTION('',(1.,0.,0.));
#8015=DIRECTION('center_axis',(1.,0.,0.));
#8016=DIRECTION('ref_axis',(0.,0.,-1.));
#8017=DIRECTION('',(0.,0.,1.));
#8018=DIRECTION('',(0.,1.,0.));
#8019=DIRECTION('center_axis',(0.,-1.,0.));
#8020=DIRECTION('ref_axis',(0.707106781186547,0.,0.707106781186547));
#8021=DIRECTION('center_axis',(0.,-1.,0.));
#8022=DIRECTION('ref_axis',(0.707106781186547,0.,0.707106781186547));
#8023=DIRECTION('',(0.,-1.,0.));
#8024=DIRECTION('center_axis',(0.,1.,0.));
#8025=DIRECTION('ref_axis',(0.,0.,1.));
#8026=DIRECTION('',(1.,0.,0.));
#8027=DIRECTION('',(0.,0.,-1.));
#8028=DIRECTION('',(1.,0.,0.));
#8029=DIRECTION('center_axis',(0.,0.,-1.));
#8030=DIRECTION('ref_axis',(0.,1.,0.));
#8031=DIRECTION('',(0.,-1.,0.));
#8032=DIRECTION('center_axis',(0.,0.,1.));
#8033=DIRECTION('ref_axis',(0.,-1.,0.));
#8034=DIRECTION('',(0.,1.,0.));
#8035=DIRECTION('center_axis',(-1.,0.,0.));
#8036=DIRECTION('ref_axis',(0.,0.,-1.));
#8037=DIRECTION('center_axis',(1.,0.,0.));
#8038=DIRECTION('ref_axis',(0.,0.,-1.));
#8039=DIRECTION('',(1.,0.,0.));
#8040=DIRECTION('center_axis',(-1.,0.,0.));
#8041=DIRECTION('ref_axis',(0.,0.,-1.));
#8042=DIRECTION('center_axis',(-1.,0.,0.));
#8043=DIRECTION('ref_axis',(0.,0.,1.));
#8044=DIRECTION('center_axis',(-1.,0.,0.));
#8045=DIRECTION('ref_axis',(0.,0.,1.));
#8046=DIRECTION('',(1.,0.,0.));
#8047=DIRECTION('center_axis',(1.,0.,0.));
#8048=DIRECTION('ref_axis',(0.,0.,1.));
#8049=DIRECTION('center_axis',(-1.,0.,0.));
#8050=DIRECTION('ref_axis',(0.,0.,1.));
#8051=DIRECTION('center_axis',(1.,0.,0.));
#8052=DIRECTION('ref_axis',(0.,0.,-1.));
#8053=DIRECTION('center_axis',(1.,0.,0.));
#8054=DIRECTION('ref_axis',(0.,0.,-1.));
#8055=DIRECTION('center_axis',(1.,0.,0.));
#8056=DIRECTION('ref_axis',(0.,0.,-1.));
#8057=DIRECTION('center_axis',(1.,0.,0.));
#8058=DIRECTION('ref_axis',(0.,1.,0.));
#8059=DIRECTION('center_axis',(1.,0.,0.));
#8060=DIRECTION('ref_axis',(0.,0.,-1.));
#8061=DIRECTION('center_axis',(1.,0.,0.));
#8062=DIRECTION('ref_axis',(0.,0.,-1.));
#8063=DIRECTION('',(-1.,0.,0.));
#8064=DIRECTION('center_axis',(1.,0.,0.));
#8065=DIRECTION('ref_axis',(0.,0.,-1.));
#8066=DIRECTION('center_axis',(1.,0.,0.));
#8067=DIRECTION('ref_axis',(0.,1.,0.));
#8068=DIRECTION('',(-1.,0.,0.));
#8069=DIRECTION('center_axis',(1.,0.,0.));
#8070=DIRECTION('ref_axis',(0.,1.,0.));
#8071=DIRECTION('center_axis',(1.,0.,0.));
#8072=DIRECTION('ref_axis',(0.,0.,-1.));
#8073=DIRECTION('',(6.78335093578819E-16,-2.76588790437498E-15,1.));
#8074=DIRECTION('',(1.,5.97748611767422E-18,-6.78335093578819E-16));
#8075=DIRECTION('',(-4.77677793153676E-15,-1.,6.27379725964669E-15));
#8076=DIRECTION('',(1.,-4.77677793153677E-15,-1.64112972343701E-15));
#8077=DIRECTION('',(1.,-4.54136968580628E-17,-6.78335093578742E-16));
#8078=DIRECTION('',(-6.78335093578742E-16,-1.06438153058192E-15,-1.));
#8079=DIRECTION('',(-1.,5.69300186603051E-16,1.22292952291495E-16));
#8080=DIRECTION('',(1.22292952291496E-16,1.75235650469735E-15,1.));
#8081=DIRECTION('',(-6.78335093578819E-16,2.76588790437498E-15,-1.));
#8082=DIRECTION('',(-1.,-5.97748611767342E-18,6.78335093578819E-16));
#8083=DIRECTION('',(7.12935565167041E-16,0.539334425097678,0.842091668350042));
#8084=DIRECTION('',(1.,-2.62759482651614E-16,-6.78335093578819E-16));
#8085=DIRECTION('',(-3.13529685883306E-15,0.599999999999994,0.800000000000005));
#8086=DIRECTION('',(1.,1.88655548702482E-15,2.50420445827271E-15));
#8087=DIRECTION('',(-4.16333634234422E-17,5.13404556229519E-16,1.));
#8088=DIRECTION('',(1.,-6.93889390390731E-17,4.16333634234422E-17));
#8089=DIRECTION('',(-5.85110604230154E-32,5.25547620561357E-16,1.));
#8090=DIRECTION('',(1.,-1.66400347195058E-31,5.85110604230155E-32));
#8091=DIRECTION('',(6.78234671590711E-16,0.0171214384093904,0.999853417430172));
#8092=DIRECTION('',(1.,5.7815638074516E-20,-6.78335093578819E-16));
#8093=DIRECTION('',(6.75740314037585E-16,-0.0875138839915174,0.99616329992061));
#8094=DIRECTION('',(1.,8.90003482611187E-20,-6.78335093578819E-16));
#8095=DIRECTION('',(0.706059421376646,0.0180901861697011,0.707921491868711));
#8096=DIRECTION('',(0.0320615825693905,0.997831943923397,-0.0574757915056468));
#8097=DIRECTION('',(-0.581155278799034,-2.16494476608668E-15,0.813792689770569));
#8098=DIRECTION('',(-1.47834140638041E-16,-1.,-2.76588790437498E-15));
#8099=DIRECTION('center_axis',(0.,0.,1.));
#8100=DIRECTION('ref_axis',(1.,0.,0.));
#8101=CARTESIAN_POINT('',(0.,0.,0.));
#8102=CARTESIAN_POINT('',(0.,0.,0.));
#8103=CARTESIAN_POINT('Origin',(-25.399322901511,1.,-19.1279817597576));
#8104=CARTESIAN_POINT('',(-12.399322901511,1.,-19.1279817597576));
#8105=CARTESIAN_POINT('Origin',(-25.399322901511,1.,-19.1279817597576));
#8106=CARTESIAN_POINT('',(-37.899322901511,1.,-19.1279817597576));
#8107=CARTESIAN_POINT('Origin',(-25.399322901511,1.,-19.1279817597576));
#8108=CARTESIAN_POINT('Origin',(-25.399322901511,0.,-19.1279817597576));
#8109=CARTESIAN_POINT('',(-12.399322901511,2.,-19.1279817597576));
#8110=CARTESIAN_POINT('',(-12.399322901511,0.,-19.1279817597576));
#8111=CARTESIAN_POINT('Origin',(-25.399322901511,2.,-19.1279817597576));
#8112=CARTESIAN_POINT('Origin',(-25.399322901511,0.,-19.1279817597576));
#8113=CARTESIAN_POINT('',(-40.399322901511,0.,-19.1279817597576));
#8114=CARTESIAN_POINT('Origin',(-25.399322901511,0.,-19.1279817597576));
#8115=CARTESIAN_POINT('',(-40.399322901511,2.,-19.1279817597576));
#8116=CARTESIAN_POINT('',(-40.399322901511,0.,-19.1279817597576));
#8117=CARTESIAN_POINT('Origin',(-25.399322901511,2.,-19.1279817597576));
#8118=CARTESIAN_POINT('Origin',(-25.399322901511,2.,-19.1279817597576));
#8119=CARTESIAN_POINT('Origin',(0.,0.,-100.));
#8120=CARTESIAN_POINT('',(-120.,0.,-100.));
#8121=CARTESIAN_POINT('',(-120.,0.,105.));
#8122=CARTESIAN_POINT('',(-120.,0.,100.));
#8123=CARTESIAN_POINT('',(0.,0.,-100.));
#8124=CARTESIAN_POINT('',(0.,0.,-100.));
#8125=CARTESIAN_POINT('',(0.,0.,105.));
#8126=CARTESIAN_POINT('',(0.,0.,100.));
#8127=CARTESIAN_POINT('',(-120.,0.,105.));
#8128=CARTESIAN_POINT('Origin',(-25.399322901511,4.,-19.1279817597576));
#8129=CARTESIAN_POINT('',(-37.899322901511,4.,-19.1279817597576));
#8130=CARTESIAN_POINT('Origin',(-25.399322901511,4.,-19.1279817597576));
#8131=CARTESIAN_POINT('',(-37.899322901511,4.,-19.1279817597576));
#8132=CARTESIAN_POINT('Origin',(-44.399322901511,6.83,-17.0920506696843));
#8133=CARTESIAN_POINT('',(-44.399322901511,6.16,-15.75));
#8134=CARTESIAN_POINT('',(-44.399322901511,7.5,-15.75));
#8135=CARTESIAN_POINT('Origin',(-44.399322901511,6.83,-17.0920506696843));
#8136=CARTESIAN_POINT('',(-41.399322901511,6.16,-15.75));
#8137=CARTESIAN_POINT('',(-44.399322901511,6.16,-15.75));
#8138=CARTESIAN_POINT('',(-41.399322901511,7.5,-15.75));
#8139=CARTESIAN_POINT('Origin',(-41.399322901511,6.83,-17.0920506696843));
#8140=CARTESIAN_POINT('',(-44.399322901511,7.5,-15.75));
#8141=CARTESIAN_POINT('Origin',(-44.399322901511,7.5,-22.59));
#8142=CARTESIAN_POINT('',(-44.399322901511,7.5,-22.59));
#8143=CARTESIAN_POINT('',(-44.399322901511,7.5,-20.88));
#8144=CARTESIAN_POINT('',(-41.399322901511,7.5,-22.59));
#8145=CARTESIAN_POINT('',(-41.399322901511,7.5,-22.59));
#8146=CARTESIAN_POINT('',(-44.399322901511,7.5,-22.59));
#8147=CARTESIAN_POINT('Origin',(-44.399322901511,6.83,-21.2479493303157));
#8148=CARTESIAN_POINT('',(-44.399322901511,6.16,-22.59));
#8149=CARTESIAN_POINT('Origin',(-44.399322901511,6.83,-21.2479493303157));
#8150=CARTESIAN_POINT('',(-41.399322901511,6.16,-22.59));
#8151=CARTESIAN_POINT('Origin',(-41.399322901511,6.83,-21.2479493303157));
#8152=CARTESIAN_POINT('',(-44.399322901511,6.16,-22.59));
#8153=CARTESIAN_POINT('Origin',(-44.399322901511,6.16,-15.75));
#8154=CARTESIAN_POINT('',(-44.399322901511,6.16,-17.46));
#8155=CARTESIAN_POINT('',(-41.399322901511,6.16,-15.75));
#8156=CARTESIAN_POINT('Origin',(-41.399322901511,6.83,-19.17));
#8157=CARTESIAN_POINT('Origin',(-40.399322901511,6.83,-16.0618380290798));
#8158=CARTESIAN_POINT('',(-40.399322901511,5.66,-15.));
#8159=CARTESIAN_POINT('',(-40.399322901511,8.,-15.));
#8160=CARTESIAN_POINT('Origin',(-40.399322901511,6.83,-16.0618380290798));
#8161=CARTESIAN_POINT('',(-44.399322901511,5.66,-15.));
#8162=CARTESIAN_POINT('',(-40.399322901511,5.66,-15.));
#8163=CARTESIAN_POINT('',(-44.399322901511,8.,-15.));
#8164=CARTESIAN_POINT('Origin',(-44.399322901511,6.83,-16.0618380290798));
#8165=CARTESIAN_POINT('',(-40.399322901511,8.,-15.));
#8166=CARTESIAN_POINT('Origin',(-40.399322901511,5.66,-23.34));
#8167=CARTESIAN_POINT('',(-40.399322901511,5.66,-23.34));
#8168=CARTESIAN_POINT('',(-40.399322901511,5.66,-17.17));
#8169=CARTESIAN_POINT('',(-44.399322901511,5.66,-23.34));
#8170=CARTESIAN_POINT('',(-40.399322901511,5.66,-23.34));
#8171=CARTESIAN_POINT('',(-44.399322901511,5.66,-15.));
#8172=CARTESIAN_POINT('Origin',(-40.399322901511,6.83,-22.2781619709203));
#8173=CARTESIAN_POINT('',(-40.399322901511,8.,-23.34));
#8174=CARTESIAN_POINT('Origin',(-40.399322901511,6.83,-22.2781619709203));
#8175=CARTESIAN_POINT('',(-44.399322901511,8.,-23.34));
#8176=CARTESIAN_POINT('',(-40.399322901511,8.,-23.34));
#8177=CARTESIAN_POINT('Origin',(-44.399322901511,6.83,-22.2781619709203));
#8178=CARTESIAN_POINT('Origin',(-40.399322901511,8.,-15.));
#8179=CARTESIAN_POINT('',(-40.399322901511,8.,-13.));
#8180=CARTESIAN_POINT('',(-44.399322901511,8.,-23.34));
#8181=CARTESIAN_POINT('Origin',(-44.399322901511,6.83,-19.17));
#8182=CARTESIAN_POINT('Origin',(-40.399322901511,4.,-11.));
#8183=CARTESIAN_POINT('',(-40.399322901511,4.,-41.));
#8184=CARTESIAN_POINT('',(-40.399322901511,4.,-11.));
#8185=CARTESIAN_POINT('',(-40.399322901511,4.,44.5));
#8186=CARTESIAN_POINT('',(-40.399322901511,9.,-41.));
#8187=CARTESIAN_POINT('',(-40.399322901511,4.,-41.));
#8188=CARTESIAN_POINT('',(-40.399322901511,9.,-11.));
#8189=CARTESIAN_POINT('',(-40.399322901511,9.,-11.));
#8190=CARTESIAN_POINT('',(-40.399322901511,4.,-11.));
#8191=CARTESIAN_POINT('Origin',(-80.399322901511,4.,-11.));
#8192=CARTESIAN_POINT('',(-80.399322901511,4.,-11.));
#8193=CARTESIAN_POINT('',(-42.1996614507555,4.,-11.));
#8194=CARTESIAN_POINT('',(-80.399322901511,9.,-11.));
#8195=CARTESIAN_POINT('',(-80.399322901511,9.,-11.));
#8196=CARTESIAN_POINT('',(-80.399322901511,4.,-11.));
#8197=CARTESIAN_POINT('Origin',(-80.399322901511,4.,-41.));
#8198=CARTESIAN_POINT('',(-80.399322901511,4.,-41.));
#8199=CARTESIAN_POINT('',(-80.399322901511,4.,29.5));
#8200=CARTESIAN_POINT('',(-80.399322901511,9.,-41.));
#8201=CARTESIAN_POINT('',(-80.399322901511,9.,-41.));
#8202=CARTESIAN_POINT('',(-80.399322901511,4.,-41.));
#8203=CARTESIAN_POINT('Origin',(-40.399322901511,4.,-41.));
#8204=CARTESIAN_POINT('',(-22.1996614507555,4.,-41.));
#8205=CARTESIAN_POINT('',(-40.399322901511,9.,-41.));
#8206=CARTESIAN_POINT('Origin',(-60.399322901511,9.,-26.));
#8207=CARTESIAN_POINT('Origin',(-35.399322901511,4.,-86.));
#8208=CARTESIAN_POINT('',(-85.399322901511,4.,-86.));
#8209=CARTESIAN_POINT('',(-35.399322901511,4.,-86.));
#8210=CARTESIAN_POINT('',(-19.6996614507555,4.,-86.));
#8211=CARTESIAN_POINT('',(-85.399322901511,5.6,-86.));
#8212=CARTESIAN_POINT('',(-85.399322901511,4.,-86.));
#8213=CARTESIAN_POINT('',(-35.399322901511,5.6,-86.));
#8214=CARTESIAN_POINT('',(-35.399322901511,5.6,-86.));
#8215=CARTESIAN_POINT('',(-35.399322901511,4.,-86.));
#8216=CARTESIAN_POINT('Origin',(-35.399322901511,4.,-56.));
#8217=CARTESIAN_POINT('',(-35.399322901511,4.,-56.));
#8218=CARTESIAN_POINT('',(-35.399322901511,4.,22.));
#8219=CARTESIAN_POINT('',(-35.399322901511,5.6,-56.));
#8220=CARTESIAN_POINT('',(-35.399322901511,5.6,-56.));
#8221=CARTESIAN_POINT('',(-35.399322901511,4.,-56.));
#8222=CARTESIAN_POINT('Origin',(-85.399322901511,4.,-56.));
#8223=CARTESIAN_POINT('',(-85.399322901511,4.,-56.));
#8224=CARTESIAN_POINT('',(-44.6996614507555,4.,-56.));
#8225=CARTESIAN_POINT('',(-85.399322901511,5.6,-56.));
#8226=CARTESIAN_POINT('',(-85.399322901511,5.6,-56.));
#8227=CARTESIAN_POINT('',(-85.399322901511,4.,-56.));
#8228=CARTESIAN_POINT('Origin',(-85.399322901511,4.,-86.));
#8229=CARTESIAN_POINT('',(-85.399322901511,4.,6.99999999999998));
#8230=CARTESIAN_POINT('',(-85.399322901511,5.6,-86.));
#8231=CARTESIAN_POINT('Origin',(-60.399322901511,5.6,-71.));
#8232=CARTESIAN_POINT('Origin',(-60.,50.,102.5));
#8233=CARTESIAN_POINT('',(-25.,50.,102.5));
#8234=CARTESIAN_POINT('Origin',(-60.,50.,102.5));
#8235=CARTESIAN_POINT('Origin',(-60.,50.,100.));
#8236=CARTESIAN_POINT('',(-87.0606838564772,72.197283374769,101.));
#8237=CARTESIAN_POINT('',(-92.3958813381861,63.2479006760378,101.));
#8238=CARTESIAN_POINT('Origin',(-60.,50.,101.));
#8239=CARTESIAN_POINT('',(-92.3958813381861,63.2479006760378,100.));
#8240=CARTESIAN_POINT('',(-92.3958813381861,63.2479006760378,100.));
#8241=CARTESIAN_POINT('',(-87.0606838564772,72.197283374769,100.));
#8242=CARTESIAN_POINT('Origin',(-60.,50.,100.));
#8243=CARTESIAN_POINT('',(-87.0606838564772,72.197283374769,100.));
#8244=CARTESIAN_POINT('Origin',(-60.,50.,100.));
#8245=CARTESIAN_POINT('',(-94.6410161513775,55.,101.));
#8246=CARTESIAN_POINT('',(-94.6410161513775,45.,101.));
#8247=CARTESIAN_POINT('Origin',(-60.,50.,101.));
#8248=CARTESIAN_POINT('',(-94.6410161513775,45.,100.));
#8249=CARTESIAN_POINT('',(-94.6410161513775,45.,100.));
#8250=CARTESIAN_POINT('',(-94.6410161513776,55.,100.));
#8251=CARTESIAN_POINT('Origin',(-60.,50.,100.));
#8252=CARTESIAN_POINT('',(-94.6410161513775,55.,100.));
#8253=CARTESIAN_POINT('Origin',(-60.,50.,100.));
#8254=CARTESIAN_POINT('',(-25.3589838486225,44.9999999999999,101.));
#8255=CARTESIAN_POINT('',(-25.3589838486224,55.,101.));
#8256=CARTESIAN_POINT('Origin',(-60.,50.,101.));
#8257=CARTESIAN_POINT('',(-25.3589838486225,55.,100.));
#8258=CARTESIAN_POINT('',(-25.3589838486225,55.,100.));
#8259=CARTESIAN_POINT('',(-25.3589838486225,45.,100.));
#8260=CARTESIAN_POINT('Origin',(-60.,50.,100.));
#8261=CARTESIAN_POINT('',(-25.3589838486225,44.9999999999999,100.));
#8262=CARTESIAN_POINT('Origin',(-60.,50.,100.));
#8263=CARTESIAN_POINT('',(-27.6041186618139,63.2479006760378,101.));
#8264=CARTESIAN_POINT('',(-32.9393161435228,72.197283374769,101.));
#8265=CARTESIAN_POINT('Origin',(-60.,50.,101.));
#8266=CARTESIAN_POINT('',(-32.9393161435228,72.197283374769,100.));
#8267=CARTESIAN_POINT('',(-32.9393161435228,72.197283374769,100.));
#8268=CARTESIAN_POINT('',(-27.6041186618139,63.2479006760378,100.));
#8269=CARTESIAN_POINT('Origin',(-60.,50.,100.));
#8270=CARTESIAN_POINT('',(-27.6041186618139,63.2479006760378,100.));
#8271=CARTESIAN_POINT('Origin',(-60.,50.,101.));
#8272=CARTESIAN_POINT('',(-3.99999999999999,88.6540544896864,101.));
#8273=CARTESIAN_POINT('',(-27.6041186618139,63.2479006760378,101.));
#8274=CARTESIAN_POINT('',(-3.99999999999999,55.,101.));
#8275=CARTESIAN_POINT('',(-3.99999999999999,88.6540544896864,101.));
#8276=CARTESIAN_POINT('',(-3.99999999999999,55.,101.));
#8277=CARTESIAN_POINT('',(-3.99999999999999,45.,101.));
#8278=CARTESIAN_POINT('',(-25.3589838486225,45.,101.));
#8279=CARTESIAN_POINT('',(-3.99999999999999,4.,101.));
#8280=CARTESIAN_POINT('',(-3.99999999999999,45.,101.));
#8281=CARTESIAN_POINT('',(-116.,4.,101.));
#8282=CARTESIAN_POINT('',(-3.99999999999999,4.,101.));
#8283=CARTESIAN_POINT('',(-116.,45.,101.));
#8284=CARTESIAN_POINT('',(-116.,4.,101.));
#8285=CARTESIAN_POINT('',(-116.,45.,101.));
#8286=CARTESIAN_POINT('',(-116.,55.,101.));
#8287=CARTESIAN_POINT('',(-94.6410161513776,55.,101.));
#8288=CARTESIAN_POINT('',(-116.,88.6540544896864,101.));
#8289=CARTESIAN_POINT('',(-116.,55.,101.));
#8290=CARTESIAN_POINT('',(-116.,88.6540544896864,101.));
#8291=CARTESIAN_POINT('',(-109.175095656726,96.,101.));
#8292=CARTESIAN_POINT('',(-87.0606838564772,72.197283374769,101.));
#8293=CARTESIAN_POINT('',(-10.8249043432741,96.,101.));
#8294=CARTESIAN_POINT('',(-109.175095656726,96.,101.));
#8295=CARTESIAN_POINT('',(-10.8249043432741,96.,101.));
#8296=CARTESIAN_POINT('Origin',(-60.,50.,105.));
#8297=CARTESIAN_POINT('',(-120.,100.,105.));
#8298=CARTESIAN_POINT('',(-120.,100.,105.));
#8299=CARTESIAN_POINT('',(0.,100.,105.));
#8300=CARTESIAN_POINT('',(0.,0.,105.));
#8301=CARTESIAN_POINT('',(0.,100.,105.));
#8302=CARTESIAN_POINT('',(-25.,50.,105.));
#8303=CARTESIAN_POINT('Origin',(-60.,50.,105.));
#8304=CARTESIAN_POINT('Origin',(-56.4743658405204,144.441910850017,-43.2441188666441));
#8305=CARTESIAN_POINT('',(-56.4743658405204,148.641910850017,-37.6441188666441));
#8306=CARTESIAN_POINT('',(-56.4743658405204,144.441910850017,-43.2441188666441));
#8307=CARTESIAN_POINT('',(-56.4743658405204,145.491910850017,-41.8441188666441));
#8308=CARTESIAN_POINT('',(-56.4743658405204,150.241910850017,-38.8441188666441));
#8309=CARTESIAN_POINT('',(-56.4743658405204,148.641910850017,-37.6441188666441));
#8310=CARTESIAN_POINT('',(-56.4743658405204,146.041910850017,-44.4441188666441));
#8311=CARTESIAN_POINT('',(-56.4743658405204,146.041910850017,-44.4441188666441));
#8312=CARTESIAN_POINT('',(-56.4743658405204,144.441910850017,-43.2441188666441));
#8313=CARTESIAN_POINT('Origin',(-63.4743658405204,144.441910850017,-43.2441188666441));
#8314=CARTESIAN_POINT('',(-63.4743658405204,144.441910850017,-43.2441188666441));
#8315=CARTESIAN_POINT('',(-61.7243658405204,144.441910850017,-43.2441188666441));
#8316=CARTESIAN_POINT('',(-63.4743658405204,146.041910850017,-44.4441188666441));
#8317=CARTESIAN_POINT('',(-63.4743658405204,146.041910850017,-44.4441188666441));
#8318=CARTESIAN_POINT('',(-63.4743658405204,144.441910850017,-43.2441188666441));
#8319=CARTESIAN_POINT('Origin',(-63.4743658405204,148.641910850017,-37.6441188666441));
#8320=CARTESIAN_POINT('',(-63.4743658405204,148.641910850017,-37.6441188666441));
#8321=CARTESIAN_POINT('',(-63.4743658405204,147.591910850017,-39.0441188666441));
#8322=CARTESIAN_POINT('',(-63.4743658405204,150.241910850017,-38.8441188666441));
#8323=CARTESIAN_POINT('',(-63.4743658405204,150.241910850017,-38.8441188666441));
#8324=CARTESIAN_POINT('',(-63.4743658405204,148.641910850017,-37.6441188666441));
#8325=CARTESIAN_POINT('Origin',(-56.4743658405204,148.641910850017,-37.6441188666441));
#8326=CARTESIAN_POINT('',(-58.2243658405204,148.641910850017,-37.6441188666441));
#8327=CARTESIAN_POINT('',(-56.4743658405204,150.241910850017,-38.8441188666441));
#8328=CARTESIAN_POINT('Origin',(-55.4743658405204,149.241910850017,-36.8441188666441));
#8329=CARTESIAN_POINT('',(-55.4743658405204,143.841910850017,-44.0441188666441));
#8330=CARTESIAN_POINT('',(-55.4743658405204,149.241910850017,-36.8441188666441));
#8331=CARTESIAN_POINT('',(-55.4743658405204,147.891910850017,-38.6441188666441));
#8332=CARTESIAN_POINT('',(-55.4743658405204,145.441910850017,-45.2441188666441));
#8333=CARTESIAN_POINT('',(-55.4743658405204,143.841910850017,-44.0441188666441));
#8334=CARTESIAN_POINT('',(-55.4743658405204,150.841910850017,-38.0441188666441));
#8335=CARTESIAN_POINT('',(-55.4743658405204,150.841910850017,-38.0441188666441));
#8336=CARTESIAN_POINT('',(-55.4743658405204,149.241910850017,-36.8441188666441));
#8337=CARTESIAN_POINT('Origin',(-64.4743658405204,149.241910850017,-36.8441188666441));
#8338=CARTESIAN_POINT('',(-64.4743658405204,149.241910850017,-36.8441188666441));
#8339=CARTESIAN_POINT('',(-62.2243658405204,149.241910850017,-36.8441188666441));
#8340=CARTESIAN_POINT('',(-64.4743658405204,150.841910850017,-38.0441188666441));
#8341=CARTESIAN_POINT('',(-64.4743658405204,150.841910850017,-38.0441188666441));
#8342=CARTESIAN_POINT('',(-64.4743658405204,149.241910850017,-36.8441188666441));
#8343=CARTESIAN_POINT('Origin',(-64.4743658405204,143.841910850017,-44.0441188666441));
#8344=CARTESIAN_POINT('',(-64.4743658405204,143.841910850017,-44.0441188666441));
#8345=CARTESIAN_POINT('',(-64.4743658405204,145.191910850017,-42.2441188666441));
#8346=CARTESIAN_POINT('',(-64.4743658405204,145.441910850017,-45.2441188666441));
#8347=CARTESIAN_POINT('',(-64.4743658405204,145.441910850017,-45.2441188666441));
#8348=CARTESIAN_POINT('',(-64.4743658405204,143.841910850017,-44.0441188666441));
#8349=CARTESIAN_POINT('Origin',(-55.4743658405204,143.841910850017,-44.0441188666441));
#8350=CARTESIAN_POINT('',(-57.7243658405204,143.841910850017,-44.0441188666441));
#8351=CARTESIAN_POINT('',(-55.4743658405204,145.441910850017,-45.2441188666441));
#8352=CARTESIAN_POINT('Origin',(-59.9743658405204,148.141910850017,-41.6441188666441));
#8353=CARTESIAN_POINT('Origin',(-59.9743658405204,146.541910850017,-40.4441188666441));
#8354=CARTESIAN_POINT('',(-67.4743658405204,142.230244970172,-46.1930067064379));
#8355=CARTESIAN_POINT('',(-52.4743658405204,142.230244970172,-46.193006706438));
#8356=CARTESIAN_POINT('',(-45.,142.230244970172,-46.193006706438));
#8357=CARTESIAN_POINT('',(-67.4743658405204,151.041910850017,-34.4441188666441));
#8358=CARTESIAN_POINT('',(-67.4743658405204,151.041910850017,-34.4441188666441));
#8359=CARTESIAN_POINT('',(-52.4743658405204,151.041910850017,-34.4441188666441));
#8360=CARTESIAN_POINT('',(-52.4743658405204,151.041910850017,-34.4441188666441));
#8361=CARTESIAN_POINT('',(-52.4743658405204,142.041910850017,-46.4441188666441));
#8362=CARTESIAN_POINT('Origin',(-60.,150.4,-0.741422204808186));
#8363=CARTESIAN_POINT('',(-61.5,150.4,-0.741422204808186));
#8364=CARTESIAN_POINT('Origin',(-60.,150.4,-0.741422204808186));
#8365=CARTESIAN_POINT('Origin',(-63.5,151.5,2.68096242016986));
#8366=CARTESIAN_POINT('',(-63.5,152.,-4.31903757983014));
#8367=CARTESIAN_POINT('',(-63.5,152.,2.68096242016986));
#8368=CARTESIAN_POINT('',(-63.5,152.,0.930962420169862));
#8369=CARTESIAN_POINT('',(-63.5,153.5,-4.31903757983014));
#8370=CARTESIAN_POINT('',(-63.5,151.5,-4.31903757983014));
#8371=CARTESIAN_POINT('',(-63.5,153.5,2.68096242016986));
#8372=CARTESIAN_POINT('',(-63.5,153.5,-4.31903757983014));
#8373=CARTESIAN_POINT('',(-63.5,151.5,2.68096242016986));
#8374=CARTESIAN_POINT('Origin',(-63.5,151.5,-4.31903757983014));
#8375=CARTESIAN_POINT('',(-56.5,152.,-4.31903757983014));
#8376=CARTESIAN_POINT('',(-61.75,152.,-4.31903757983014));
#8377=CARTESIAN_POINT('',(-56.5,153.5,-4.31903757983014));
#8378=CARTESIAN_POINT('',(-56.5,151.5,-4.31903757983014));
#8379=CARTESIAN_POINT('',(-56.5,153.5,-4.31903757983014));
#8380=CARTESIAN_POINT('Origin',(-55.5,151.5,-5.31903757983014));
#8381=CARTESIAN_POINT('',(-64.5,152.,-5.31903757983013));
#8382=CARTESIAN_POINT('',(-55.5,152.,-5.31903757983014));
#8383=CARTESIAN_POINT('',(-57.75,152.,-5.31903757983014));
#8384=CARTESIAN_POINT('',(-64.5,153.5,-5.31903757983013));
#8385=CARTESIAN_POINT('',(-64.5,151.5,-5.31903757983013));
#8386=CARTESIAN_POINT('',(-55.5,153.5,-5.31903757983014));
#8387=CARTESIAN_POINT('',(-64.5,153.5,-5.31903757983013));
#8388=CARTESIAN_POINT('',(-55.5,151.5,-5.31903757983014));
#8389=CARTESIAN_POINT('Origin',(-64.5,151.5,-5.31903757983013));
#8390=CARTESIAN_POINT('',(-64.5,152.,3.68096242016986));
#8391=CARTESIAN_POINT('',(-64.5,152.,-3.06903757983013));
#8392=CARTESIAN_POINT('',(-64.5,153.5,3.68096242016986));
#8393=CARTESIAN_POINT('',(-64.5,151.5,3.68096242016986));
#8394=CARTESIAN_POINT('',(-64.5,153.5,3.68096242016986));
#8395=CARTESIAN_POINT('Origin',(-56.5,151.5,2.68096242016985));
#8396=CARTESIAN_POINT('',(-56.5,152.,2.68096242016986));
#8397=CARTESIAN_POINT('',(-58.25,152.,2.68096242016986));
#8398=CARTESIAN_POINT('',(-56.5,153.5,2.68096242016986));
#8399=CARTESIAN_POINT('',(-63.5,153.5,2.68096242016986));
#8400=CARTESIAN_POINT('',(-56.5,151.5,2.68096242016986));
#8401=CARTESIAN_POINT('Origin',(-56.5,151.5,-4.31903757983014));
#8402=CARTESIAN_POINT('',(-56.5,152.,-2.56903757983014));
#8403=CARTESIAN_POINT('',(-56.5,153.5,2.68096242016986));
#8404=CARTESIAN_POINT('Origin',(-55.5,151.5,3.68096242016986));
#8405=CARTESIAN_POINT('',(-55.5,152.,3.68096242016986));
#8406=CARTESIAN_POINT('',(-55.5,152.,1.43096242016986));
#8407=CARTESIAN_POINT('',(-55.5,153.5,3.68096242016986));
#8408=CARTESIAN_POINT('',(-55.5,153.5,-5.31903757983014));
#8409=CARTESIAN_POINT('',(-55.5,151.5,3.68096242016986));
#8410=CARTESIAN_POINT('Origin',(-64.5,151.5,3.68096242016986));
#8411=CARTESIAN_POINT('',(-62.25,152.,3.68096242016986));
#8412=CARTESIAN_POINT('',(-55.5,153.5,3.68096242016986));
#8413=CARTESIAN_POINT('Origin',(-60.,153.5,-0.81903757983014));
#8414=CARTESIAN_POINT('Origin',(-63.6004056219462,151.5,21.1316122305141));
#8415=CARTESIAN_POINT('',(-56.6004056219462,152.,21.1316122305141));
#8416=CARTESIAN_POINT('',(-63.6004056219462,152.,21.1316122305141));
#8417=CARTESIAN_POINT('',(-61.8504056219462,152.,21.1316122305141));
#8418=CARTESIAN_POINT('',(-56.6004056219462,153.5,21.1316122305141));
#8419=CARTESIAN_POINT('',(-56.6004056219462,151.5,21.1316122305141));
#8420=CARTESIAN_POINT('',(-63.6004056219462,153.5,21.1316122305141));
#8421=CARTESIAN_POINT('',(-56.6004056219462,153.5,21.1316122305141));
#8422=CARTESIAN_POINT('',(-63.6004056219462,151.5,21.1316122305141));
#8423=CARTESIAN_POINT('Origin',(-56.6004056219462,151.5,21.1316122305141));
#8424=CARTESIAN_POINT('',(-56.6004056219462,152.,28.1316122305141));
#8425=CARTESIAN_POINT('',(-56.6004056219462,152.,22.8816122305141));
#8426=CARTESIAN_POINT('',(-56.6004056219462,153.5,28.1316122305141));
#8427=CARTESIAN_POINT('',(-56.6004056219462,151.5,28.1316122305141));
#8428=CARTESIAN_POINT('',(-56.6004056219462,153.5,28.1316122305141));
#8429=CARTESIAN_POINT('Origin',(-55.6004056219462,151.5,29.1316122305141));
#8430=CARTESIAN_POINT('',(-55.6004056219462,152.,20.1316122305141));
#8431=CARTESIAN_POINT('',(-55.6004056219462,152.,29.1316122305141));
#8432=CARTESIAN_POINT('',(-55.6004056219462,152.,26.8816122305141));
#8433=CARTESIAN_POINT('',(-55.6004056219462,153.5,20.1316122305141));
#8434=CARTESIAN_POINT('',(-55.6004056219462,151.5,20.1316122305141));
#8435=CARTESIAN_POINT('',(-55.6004056219462,153.5,29.1316122305141));
#8436=CARTESIAN_POINT('',(-55.6004056219462,153.5,20.1316122305141));
#8437=CARTESIAN_POINT('',(-55.6004056219462,151.5,29.1316122305141));
#8438=CARTESIAN_POINT('Origin',(-55.6004056219462,151.5,20.1316122305141));
#8439=CARTESIAN_POINT('',(-64.6004056219462,152.,20.1316122305141));
#8440=CARTESIAN_POINT('',(-57.8504056219462,152.,20.1316122305141));
#8441=CARTESIAN_POINT('',(-64.6004056219462,153.5,20.1316122305141));
#8442=CARTESIAN_POINT('',(-64.6004056219462,151.5,20.1316122305141));
#8443=CARTESIAN_POINT('',(-64.6004056219462,153.5,20.1316122305141));
#8444=CARTESIAN_POINT('Origin',(-63.6004056219462,151.5,28.1316122305141));
#8445=CARTESIAN_POINT('',(-63.6004056219462,152.,28.1316122305141));
#8446=CARTESIAN_POINT('',(-63.6004056219462,152.,26.3816122305141));
#8447=CARTESIAN_POINT('',(-63.6004056219462,153.5,28.1316122305141));
#8448=CARTESIAN_POINT('',(-63.6004056219462,153.5,21.1316122305141));
#8449=CARTESIAN_POINT('',(-63.6004056219462,151.5,28.1316122305141));
#8450=CARTESIAN_POINT('Origin',(-56.6004056219462,151.5,28.1316122305141));
#8451=CARTESIAN_POINT('',(-58.3504056219462,152.,28.1316122305141));
#8452=CARTESIAN_POINT('',(-63.6004056219462,153.5,28.1316122305141));
#8453=CARTESIAN_POINT('Origin',(-64.6004056219462,151.5,29.1316122305141));
#8454=CARTESIAN_POINT('',(-64.6004056219462,152.,29.1316122305141));
#8455=CARTESIAN_POINT('',(-62.3504056219462,152.,29.1316122305141));
#8456=CARTESIAN_POINT('',(-64.6004056219462,153.5,29.1316122305141));
#8457=CARTESIAN_POINT('',(-55.6004056219462,153.5,29.1316122305141));
#8458=CARTESIAN_POINT('',(-64.6004056219462,151.5,29.1316122305141));
#8459=CARTESIAN_POINT('Origin',(-64.6004056219462,151.5,20.1316122305141));
#8460=CARTESIAN_POINT('',(-64.6004056219462,152.,22.3816122305141));
#8461=CARTESIAN_POINT('',(-64.6004056219462,153.5,29.1316122305141));
#8462=CARTESIAN_POINT('Origin',(-60.1004056219462,153.5,24.6316122305141));
#8463=CARTESIAN_POINT('Origin',(-60.,152.,-0.819037579830137));
#8464=CARTESIAN_POINT('',(-67.5,152.,-8.31903757983014));
#8465=CARTESIAN_POINT('',(-52.5,152.,-8.31903757983014));
#8466=CARTESIAN_POINT('',(-56.25,152.,-8.31903757983014));
#8467=CARTESIAN_POINT('',(-67.5,152.,6.68096242016986));
#8468=CARTESIAN_POINT('',(-67.5,152.,-4.56903757983014));
#8469=CARTESIAN_POINT('',(-52.5,152.,6.68096242016986));
#8470=CARTESIAN_POINT('',(-63.75,152.,6.68096242016986));
#8471=CARTESIAN_POINT('',(-52.5,152.,2.93096242016986));
#8472=CARTESIAN_POINT('Origin',(-60.1004056219462,152.,24.6316122305141));
#8473=CARTESIAN_POINT('',(-67.6004056219462,152.,17.1316122305141));
#8474=CARTESIAN_POINT('',(-52.6004056219462,152.,17.1316122305141));
#8475=CARTESIAN_POINT('',(-63.8504056219462,152.,17.1316122305141));
#8476=CARTESIAN_POINT('',(-67.6004056219462,152.,32.1316122305141));
#8477=CARTESIAN_POINT('',(-67.6004056219462,152.,28.3816122305141));
#8478=CARTESIAN_POINT('',(-52.6004056219462,152.,32.1316122305141));
#8479=CARTESIAN_POINT('',(-56.3504056219462,152.,32.1316122305141));
#8480=CARTESIAN_POINT('',(-52.6004056219462,152.,20.8816122305141));
#8481=CARTESIAN_POINT('Origin',(-59.9743658405204,146.541910850017,-40.4441188666441));
#8482=CARTESIAN_POINT('',(-61.4743658405204,146.541910850017,-40.4441188666441));
#8483=CARTESIAN_POINT('Origin',(-59.9743658405204,146.541910850017,-40.4441188666441));
#8484=CARTESIAN_POINT('',(-61.4743658405204,146.141910850017,-40.1441188666441));
#8485=CARTESIAN_POINT('',(-61.4743658405204,146.541910850017,-40.4441188666441));
#8486=CARTESIAN_POINT('Origin',(-59.9743658405204,146.141910850017,-40.1441188666441));
#8487=CARTESIAN_POINT('Origin',(-67.4743658405204,142.041910850017,-46.4441188666441));
#8488=CARTESIAN_POINT('',(-52.4743658405204,141.939423487193,-46.3672533445263));
#8489=CARTESIAN_POINT('',(-67.4743658405204,141.939423487193,-46.3672533445263));
#8490=CARTESIAN_POINT('',(-45.,141.939423487193,-46.3672533445263));
#8491=CARTESIAN_POINT('',(-52.4743658405204,141.641910850017,-46.1441188666441));
#8492=CARTESIAN_POINT('',(-52.4743658405204,142.041910850017,-46.4441188666441));
#8493=CARTESIAN_POINT('',(-67.4743658405204,141.641910850017,-46.1441188666441));
#8494=CARTESIAN_POINT('',(-67.4743658405204,141.641910850017,-46.1441188666441));
#8495=CARTESIAN_POINT('',(-67.4743658405204,142.041910850017,-46.4441188666441));
#8496=CARTESIAN_POINT('Origin',(-59.9743658405204,146.141910850017,-40.1441188666441));
#8497=CARTESIAN_POINT('',(-52.4743658405204,143.050296454743,-44.2662713936759));
#8498=CARTESIAN_POINT('',(-67.4743658405204,143.050296454743,-44.2662713936759));
#8499=CARTESIAN_POINT('',(-45.,143.050296454743,-44.2662713936755));
#8500=CARTESIAN_POINT('',(-52.4743658405204,150.641910850017,-34.1441188666441));
#8501=CARTESIAN_POINT('',(-52.4743658405204,141.641910850017,-46.1441188666441));
#8502=CARTESIAN_POINT('',(-67.4743658405204,150.641910850017,-34.1441188666441));
#8503=CARTESIAN_POINT('',(-52.4743658405204,150.641910850017,-34.1441188666441));
#8504=CARTESIAN_POINT('',(-67.4743658405204,150.641910850017,-34.1441188666441));
#8505=CARTESIAN_POINT('Origin',(-52.4743658405204,142.041910850017,-46.4441188666441));
#8506=CARTESIAN_POINT('Origin',(-52.4743658405204,36.3718907621955,0.));
#8507=CARTESIAN_POINT('',(-52.4743658405204,151.041910850017,-34.4441188666441));
#8508=CARTESIAN_POINT('Origin',(-52.4743658405204,142.041910850017,-46.4441188666441));
#8509=CARTESIAN_POINT('',(-52.4743658405204,142.704316738781,-44.7275776816258));
#8510=CARTESIAN_POINT('Origin',(-52.4743658405204,92.4851774919524,-22.2990678490998));
#8511=CARTESIAN_POINT('',(-52.4743658405204,141.641910850017,-46.1441188666441));
#8512=CARTESIAN_POINT('Origin',(-67.4743658405204,151.041910850017,-34.4441188666441));
#8513=CARTESIAN_POINT('Origin',(-67.4743658405204,36.3718907621955,0.));
#8514=CARTESIAN_POINT('',(-67.4743658405204,151.041910850017,-34.4441188666441));
#8515=CARTESIAN_POINT('Origin',(-59.9743658405204,146.541910850017,-40.4441188666441));
#8516=CARTESIAN_POINT('Origin',(-67.4743658405204,151.041910850017,-34.4441188666441));
#8517=CARTESIAN_POINT('',(-67.4743658405204,142.704316738781,-44.7275776816258));
#8518=CARTESIAN_POINT('Origin',(-67.4743658405204,92.4851774919524,-22.2990678490998));
#8519=CARTESIAN_POINT('',(-67.4743658405204,150.641910850017,-34.1441188666441));
#8520=CARTESIAN_POINT('Origin',(-52.4743658405204,151.041910850017,-34.4441188666441));
#8521=CARTESIAN_POINT('Origin',(-59.9743658405204,146.141910850017,-40.1441188666441));
#8522=CARTESIAN_POINT('',(-45.,142.704316738781,-44.7275776816254));
#8523=CARTESIAN_POINT('Origin',(-45.,36.3718907621955,0.));
#8524=CARTESIAN_POINT('',(-52.4743658405204,142.100878471937,-46.4883445830844));
#8525=CARTESIAN_POINT('Origin',(-52.4743658405204,36.3718907621955,0.));
#8526=CARTESIAN_POINT('',(-67.4743658405204,142.100878471937,-46.4883445830844));
#8527=CARTESIAN_POINT('',(-45.,142.100878471937,-46.4883445830844));
#8528=CARTESIAN_POINT('Origin',(-67.4743658405204,36.3718907621955,0.));
#8529=CARTESIAN_POINT('Origin',(-45.,36.3718907621955,0.));
#8530=CARTESIAN_POINT('',(-47.,140.,51.));
#8531=CARTESIAN_POINT('',(-47.,140.,-51.));
#8532=CARTESIAN_POINT('Origin',(-47.,36.3718907621955,0.));
#8533=CARTESIAN_POINT('',(-71.,140.,-51.));
#8534=CARTESIAN_POINT('',(-45.,140.,-51.));
#8535=CARTESIAN_POINT('',(-71.,140.,51.));
#8536=CARTESIAN_POINT('Origin',(-71.,36.3718907621955,0.));
#8537=CARTESIAN_POINT('',(-45.,140.,51.));
#8538=CARTESIAN_POINT('',(-69.5,151.543180221253,8.68096242016986));
#8539=CARTESIAN_POINT('',(-69.5,151.5,-9.23598871429003));
#8540=CARTESIAN_POINT('Origin',(-69.5,36.3718907621955,0.));
#8541=CARTESIAN_POINT('',(-50.5,151.5,-9.23598871429003));
#8542=CARTESIAN_POINT('',(-45.,151.5,-9.23598871429003));
#8543=CARTESIAN_POINT('',(-50.5,151.543180221253,8.68096242016986));
#8544=CARTESIAN_POINT('Origin',(-50.5,36.3718907621955,0.));
#8545=CARTESIAN_POINT('',(-45.,151.543180221253,8.68096242016986));
#8546=CARTESIAN_POINT('',(-69.4743658405204,142.230244970172,-46.1930067064379));
#8547=CARTESIAN_POINT('',(-45.,142.230244970172,-46.193006706438));
#8548=CARTESIAN_POINT('',(-69.4743658405204,141.259305007962,-48.357164485103));
#8549=CARTESIAN_POINT('Origin',(-69.4743658405204,36.3718907621955,0.));
#8550=CARTESIAN_POINT('',(-50.4743658405204,141.259305007962,-48.357164485103));
#8551=CARTESIAN_POINT('',(-45.,141.259305007962,-48.357164485103));
#8552=CARTESIAN_POINT('',(-50.4743658405204,142.230244970172,-46.193006706438));
#8553=CARTESIAN_POINT('Origin',(-50.4743658405204,36.3718907621955,0.));
#8554=CARTESIAN_POINT('',(-45.,142.230244970172,-46.193006706438));
#8555=CARTESIAN_POINT('Origin',(-60.,152.,-0.741422204808186));
#8556=CARTESIAN_POINT('',(-61.5,152.,-0.741422204808186));
#8557=CARTESIAN_POINT('Origin',(-60.,152.,-0.741422204808186));
#8558=CARTESIAN_POINT('',(-61.5,152.,-0.741422204808186));
#8559=CARTESIAN_POINT('Origin',(-60.,152.,24.6407264309772));
#8560=CARTESIAN_POINT('',(-61.5,152.,24.6407264309772));
#8561=CARTESIAN_POINT('Origin',(-60.,152.,24.6407264309772));
#8562=CARTESIAN_POINT('',(-61.5,151.5,24.6407264309772));
#8563=CARTESIAN_POINT('',(-61.5,152.,24.6407264309772));
#8564=CARTESIAN_POINT('Origin',(-60.,151.5,24.6407264309772));
#8565=CARTESIAN_POINT('Origin',(-60.,152.,-0.819037579830137));
#8566=CARTESIAN_POINT('Origin',(-60.1004056219462,152.,24.6316122305141));
#8567=CARTESIAN_POINT('Origin',(-67.5,160.,6.68096242016986));
#8568=CARTESIAN_POINT('',(-67.5,160.,6.68096242016986));
#8569=CARTESIAN_POINT('',(-67.5,160.,6.68096242016986));
#8570=CARTESIAN_POINT('',(-52.5,160.,6.68096242016986));
#8571=CARTESIAN_POINT('',(-52.5,160.,6.68096242016986));
#8572=CARTESIAN_POINT('',(-52.5,160.,6.68096242016986));
#8573=CARTESIAN_POINT('Origin',(-67.5,160.,-8.31903757983014));
#8574=CARTESIAN_POINT('',(-67.5,160.,-8.31903757983014));
#8575=CARTESIAN_POINT('',(-67.5,160.,-8.31903757983014));
#8576=CARTESIAN_POINT('',(-67.5,160.,6.68096242016986));
#8577=CARTESIAN_POINT('Origin',(-67.6004056219462,160.,32.1316122305141));
#8578=CARTESIAN_POINT('',(-67.6004056219462,160.,17.1316122305141));
#8579=CARTESIAN_POINT('',(-67.6004056219462,160.,17.1316122305141));
#8580=CARTESIAN_POINT('',(-67.6004056219462,160.,32.1316122305141));
#8581=CARTESIAN_POINT('',(-67.6004056219462,160.,32.1316122305141));
#8582=CARTESIAN_POINT('',(-67.6004056219462,160.,32.1316122305141));
#8583=CARTESIAN_POINT('Origin',(-67.6004056219462,160.,17.1316122305141));
#8584=CARTESIAN_POINT('',(-52.6004056219462,160.,17.1316122305141));
#8585=CARTESIAN_POINT('',(-52.6004056219462,160.,17.1316122305141));
#8586=CARTESIAN_POINT('',(-67.6004056219462,160.,17.1316122305141));
#8587=CARTESIAN_POINT('Origin',(-50.4743658405204,157.441910850017,-36.7441188666441));
#8588=CARTESIAN_POINT('',(-50.4743658405204,153.987087005744,-34.1530009834391));
#8589=CARTESIAN_POINT('',(-69.4743658405204,153.987087005744,-34.1530009834391));
#8590=CARTESIAN_POINT('',(-45.,153.987087005744,-34.1530009834391));
#8591=CARTESIAN_POINT('',(-50.4743658405204,157.441910850017,-36.7441188666441));
#8592=CARTESIAN_POINT('',(-50.4743658405204,157.441910850017,-36.7441188666441));
#8593=CARTESIAN_POINT('',(-69.4743658405204,157.441910850017,-36.7441188666441));
#8594=CARTESIAN_POINT('',(-69.4743658405204,157.441910850017,-36.7441188666441));
#8595=CARTESIAN_POINT('',(-69.4743658405204,157.441910850017,-36.7441188666441));
#8596=CARTESIAN_POINT('Origin',(-50.4743658405204,157.441910850017,-36.7441188666441));
#8597=CARTESIAN_POINT('',(-69.4743658405204,152.699753152556,-33.1875005935482));
#8598=CARTESIAN_POINT('',(-50.4743658405204,152.699753152556,-33.1875005935482));
#8599=CARTESIAN_POINT('',(-45.,152.699753152556,-33.1875005935482));
#8600=CARTESIAN_POINT('',(-69.4743658405204,152.241910850017,-32.8441188666441));
#8601=CARTESIAN_POINT('',(-69.4743658405204,157.441910850017,-36.7441188666441));
#8602=CARTESIAN_POINT('',(-50.4743658405204,152.241910850017,-32.8441188666441));
#8603=CARTESIAN_POINT('',(-69.4743658405204,152.241910850017,-32.8441188666441));
#8604=CARTESIAN_POINT('',(-50.4743658405204,157.441910850017,-36.7441188666441));
#8605=CARTESIAN_POINT('Origin',(-69.4743658405204,157.441910850017,-36.7441188666441));
#8606=CARTESIAN_POINT('',(-69.4743658405204,141.017557770859,-48.1758540572757));
#8607=CARTESIAN_POINT('',(-69.4743658405204,141.629373325275,-46.9941688996327));
#8608=CARTESIAN_POINT('Origin',(-69.4743658405204,92.4851774919524,-22.2990678490998));
#8609=CARTESIAN_POINT('',(-69.4743658405204,140.841910850017,-48.0441188666441));
#8610=CARTESIAN_POINT('',(-69.4743658405204,146.041910850017,-51.9441188666441));
#8611=CARTESIAN_POINT('',(-69.4743658405204,140.841910850017,-48.0441188666441));
#8612=CARTESIAN_POINT('Origin',(-69.4743658405204,157.441910850017,-36.7441188666441));
#8613=CARTESIAN_POINT('',(-69.4743658405204,145.63526973859,-51.6391380330741));
#8614=CARTESIAN_POINT('Origin',(-69.4743658405204,60.,0.));
#8615=CARTESIAN_POINT('',(-69.4743658405204,146.041910850017,-51.9441188666441));
#8616=CARTESIAN_POINT('',(-69.4743658405204,146.041910850017,-51.9441188666441));
#8617=CARTESIAN_POINT('',(-69.4743658405204,146.041910850017,-51.9441188666441));
#8618=CARTESIAN_POINT('Origin',(-69.4743658405204,157.441910850017,-36.7441188666441));
#8619=CARTESIAN_POINT('',(-69.4743658405204,144.866059820547,-51.0622305945421));
#8620=CARTESIAN_POINT('Origin',(-69.4743658405204,52.6634176440283,0.));
#8621=CARTESIAN_POINT('',(-69.4743658405204,146.041910850017,-51.9441188666441));
#8622=CARTESIAN_POINT('',(-69.4743658405204,140.841910850017,-48.0441188666441));
#8623=CARTESIAN_POINT('Origin',(-69.4743658405204,146.041910850017,-51.9441188666441));
#8624=CARTESIAN_POINT('',(-50.4743658405204,141.017557770859,-48.1758540572757));
#8625=CARTESIAN_POINT('',(-45.,141.017557770859,-48.1758540572757));
#8626=CARTESIAN_POINT('',(-50.4743658405204,140.841910850017,-48.0441188666441));
#8627=CARTESIAN_POINT('',(-50.4743658405204,146.041910850017,-51.9441188666441));
#8628=CARTESIAN_POINT('',(-50.4743658405204,140.841910850017,-48.0441188666441));
#8629=CARTESIAN_POINT('Origin',(-69.4743658405204,146.041910850017,-51.9441188666441));
#8630=CARTESIAN_POINT('',(-50.4743658405204,145.63526973859,-51.6391380330741));
#8631=CARTESIAN_POINT('',(-45.,145.63526973859,-51.6391380330741));
#8632=CARTESIAN_POINT('',(-50.4743658405204,146.041910850017,-51.9441188666441));
#8633=CARTESIAN_POINT('',(-50.4743658405204,146.041910850017,-51.9441188666441));
#8634=CARTESIAN_POINT('',(-50.4743658405204,146.041910850017,-51.9441188666441));
#8635=CARTESIAN_POINT('Origin',(-59.9743658405204,146.541910850017,-40.4441188666441));
#8636=CARTESIAN_POINT('',(-50.4743658405204,141.629373325275,-46.9941688996327));
#8637=CARTESIAN_POINT('',(-45.,141.629373325276,-46.9941688996327));
#8638=CARTESIAN_POINT('',(-50.4743658405204,152.241910850017,-32.8441188666441));
#8639=CARTESIAN_POINT('Origin',(-50.4743658405204,146.041910850017,-51.9441188666441));
#8640=CARTESIAN_POINT('Origin',(-50.4743658405204,92.4851774919524,-22.2990678490998));
#8641=CARTESIAN_POINT('Origin',(-50.4743658405204,146.041910850017,-51.9441188666441));
#8642=CARTESIAN_POINT('Origin',(-50.4743658405204,60.,0.));
#8643=CARTESIAN_POINT('',(-50.4743658405204,157.441910850017,-36.7441188666441));
#8644=CARTESIAN_POINT('Origin',(-50.4743658405204,146.041910850017,-51.9441188666441));
#8645=CARTESIAN_POINT('',(-50.4743658405204,144.866059820547,-51.0622305945421));
#8646=CARTESIAN_POINT('Origin',(-50.4743658405204,52.6634176440283,0.));
#8647=CARTESIAN_POINT('',(-50.4743658405204,152.241910850017,-32.8441188666441));
#8648=CARTESIAN_POINT('',(-50.4743658405204,146.041910850017,-51.9441188666441));
#8649=CARTESIAN_POINT('Origin',(-69.4743658405204,146.041910850017,-51.9441188666441));
#8650=CARTESIAN_POINT('',(-45.,144.866059820547,-51.0622305945421));
#8651=CARTESIAN_POINT('Origin',(-59.9743658405204,151.741910850017,-44.3441188666441));
#8652=CARTESIAN_POINT('',(-52.4743658405204,147.241910850017,-50.3441188666441));
#8653=CARTESIAN_POINT('',(-52.4743658405204,156.241910850017,-38.3441188666441));
#8654=CARTESIAN_POINT('',(-52.4743658405204,147.241910850017,-50.3441188666441));
#8655=CARTESIAN_POINT('',(-67.4743658405204,156.241910850017,-38.3441188666441));
#8656=CARTESIAN_POINT('',(-52.4743658405204,156.241910850017,-38.3441188666441));
#8657=CARTESIAN_POINT('',(-67.4743658405204,147.241910850017,-50.3441188666441));
#8658=CARTESIAN_POINT('',(-67.4743658405204,156.241910850017,-38.3441188666441));
#8659=CARTESIAN_POINT('',(-67.4743658405204,147.241910850017,-50.3441188666441));
#8660=CARTESIAN_POINT('Origin',(-59.9743658405204,146.541910850017,-40.4441188666441));
#8661=CARTESIAN_POINT('',(-67.4743658405204,151.041910850017,-34.4441188666441));
#8662=CARTESIAN_POINT('',(-52.4743658405204,151.041910850017,-34.4441188666441));
#8663=CARTESIAN_POINT('',(-52.4743658405204,142.041910850017,-46.4441188666441));
#8664=CARTESIAN_POINT('Origin',(-67.4743658405204,147.241910850017,-50.3441188666441));
#8665=CARTESIAN_POINT('',(-52.4743658405204,147.241910850017,-50.3441188666441));
#8666=CARTESIAN_POINT('',(-67.4743658405204,147.241910850017,-50.3441188666441));
#8667=CARTESIAN_POINT('Origin',(-67.4743658405204,156.241910850017,-38.3441188666441));
#8668=CARTESIAN_POINT('',(-67.4743658405204,156.241910850017,-38.3441188666441));
#8669=CARTESIAN_POINT('Origin',(-52.4743658405204,156.241910850017,-38.3441188666441));
#8670=CARTESIAN_POINT('',(-52.4743658405204,156.241910850017,-38.3441188666441));
#8671=CARTESIAN_POINT('Origin',(-52.4743658405204,147.241910850017,-50.3441188666441));
#8672=CARTESIAN_POINT('Origin',(-52.5,160.,6.68096242016986));
#8673=CARTESIAN_POINT('',(-52.5,160.,-8.31903757983014));
#8674=CARTESIAN_POINT('',(-52.5,160.,-8.31903757983014));
#8675=CARTESIAN_POINT('',(-52.5,160.,-8.31903757983014));
#8676=CARTESIAN_POINT('Origin',(-60.,151.5,-0.819037579830139));
#8677=CARTESIAN_POINT('',(-69.5,151.5,-10.3190375798301));
#8678=CARTESIAN_POINT('',(-69.5,151.5,-10.3190375798301));
#8679=CARTESIAN_POINT('',(-50.5,151.5,-10.3190375798301));
#8680=CARTESIAN_POINT('',(-50.5,151.5,-10.3190375798301));
#8681=CARTESIAN_POINT('',(-50.5,151.5,8.68096242016986));
#8682=CARTESIAN_POINT('Origin',(-69.5,160.,-10.3190375798301));
#8683=CARTESIAN_POINT('',(-50.5,157.554771344166,-10.3190375798301));
#8684=CARTESIAN_POINT('',(-69.5,157.554771344166,-10.3190375798301));
#8685=CARTESIAN_POINT('',(-45.,157.554771344166,-10.3190375798301));
#8686=CARTESIAN_POINT('',(-50.5,160.,-10.3190375798301));
#8687=CARTESIAN_POINT('',(-69.5,160.,-10.3190375798301));
#8688=CARTESIAN_POINT('Origin',(-69.5,160.,8.68096242016986));
#8689=CARTESIAN_POINT('',(-69.5,159.622491895453,8.68096242016986));
#8690=CARTESIAN_POINT('',(-69.5,160.,0.));
#8691=CARTESIAN_POINT('Origin',(-69.5,60.,0.));
#8692=CARTESIAN_POINT('',(-69.5,160.,8.68096242016986));
#8693=CARTESIAN_POINT('',(-69.5,160.,8.68096242016986));
#8694=CARTESIAN_POINT('',(-69.5,160.,-10.3190375798301));
#8695=CARTESIAN_POINT('Origin',(-69.5,160.,8.68096242016986));
#8696=CARTESIAN_POINT('',(-69.5,159.466162404237,-10.3190375798301));
#8697=CARTESIAN_POINT('Origin',(-69.5,60.,0.));
#8698=CARTESIAN_POINT('',(-69.5,160.,-10.3190375798301));
#8699=CARTESIAN_POINT('',(-69.5,160.,-10.3190375798301));
#8700=CARTESIAN_POINT('',(-69.5,160.,-10.3190375798301));
#8701=CARTESIAN_POINT('Origin',(-69.5,160.,8.68096242016986));
#8702=CARTESIAN_POINT('',(-69.5,157.703026883025,8.68096242016986));
#8703=CARTESIAN_POINT('',(-69.5,160.,8.68096242016986));
#8704=CARTESIAN_POINT('Origin',(-69.5,52.6634176440283,0.));
#8705=CARTESIAN_POINT('Origin',(-50.5,160.,-10.3190375798301));
#8706=CARTESIAN_POINT('',(-50.5,160.,0.));
#8707=CARTESIAN_POINT('',(-50.5,159.622491895453,8.68096242016986));
#8708=CARTESIAN_POINT('Origin',(-50.5,60.,0.));
#8709=CARTESIAN_POINT('',(-50.5,160.,8.68096242016986));
#8710=CARTESIAN_POINT('',(-50.5,160.,8.68096242016986));
#8711=CARTESIAN_POINT('',(-50.5,160.,8.68096242016986));
#8712=CARTESIAN_POINT('Origin',(-50.5,160.,-10.3190375798301));
#8713=CARTESIAN_POINT('',(-50.5,159.466162404237,-10.3190375798301));
#8714=CARTESIAN_POINT('Origin',(-50.5,60.,0.));
#8715=CARTESIAN_POINT('',(-50.5,160.,-10.3190375798301));
#8716=CARTESIAN_POINT('',(-50.5,160.,-10.3190375798301));
#8717=CARTESIAN_POINT('',(-50.5,160.,8.68096242016986));
#8718=CARTESIAN_POINT('Origin',(-50.5,160.,8.68096242016986));
#8719=CARTESIAN_POINT('',(-45.,159.622491895453,8.68096242016986));
#8720=CARTESIAN_POINT('',(-69.5,160.,8.68096242016986));
#8721=CARTESIAN_POINT('Origin',(-52.5,160.,-8.31903757983014));
#8722=CARTESIAN_POINT('',(-67.5,160.,-8.31903757983014));
#8723=CARTESIAN_POINT('Origin',(-69.5,160.,-10.3190375798301));
#8724=CARTESIAN_POINT('',(-45.,159.466162404237,-10.3190375798301));
#8725=CARTESIAN_POINT('',(-50.5,160.,-10.3190375798301));
#8726=CARTESIAN_POINT('Origin',(-50.5,160.,8.68096242016986));
#8727=CARTESIAN_POINT('',(-50.5,157.703026883025,8.68096242016986));
#8728=CARTESIAN_POINT('',(-50.5,160.,8.68096242016986));
#8729=CARTESIAN_POINT('',(-45.,157.703026883025,8.68096242016986));
#8730=CARTESIAN_POINT('Origin',(-50.5,160.,-10.3190375798301));
#8731=CARTESIAN_POINT('Origin',(-50.5,52.6634176440283,0.));
#8732=CARTESIAN_POINT('Origin',(-60.,160.,-0.819037579830139));
#8733=CARTESIAN_POINT('Origin',(-50.6004056219462,160.,34.1316122305141));
#8734=CARTESIAN_POINT('',(-50.6004056219462,153.994856489841,34.1316122305141));
#8735=CARTESIAN_POINT('',(-69.6004056219462,153.994856489841,34.1316122305141));
#8736=CARTESIAN_POINT('',(-45.,153.994856489841,34.1316122305141));
#8737=CARTESIAN_POINT('',(-50.6004056219462,160.,34.1316122305141));
#8738=CARTESIAN_POINT('',(-50.6004056219462,160.,34.1316122305141));
#8739=CARTESIAN_POINT('',(-69.6004056219462,160.,34.1316122305141));
#8740=CARTESIAN_POINT('',(-69.6004056219462,160.,34.1316122305141));
#8741=CARTESIAN_POINT('',(-69.6004056219462,160.,34.1316122305141));
#8742=CARTESIAN_POINT('Origin',(-50.6004056219462,160.,15.1316122305141));
#8743=CARTESIAN_POINT('',(-50.6004056219462,158.848542282147,15.1316122305141));
#8744=CARTESIAN_POINT('Origin',(-50.6004056219462,60.,0.));
#8745=CARTESIAN_POINT('',(-50.6004056219462,160.,15.1316122305141));
#8746=CARTESIAN_POINT('',(-50.6004056219462,160.,15.1316122305141));
#8747=CARTESIAN_POINT('',(-50.6004056219462,160.,34.1316122305141));
#8748=CARTESIAN_POINT('Origin',(-69.6004056219462,160.,34.1316122305141));
#8749=CARTESIAN_POINT('',(-69.6004056219462,158.848542282147,15.1316122305141));
#8750=CARTESIAN_POINT('Origin',(-69.6004056219462,60.,0.));
#8751=CARTESIAN_POINT('',(-69.6004056219462,160.,15.1316122305141));
#8752=CARTESIAN_POINT('',(-69.6004056219462,160.,15.1316122305141));
#8753=CARTESIAN_POINT('',(-69.6004056219462,160.,15.1316122305141));
#8754=CARTESIAN_POINT('Origin',(-69.6004056219462,160.,34.1316122305141));
#8755=CARTESIAN_POINT('',(-69.6004056219462,156.969280034053,15.1316122305141));
#8756=CARTESIAN_POINT('',(-69.6004056219462,152.381578799192,34.1316122305141));
#8757=CARTESIAN_POINT('Origin',(-69.6004056219462,52.6634176440283,0.));
#8758=CARTESIAN_POINT('',(-69.6004056219462,151.5,15.1316122305141));
#8759=CARTESIAN_POINT('',(-69.6004056219462,160.,15.1316122305141));
#8760=CARTESIAN_POINT('',(-69.6004056219462,151.5,34.1316122305141));
#8761=CARTESIAN_POINT('',(-69.6004056219462,151.5,15.1316122305141));
#8762=CARTESIAN_POINT('',(-69.6004056219462,160.,34.1316122305141));
#8763=CARTESIAN_POINT('Origin',(-69.6004056219462,160.,15.1316122305141));
#8764=CARTESIAN_POINT('',(-45.,158.848542282147,15.1316122305141));
#8765=CARTESIAN_POINT('',(-50.6004056219462,160.,15.1316122305141));
#8766=CARTESIAN_POINT('Origin',(-69.6004056219462,160.,15.1316122305141));
#8767=CARTESIAN_POINT('',(-50.6004056219462,156.969280034053,15.1316122305141));
#8768=CARTESIAN_POINT('',(-45.,156.969280034053,15.1316122305141));
#8769=CARTESIAN_POINT('',(-50.6004056219462,151.5,15.1316122305141));
#8770=CARTESIAN_POINT('',(-50.6004056219462,160.,15.1316122305141));
#8771=CARTESIAN_POINT('',(-50.6004056219462,151.5,15.1316122305141));
#8772=CARTESIAN_POINT('Origin',(-50.6004056219462,160.,34.1316122305141));
#8773=CARTESIAN_POINT('',(-50.6004056219462,152.381578799192,34.1316122305141));
#8774=CARTESIAN_POINT('',(-45.,152.381578799192,34.1316122305141));
#8775=CARTESIAN_POINT('',(-50.6004056219462,151.5,34.1316122305141));
#8776=CARTESIAN_POINT('',(-69.6004056219462,151.5,34.1316122305141));
#8777=CARTESIAN_POINT('',(-50.6004056219462,160.,34.1316122305141));
#8778=CARTESIAN_POINT('Origin',(-50.6004056219462,160.,15.1316122305141));
#8779=CARTESIAN_POINT('Origin',(-50.6004056219462,52.6634176440283,0.));
#8780=CARTESIAN_POINT('',(-50.6004056219462,151.5,34.1316122305141));
#8781=CARTESIAN_POINT('Origin',(-60.1004056219462,160.,24.6316122305141));
#8782=CARTESIAN_POINT('',(-52.6004056219462,160.,32.1316122305141));
#8783=CARTESIAN_POINT('',(-52.6004056219462,160.,17.1316122305141));
#8784=CARTESIAN_POINT('',(-52.6004056219462,160.,32.1316122305141));
#8785=CARTESIAN_POINT('Origin',(-60.1004056219462,151.5,24.6316122305141));
#8786=CARTESIAN_POINT('Origin',(-52.6004056219462,160.,32.1316122305141));
#8787=CARTESIAN_POINT('',(-52.6004056219462,160.,32.1316122305141));
#8788=CARTESIAN_POINT('Origin',(-52.6004056219462,160.,17.1316122305141));
#8789=CARTESIAN_POINT('Origin',(-84.5,91.5,-96.));
#8790=CARTESIAN_POINT('',(-84.5,74.9949994999,-94.5));
#8791=CARTESIAN_POINT('',(-84.5,74.9949994999,-96.));
#8792=CARTESIAN_POINT('',(-84.5,74.9949994999,100.));
#8793=CARTESIAN_POINT('',(-84.5,91.5,-94.5));
#8794=CARTESIAN_POINT('',(-84.5,8.5,-94.5));
#8795=CARTESIAN_POINT('',(-84.5,91.5,-96.));
#8796=CARTESIAN_POINT('',(-84.5,91.5,-96.));
#8797=CARTESIAN_POINT('',(-84.5,70.75,-96.));
#8798=CARTESIAN_POINT('Origin',(-84.5,91.5,-96.));
#8799=CARTESIAN_POINT('',(-84.5,25.0050005001,-96.));
#8800=CARTESIAN_POINT('',(-84.5,25.0050005001,-94.5));
#8801=CARTESIAN_POINT('',(-84.5,25.0050005001,100.));
#8802=CARTESIAN_POINT('',(-84.5,8.5,-96.));
#8803=CARTESIAN_POINT('',(-84.5,70.75,-96.));
#8804=CARTESIAN_POINT('',(-84.5,8.49999999999999,-94.5));
#8805=CARTESIAN_POINT('',(-84.5,8.49999999999999,-96.));
#8806=CARTESIAN_POINT('',(-84.5,8.5,-94.5));
#8807=CARTESIAN_POINT('Origin',(-60.,50.,-96.));
#8808=CARTESIAN_POINT('',(-38.,89.,-96.));
#8809=CARTESIAN_POINT('',(-38.,11.,-96.));
#8810=CARTESIAN_POINT('',(-38.,30.5,-96.));
#8811=CARTESIAN_POINT('',(-82.,11.,-96.));
#8812=CARTESIAN_POINT('',(-71.,11.,-96.));
#8813=CARTESIAN_POINT('',(-82.,89.,-96.));
#8814=CARTESIAN_POINT('',(-82.,69.5,-96.));
#8815=CARTESIAN_POINT('',(-49.,89.,-96.));
#8816=CARTESIAN_POINT('Origin',(-35.5,8.5,-96.));
#8817=CARTESIAN_POINT('',(-35.5,74.9949994999,-96.));
#8818=CARTESIAN_POINT('',(-35.5,74.9949994999,-94.5));
#8819=CARTESIAN_POINT('',(-35.5,74.9949994999,100.));
#8820=CARTESIAN_POINT('',(-35.5,91.5,-96.));
#8821=CARTESIAN_POINT('',(-35.5,29.25,-96.));
#8822=CARTESIAN_POINT('',(-35.5,91.5,-94.5));
#8823=CARTESIAN_POINT('',(-35.5,91.5,-96.));
#8824=CARTESIAN_POINT('',(-35.5,91.5,-94.5));
#8825=CARTESIAN_POINT('Origin',(-35.5,8.5,-96.));
#8826=CARTESIAN_POINT('',(-35.5,25.0050005001,-94.5));
#8827=CARTESIAN_POINT('',(-35.5,25.0050005001,-96.));
#8828=CARTESIAN_POINT('',(-35.5,25.0050005001,100.));
#8829=CARTESIAN_POINT('',(-35.5,8.49999999999999,-94.5));
#8830=CARTESIAN_POINT('',(-35.5,91.5,-94.5));
#8831=CARTESIAN_POINT('',(-35.5,8.5,-96.));
#8832=CARTESIAN_POINT('',(-35.5,8.49999999999999,-96.));
#8833=CARTESIAN_POINT('',(-35.5,29.25,-96.));
#8834=CARTESIAN_POINT('Origin',(-35.5,91.5,-96.));
#8835=CARTESIAN_POINT('',(-47.75,91.5,-96.));
#8836=CARTESIAN_POINT('',(-84.5,91.5,-94.5));
#8837=CARTESIAN_POINT('Origin',(-84.5,8.49999999999999,-96.));
#8838=CARTESIAN_POINT('',(-72.25,8.49999999999999,-96.));
#8839=CARTESIAN_POINT('',(-35.5,8.49999999999999,-94.5));
#8840=CARTESIAN_POINT('Origin',(-60.,50.,-94.5));
#8841=CARTESIAN_POINT('',(-82.,22.7786848223676,-94.5));
#8842=CARTESIAN_POINT('Origin',(-60.,50.,-94.5));
#8843=CARTESIAN_POINT('',(-38.,22.7786848223676,-94.5));
#8844=CARTESIAN_POINT('Origin',(-60.,50.,-94.5));
#8845=CARTESIAN_POINT('',(-38.,77.2213151776324,-94.5));
#8846=CARTESIAN_POINT('',(-38.,30.5,-94.5));
#8847=CARTESIAN_POINT('Origin',(-60.,50.,-94.5));
#8848=CARTESIAN_POINT('',(-82.,77.2213151776324,-94.5));
#8849=CARTESIAN_POINT('Origin',(-60.,50.,-94.5));
#8850=CARTESIAN_POINT('',(-82.,69.5,-94.5));
#8851=CARTESIAN_POINT('Origin',(-82.,89.,-100.));
#8852=CARTESIAN_POINT('',(-82.,77.2213151776324,-94.1));
#8853=CARTESIAN_POINT('',(-82.,77.2213151776324,100.));
#8854=CARTESIAN_POINT('',(-82.,22.7786848223676,-94.1));
#8855=CARTESIAN_POINT('',(-82.,69.5,-94.1));
#8856=CARTESIAN_POINT('',(-82.,22.7786848223676,100.));
#8857=CARTESIAN_POINT('Origin',(-60.,50.,100.));
#8858=CARTESIAN_POINT('',(-87.0606838564772,72.197283374769,-96.));
#8859=CARTESIAN_POINT('Origin',(-60.,50.,-96.));
#8860=CARTESIAN_POINT('',(-87.0606838564772,72.197283374769,100.));
#8861=CARTESIAN_POINT('Origin',(-60.,50.,100.));
#8862=CARTESIAN_POINT('',(-32.9393161435228,72.197283374769,-96.));
#8863=CARTESIAN_POINT('',(-32.9393161435228,72.197283374769,100.));
#8864=CARTESIAN_POINT('Origin',(-60.,50.,-96.));
#8865=CARTESIAN_POINT('',(-38.,77.2213151776324,-94.1));
#8866=CARTESIAN_POINT('',(-38.,77.2213151776324,100.));
#8867=CARTESIAN_POINT('',(-38.,77.2213151776324,-94.));
#8868=CARTESIAN_POINT('',(-38.,77.2213151776324,100.));
#8869=CARTESIAN_POINT('',(-82.,77.2213151776324,-94.));
#8870=CARTESIAN_POINT('Origin',(-60.,50.,-94.));
#8871=CARTESIAN_POINT('',(-82.,77.2213151776324,100.));
#8872=CARTESIAN_POINT('Origin',(-38.,11.,-100.));
#8873=CARTESIAN_POINT('',(-38.,22.7786848223676,-94.1));
#8874=CARTESIAN_POINT('',(-38.,22.7786848223676,100.));
#8875=CARTESIAN_POINT('',(-38.,30.5,-94.1));
#8876=CARTESIAN_POINT('Origin',(-38.,11.,-100.));
#8877=CARTESIAN_POINT('',(-38.,89.,-97.5));
#8878=CARTESIAN_POINT('',(-38.,89.,-100.));
#8879=CARTESIAN_POINT('',(-38.,11.,-97.5));
#8880=CARTESIAN_POINT('',(-38.,30.5,-97.5));
#8881=CARTESIAN_POINT('',(-38.,11.,-100.));
#8882=CARTESIAN_POINT('Origin',(-37.5,10.5,-97.5));
#8883=CARTESIAN_POINT('',(-37.5,10.5,-97.5));
#8884=CARTESIAN_POINT('',(-82.5,10.5,-97.5));
#8885=CARTESIAN_POINT('',(-48.75,10.5,-97.5));
#8886=CARTESIAN_POINT('',(-37.5,10.5,-96.));
#8887=CARTESIAN_POINT('',(-37.5,10.5,-97.5));
#8888=CARTESIAN_POINT('',(-82.5,10.5,-96.));
#8889=CARTESIAN_POINT('',(-48.75,10.5,-96.));
#8890=CARTESIAN_POINT('',(-82.5,10.5,-97.5));
#8891=CARTESIAN_POINT('Origin',(-37.5,89.5,-97.5));
#8892=CARTESIAN_POINT('',(-37.5,89.5,-97.5));
#8893=CARTESIAN_POINT('',(-37.5,69.75,-97.5));
#8894=CARTESIAN_POINT('',(-37.5,89.5,-96.));
#8895=CARTESIAN_POINT('',(-37.5,89.5,-97.5));
#8896=CARTESIAN_POINT('',(-37.5,69.75,-96.));
#8897=CARTESIAN_POINT('Origin',(-82.5,89.5,-97.5));
#8898=CARTESIAN_POINT('',(-82.5,89.5,-97.5));
#8899=CARTESIAN_POINT('',(-71.25,89.5,-97.5));
#8900=CARTESIAN_POINT('',(-82.5,89.5,-96.));
#8901=CARTESIAN_POINT('',(-82.5,89.5,-97.5));
#8902=CARTESIAN_POINT('',(-71.25,89.5,-96.));
#8903=CARTESIAN_POINT('Origin',(-82.5,10.5,-97.5));
#8904=CARTESIAN_POINT('',(-82.5,30.25,-97.5));
#8905=CARTESIAN_POINT('',(-82.5,30.25,-96.));
#8906=CARTESIAN_POINT('Origin',(-35.5,8.5,-97.5));
#8907=CARTESIAN_POINT('',(-35.5,8.49999999999999,-97.5));
#8908=CARTESIAN_POINT('',(-35.5,91.5,-97.5));
#8909=CARTESIAN_POINT('',(-35.5,29.25,-97.5));
#8910=CARTESIAN_POINT('',(-35.5,8.49999999999999,-97.5));
#8911=CARTESIAN_POINT('',(-35.5,29.25,-96.));
#8912=CARTESIAN_POINT('',(-35.5,91.5,-96.));
#8913=CARTESIAN_POINT('',(-35.5,29.25,-96.));
#8914=CARTESIAN_POINT('',(-35.5,91.5,-97.5));
#8915=CARTESIAN_POINT('Origin',(-84.5,8.49999999999999,-97.5));
#8916=CARTESIAN_POINT('',(-84.5,8.49999999999999,-97.5));
#8917=CARTESIAN_POINT('',(-72.25,8.49999999999999,-97.5));
#8918=CARTESIAN_POINT('',(-84.5,8.49999999999999,-97.5));
#8919=CARTESIAN_POINT('',(-72.25,8.49999999999999,-96.));
#8920=CARTESIAN_POINT('Origin',(-84.5,91.5,-97.5));
#8921=CARTESIAN_POINT('',(-84.5,91.5,-97.5));
#8922=CARTESIAN_POINT('',(-84.5,70.75,-97.5));
#8923=CARTESIAN_POINT('',(-84.5,91.5,-97.5));
#8924=CARTESIAN_POINT('',(-84.5,70.75,-96.));
#8925=CARTESIAN_POINT('',(-84.5,8.49999999999999,-96.));
#8926=CARTESIAN_POINT('',(-84.5,70.75,-96.));
#8927=CARTESIAN_POINT('Origin',(-35.5,91.5,-97.5));
#8928=CARTESIAN_POINT('',(-47.75,91.5,-97.5));
#8929=CARTESIAN_POINT('',(-47.75,91.5,-96.));
#8930=CARTESIAN_POINT('Origin',(-60.,50.,-96.));
#8931=CARTESIAN_POINT('Origin',(-60.,50.,-96.));
#8932=CARTESIAN_POINT('',(-94.6410161513775,45.,-96.));
#8933=CARTESIAN_POINT('Origin',(-60.,50.,-96.));
#8934=CARTESIAN_POINT('',(-116.,45.,-96.));
#8935=CARTESIAN_POINT('',(-88.,45.,-96.));
#8936=CARTESIAN_POINT('',(-116.,4.,-96.));
#8937=CARTESIAN_POINT('',(-116.,96.,-96.));
#8938=CARTESIAN_POINT('',(-3.99999999999999,4.,-96.));
#8939=CARTESIAN_POINT('',(-116.,4.,-96.));
#8940=CARTESIAN_POINT('',(-3.99999999999999,45.,-96.));
#8941=CARTESIAN_POINT('',(-3.99999999999999,4.,-96.));
#8942=CARTESIAN_POINT('',(-25.3589838486225,45.,-96.));
#8943=CARTESIAN_POINT('',(-42.6794919243112,44.9999999999999,-96.));
#8944=CARTESIAN_POINT('Origin',(-60.,50.,-96.));
#8945=CARTESIAN_POINT('Origin',(-60.,50.,-96.));
#8946=CARTESIAN_POINT('',(-10.8249043432741,96.,-96.));
#8947=CARTESIAN_POINT('',(-33.6847988110759,71.394887505276,-96.));
#8948=CARTESIAN_POINT('',(-109.175095656726,96.,-96.));
#8949=CARTESIAN_POINT('',(-3.99999999999999,96.,-96.));
#8950=CARTESIAN_POINT('',(-75.2579952887998,59.4935291926604,-96.));
#8951=CARTESIAN_POINT('Origin',(-60.,50.,-97.5));
#8952=CARTESIAN_POINT('',(-85.,92.,-97.5));
#8953=CARTESIAN_POINT('',(-85.,8.,-97.5));
#8954=CARTESIAN_POINT('',(-85.,7.99999999999999,-97.5));
#8955=CARTESIAN_POINT('',(-35.,92.,-97.5));
#8956=CARTESIAN_POINT('',(-85.,92.,-97.5));
#8957=CARTESIAN_POINT('',(-35.,8.,-97.5));
#8958=CARTESIAN_POINT('',(-35.,92.,-97.5));
#8959=CARTESIAN_POINT('',(-35.,8.,-97.5));
#8960=CARTESIAN_POINT('Origin',(-35.,92.,-100.));
#8961=CARTESIAN_POINT('',(-35.,92.,-100.));
#8962=CARTESIAN_POINT('',(-85.,92.,-100.));
#8963=CARTESIAN_POINT('',(-17.5,92.,-100.));
#8964=CARTESIAN_POINT('',(-35.,92.,-100.));
#8965=CARTESIAN_POINT('',(-85.,92.,-100.));
#8966=CARTESIAN_POINT('Origin',(-35.,7.99999999999999,-100.));
#8967=CARTESIAN_POINT('',(-35.,8.,-100.));
#8968=CARTESIAN_POINT('',(-35.,54.,-100.));
#8969=CARTESIAN_POINT('',(-35.,8.,-100.));
#8970=CARTESIAN_POINT('Origin',(-85.,8.,-100.));
#8971=CARTESIAN_POINT('',(-85.,8.,-100.));
#8972=CARTESIAN_POINT('',(-42.5,7.99999999999999,-100.));
#8973=CARTESIAN_POINT('',(-85.,8.,-100.));
#8974=CARTESIAN_POINT('Origin',(-85.,92.,-100.));
#8975=CARTESIAN_POINT('',(-85.,96.,-100.));
#8976=CARTESIAN_POINT('Origin',(-60.,50.,-97.5));
#8977=CARTESIAN_POINT('',(-82.,89.,-97.5));
#8978=CARTESIAN_POINT('',(-49.,89.,-97.5));
#8979=CARTESIAN_POINT('',(-82.,11.,-97.5));
#8980=CARTESIAN_POINT('',(-82.,69.5,-97.5));
#8981=CARTESIAN_POINT('',(-71.,11.,-97.5));
#8982=CARTESIAN_POINT('Origin',(-82.,89.,-100.));
#8983=CARTESIAN_POINT('',(-82.,11.,-100.));
#8984=CARTESIAN_POINT('',(-82.,89.,-100.));
#8985=CARTESIAN_POINT('Origin',(-38.,89.,-100.));
#8986=CARTESIAN_POINT('Origin',(-82.,11.,-94.));
#8987=CARTESIAN_POINT('',(-82.,89.,-94.));
#8988=CARTESIAN_POINT('',(-82.,11.,-94.));
#8989=CARTESIAN_POINT('',(-82.,89.,-94.1));
#8990=CARTESIAN_POINT('',(-82.,89.,-94.));
#8991=CARTESIAN_POINT('',(-82.,11.,-94.1));
#8992=CARTESIAN_POINT('Origin',(-60.,50.,-94.));
#8993=CARTESIAN_POINT('',(-38.,89.,-94.));
#8994=CARTESIAN_POINT('',(-38.,89.,-94.));
#8995=CARTESIAN_POINT('',(-82.,89.,-94.));
#8996=CARTESIAN_POINT('Origin',(-38.,89.,-94.));
#8997=CARTESIAN_POINT('',(-38.,22.7786848223676,-94.));
#8998=CARTESIAN_POINT('',(-38.,22.7786848223676,100.));
#8999=CARTESIAN_POINT('',(-38.,11.,-94.));
#9000=CARTESIAN_POINT('',(-38.,89.,-94.));
#9001=CARTESIAN_POINT('',(-38.,11.,-94.1));
#9002=CARTESIAN_POINT('',(-38.,11.,-94.));
#9003=CARTESIAN_POINT('',(-38.,89.,-94.1));
#9004=CARTESIAN_POINT('Origin',(-82.,89.,-94.));
#9005=CARTESIAN_POINT('',(-38.,89.,-94.1));
#9006=CARTESIAN_POINT('',(-38.,89.,-94.));
#9007=CARTESIAN_POINT('',(-82.,89.,-94.1));
#9008=CARTESIAN_POINT('Origin',(-82.,11.,-94.));
#9009=CARTESIAN_POINT('',(-82.,22.7786848223676,-94.));
#9010=CARTESIAN_POINT('',(-82.,22.7786848223676,100.));
#9011=CARTESIAN_POINT('',(-82.,11.,-94.1));
#9012=CARTESIAN_POINT('',(-82.,11.,-94.1));
#9013=CARTESIAN_POINT('',(-82.,11.,-94.));
#9014=CARTESIAN_POINT('',(-82.,11.,-94.));
#9015=CARTESIAN_POINT('',(-82.,11.,-94.));
#9016=CARTESIAN_POINT('Origin',(-38.,11.,-94.));
#9017=CARTESIAN_POINT('',(-38.,11.,-94.));
#9018=CARTESIAN_POINT('',(-38.,11.,-94.1));
#9019=CARTESIAN_POINT('Origin',(-38.,89.,-94.));
#9020=CARTESIAN_POINT('',(-38.,89.,-94.1));
#9021=CARTESIAN_POINT('Origin',(-60.,50.,-94.1));
#9022=CARTESIAN_POINT('Origin',(-60.,50.,-94.));
#9023=CARTESIAN_POINT('Origin',(-60.,50.,-94.));
#9024=CARTESIAN_POINT('Origin',(-82.,11.,-100.));
#9025=CARTESIAN_POINT('Origin',(-60.,50.,100.));
#9026=CARTESIAN_POINT('',(-25.3589838486225,45.,100.));
#9027=CARTESIAN_POINT('Origin',(-60.,50.,100.));
#9028=CARTESIAN_POINT('',(-94.6410161513775,45.,100.));
#9029=CARTESIAN_POINT('Origin',(-45.,140.,-59.));
#9030=CARTESIAN_POINT('',(-47.,96.,-59.));
#9031=CARTESIAN_POINT('',(-47.,140.,-59.));
#9032=CARTESIAN_POINT('',(-47.,134.515283505417,-59.));
#9033=CARTESIAN_POINT('',(-71.,140.,-59.));
#9034=CARTESIAN_POINT('',(-45.,140.,-59.));
#9035=CARTESIAN_POINT('',(-71.,96.,-59.));
#9036=CARTESIAN_POINT('',(-71.,96.,-59.));
#9037=CARTESIAN_POINT('',(-93.5,96.,-59.));
#9038=CARTESIAN_POINT('Origin',(-71.,129.030567010834,0.));
#9039=CARTESIAN_POINT('',(-71.,140.,59.));
#9040=CARTESIAN_POINT('Origin',(-71.,52.6634176440283,0.));
#9041=CARTESIAN_POINT('',(-71.,96.,59.));
#9042=CARTESIAN_POINT('',(-71.,140.,59.));
#9043=CARTESIAN_POINT('',(-71.,96.,51.));
#9044=CARTESIAN_POINT('',(-71.,96.,79.5));
#9045=CARTESIAN_POINT('',(-71.,96.,51.));
#9046=CARTESIAN_POINT('',(-71.,96.,-51.));
#9047=CARTESIAN_POINT('',(-71.,140.,-51.));
#9048=CARTESIAN_POINT('',(-71.,96.,24.5));
#9049=CARTESIAN_POINT('Origin',(-45.,140.,51.));
#9050=CARTESIAN_POINT('',(-47.,96.,51.));
#9051=CARTESIAN_POINT('',(-47.,134.515283505417,51.));
#9052=CARTESIAN_POINT('',(-93.5,96.,51.));
#9053=CARTESIAN_POINT('Origin',(-47.,129.030567010834,0.));
#9054=CARTESIAN_POINT('',(-47.,96.,-51.));
#9055=CARTESIAN_POINT('',(-47.,96.,-51.));
#9056=CARTESIAN_POINT('',(-47.,96.,59.));
#9057=CARTESIAN_POINT('',(-47.,96.,75.5));
#9058=CARTESIAN_POINT('',(-47.,140.,59.));
#9059=CARTESIAN_POINT('',(-47.,96.,59.));
#9060=CARTESIAN_POINT('Origin',(-47.,52.6634176440283,0.));
#9061=CARTESIAN_POINT('',(-47.,96.,20.5));
#9062=CARTESIAN_POINT('Origin',(-45.,100.,59.));
#9063=CARTESIAN_POINT('',(-45.,140.,59.));
#9064=CARTESIAN_POINT('',(-81.5,96.,59.));
#9065=CARTESIAN_POINT('Origin',(-45.,52.6634176440283,0.));
#9066=CARTESIAN_POINT('Origin',(-45.,100.,-51.));
#9067=CARTESIAN_POINT('',(-81.5,96.,-51.));
#9068=CARTESIAN_POINT('Origin',(-60.,50.,100.));
#9069=CARTESIAN_POINT('',(-25.,50.,100.));
#9070=CARTESIAN_POINT('Origin',(-116.,96.,100.));
#9071=CARTESIAN_POINT('',(-109.175095656726,96.,100.));
#9072=CARTESIAN_POINT('',(-10.8249043432741,96.,100.));
#9073=CARTESIAN_POINT('Origin',(-116.,4.,100.));
#9074=CARTESIAN_POINT('',(-116.,45.,100.));
#9075=CARTESIAN_POINT('',(-116.,4.,100.));
#9076=CARTESIAN_POINT('Origin',(-116.,4.,100.));
#9077=CARTESIAN_POINT('',(-116.,88.6540544896864,-96.));
#9078=CARTESIAN_POINT('',(-116.,88.6540544896864,100.));
#9079=CARTESIAN_POINT('',(-116.,55.,-96.));
#9080=CARTESIAN_POINT('',(-116.,55.,100.));
#9081=CARTESIAN_POINT('',(-116.,96.,-96.));
#9082=CARTESIAN_POINT('Origin',(0.,0.,100.));
#9083=CARTESIAN_POINT('Origin',(-60.,50.,100.));
#9084=CARTESIAN_POINT('Origin',(-60.,50.,100.));
#9085=CARTESIAN_POINT('',(-90.,50.,100.));
#9086=CARTESIAN_POINT('Origin',(-60.,50.,100.));
#9087=CARTESIAN_POINT('Origin',(-60.,50.,-96.));
#9088=CARTESIAN_POINT('',(-3.99999999999999,88.6540544896864,-96.));
#9089=CARTESIAN_POINT('',(-27.6041186618138,63.2479006760378,-96.));
#9090=CARTESIAN_POINT('',(-38.411350967291,51.6155999667138,-96.));
#9091=CARTESIAN_POINT('',(-25.3589838486225,55.,-96.));
#9092=CARTESIAN_POINT('Origin',(-60.,50.,-96.));
#9093=CARTESIAN_POINT('',(-3.99999999999999,55.,-96.));
#9094=CARTESIAN_POINT('',(-32.,54.9999999999999,-96.));
#9095=CARTESIAN_POINT('',(-3.99999999999999,4.,-96.));
#9096=CARTESIAN_POINT('Origin',(-60.,50.,-96.));
#9097=CARTESIAN_POINT('',(-92.3958813381861,63.2479006760378,-96.));
#9098=CARTESIAN_POINT('',(-93.3907083636159,64.3186768735381,-96.));
#9099=CARTESIAN_POINT('',(-94.6410161513776,55.,-96.));
#9100=CARTESIAN_POINT('',(-77.3205080756888,55.,-96.));
#9101=CARTESIAN_POINT('Origin',(-60.,50.,-96.));
#9102=CARTESIAN_POINT('Origin',(-60.,50.,100.));
#9103=CARTESIAN_POINT('',(-27.6041186618139,63.2479006760378,100.));
#9104=CARTESIAN_POINT('',(-25.3589838486225,55.,100.));
#9105=CARTESIAN_POINT('Origin',(-3.99999999999999,96.,100.));
#9106=CARTESIAN_POINT('',(-3.99999999999999,45.,100.));
#9107=CARTESIAN_POINT('',(-3.99999999999999,4.,100.));
#9108=CARTESIAN_POINT('Origin',(-3.99999999999999,96.,100.));
#9109=CARTESIAN_POINT('',(-3.99999999999998,88.6540544896864,100.));
#9110=CARTESIAN_POINT('',(-3.99999999999999,55.,100.));
#9111=CARTESIAN_POINT('Origin',(-0.336944996945303,92.5967621234189,100.));
#9112=CARTESIAN_POINT('Origin',(-95.,45.,100.));
#9113=CARTESIAN_POINT('Origin',(-116.,55.,100.));
#9114=CARTESIAN_POINT('',(-94.6410161513776,55.,100.));
#9115=CARTESIAN_POINT('Origin',(-112.336944996945,99.4032378765811,100.));
#9116=CARTESIAN_POINT('Origin',(-33.6584204695086,71.4232796775408,100.));
#9117=CARTESIAN_POINT('Origin',(-116.,55.,100.));
#9118=CARTESIAN_POINT('Origin',(-93.6676895366007,64.6168039243787,100.));
#9119=CARTESIAN_POINT('',(-92.3958813381861,63.2479006760378,100.));
#9120=CARTESIAN_POINT('Origin',(-95.,45.,100.));
#9121=CARTESIAN_POINT('Origin',(0.,100.,100.));
#9122=CARTESIAN_POINT('',(0.,100.,-100.));
#9123=CARTESIAN_POINT('',(0.,100.,-100.));
#9124=CARTESIAN_POINT('',(-120.,100.,-100.));
#9125=CARTESIAN_POINT('',(0.,100.,-100.));
#9126=CARTESIAN_POINT('',(-120.,100.,100.));
#9127=CARTESIAN_POINT('',(-45.,100.,50.));
#9128=CARTESIAN_POINT('',(-45.,100.,60.));
#9129=CARTESIAN_POINT('',(-45.,100.,50.));
#9130=CARTESIAN_POINT('',(-75.,100.,60.));
#9131=CARTESIAN_POINT('',(-22.5,100.,60.));
#9132=CARTESIAN_POINT('',(-75.,100.,50.));
#9133=CARTESIAN_POINT('',(-75.,100.,50.));
#9134=CARTESIAN_POINT('',(-22.5,100.,50.));
#9135=CARTESIAN_POINT('',(-45.,100.,-60.));
#9136=CARTESIAN_POINT('',(-45.,100.,-50.));
#9137=CARTESIAN_POINT('',(-45.,100.,50.));
#9138=CARTESIAN_POINT('',(-75.,100.,-50.));
#9139=CARTESIAN_POINT('',(-22.5,100.,-50.));
#9140=CARTESIAN_POINT('',(-75.,100.,-60.));
#9141=CARTESIAN_POINT('',(-75.,100.,50.));
#9142=CARTESIAN_POINT('',(-22.5,100.,-60.));
#9143=CARTESIAN_POINT('Origin',(-120.,50.,0.));
#9144=CARTESIAN_POINT('',(-120.,0.,-100.));
#9145=CARTESIAN_POINT('Origin',(-60.,50.,100.));
#9146=CARTESIAN_POINT('Origin',(-3.99999999999999,4.,100.));
#9147=CARTESIAN_POINT('Origin',(-45.,92.4851774919524,-22.2990678490998));
#9148=CARTESIAN_POINT('',(-75.,140.,-50.));
#9149=CARTESIAN_POINT('',(-75.,147.354024910151,-26.0950635022141));
#9150=CARTESIAN_POINT('Origin',(-75.,92.4851774919524,-22.2990678490998));
#9151=CARTESIAN_POINT('',(-45.,140.,-50.));
#9152=CARTESIAN_POINT('',(-45.,140.,-50.));
#9153=CARTESIAN_POINT('',(-45.,147.354024910151,-26.0950635022141));
#9154=CARTESIAN_POINT('Origin',(-45.,92.4851774919524,-22.2990678490998));
#9155=CARTESIAN_POINT('',(-45.,147.354024910151,-26.0950635022142));
#9156=CARTESIAN_POINT('Origin',(-45.,97.319311453623,23.9546774793023));
#9157=CARTESIAN_POINT('',(-75.,147.249205785403,26.6014967057159));
#9158=CARTESIAN_POINT('',(-75.,140.,50.));
#9159=CARTESIAN_POINT('Origin',(-75.,97.319311453623,23.9546774793023));
#9160=CARTESIAN_POINT('',(-45.,147.249205785403,26.6014967057162));
#9161=CARTESIAN_POINT('',(-45.,147.249205785403,26.6014967057159));
#9162=CARTESIAN_POINT('',(-45.,140.,50.));
#9163=CARTESIAN_POINT('Origin',(-45.,97.319311453623,23.9546774793023));
#9164=CARTESIAN_POINT('',(-45.,140.,50.));
#9165=CARTESIAN_POINT('Origin',(-45.,100.494138102487,-7.76843944341731));
#9166=CARTESIAN_POINT('',(-75.,147.740404065567,-24.1327406061904));
#9167=CARTESIAN_POINT('',(-75.,149.997885725554,-0.74142220480808));
#9168=CARTESIAN_POINT('Origin',(-75.,100.494138102487,-7.76843944341731));
#9169=CARTESIAN_POINT('',(-45.,147.740404065567,-24.1327406061901));
#9170=CARTESIAN_POINT('',(-45.,147.740404065567,-24.1327406061902));
#9171=CARTESIAN_POINT('',(-45.,149.997885725554,-0.741422204808293));
#9172=CARTESIAN_POINT('Origin',(-45.,100.494138102487,-7.76843944341731));
#9173=CARTESIAN_POINT('',(-45.,149.997885725554,-0.741422204808289));
#9174=CARTESIAN_POINT('Origin',(-45.,100.46259674652,8.08859969681277));
#9175=CARTESIAN_POINT('',(-75.,149.993907518363,1.25857383865484));
#9176=CARTESIAN_POINT('',(-75.,147.643388394988,24.6407264309773));
#9177=CARTESIAN_POINT('Origin',(-75.,100.46259674652,8.08859969681277));
#9178=CARTESIAN_POINT('',(-45.,149.993907518363,1.25857383865467));
#9179=CARTESIAN_POINT('',(-45.,149.993907518363,1.25857383865484));
#9180=CARTESIAN_POINT('',(-45.,147.643388394988,24.6407264309771));
#9181=CARTESIAN_POINT('Origin',(-45.,100.46259674652,8.08859969681277));
#9182=CARTESIAN_POINT('',(-45.,147.643388394988,24.6407264309773));
#9183=CARTESIAN_POINT('Origin',(-45.,130.,0.));
#9184=CARTESIAN_POINT('',(-45.,140.,-50.));
#9185=CARTESIAN_POINT('',(-45.,140.,-60.));
#9186=CARTESIAN_POINT('',(-45.,100.,-60.));
#9187=CARTESIAN_POINT('',(-45.,140.,60.));
#9188=CARTESIAN_POINT('Origin',(-45.,60.,0.));
#9189=CARTESIAN_POINT('',(-45.,140.,60.));
#9190=CARTESIAN_POINT('',(-45.,100.,50.));
#9191=CARTESIAN_POINT('Origin',(-45.,20.,0.));
#9192=CARTESIAN_POINT('Origin',(-45.,20.,0.));
#9193=CARTESIAN_POINT('Origin',(-45.,20.,0.));
#9194=CARTESIAN_POINT('Origin',(-45.,20.,0.));
#9195=CARTESIAN_POINT('Origin',(-75.,20.,0.));
#9196=CARTESIAN_POINT('Origin',(-45.,20.,0.));
#9197=CARTESIAN_POINT('Origin',(-75.,20.,0.));
#9198=CARTESIAN_POINT('Origin',(-45.,20.,0.));
#9199=CARTESIAN_POINT('Origin',(-75.,20.,0.));
#9200=CARTESIAN_POINT('Origin',(-45.,140.,50.));
#9201=CARTESIAN_POINT('',(-75.,100.,50.));
#9202=CARTESIAN_POINT('Origin',(-45.,100.,-50.));
#9203=CARTESIAN_POINT('',(-75.,140.,-50.));
#9204=CARTESIAN_POINT('Origin',(-45.,140.,-60.));
#9205=CARTESIAN_POINT('',(-75.,140.,-60.));
#9206=CARTESIAN_POINT('',(-75.,100.,-60.));
#9207=CARTESIAN_POINT('',(-45.,140.,-60.));
#9208=CARTESIAN_POINT('Origin',(-45.,60.,0.));
#9209=CARTESIAN_POINT('',(-75.,140.,60.));
#9210=CARTESIAN_POINT('Origin',(-75.,60.,0.));
#9211=CARTESIAN_POINT('',(-45.,140.,60.));
#9212=CARTESIAN_POINT('Origin',(-45.,100.,60.));
#9213=CARTESIAN_POINT('',(-75.,140.,60.));
#9214=CARTESIAN_POINT('Origin',(-75.,130.,0.));
#9215=CARTESIAN_POINT('Origin',(-60.,50.,100.));
#9216=CARTESIAN_POINT('',(-90.,50.,-55.));
#9217=CARTESIAN_POINT('',(-90.,50.,100.));
#9218=CARTESIAN_POINT('Origin',(-60.,50.,-55.));
#9219=CARTESIAN_POINT('Origin',(-60.,50.,-55.));
#9220=CARTESIAN_POINT('Origin',(0.,100.,-100.));
#9221=CARTESIAN_POINT('',(0.,0.,-100.));
#9222=CARTESIAN_POINT('Origin',(0.,50.,0.));
#9223=CARTESIAN_POINT('',(0.,5.6,0.));
#9224=CARTESIAN_POINT('',(0.,9.,0.));
#9225=CARTESIAN_POINT('',(0.,0.,0.));
#9226=CARTESIAN_POINT('Origin',(0.,0.,0.));
#9227=CARTESIAN_POINT('',(30.,155.,-3.67394039744206E-15));
#9228=CARTESIAN_POINT('Origin',(0.,155.,0.));
#9229=CARTESIAN_POINT('',(30.,0.,-3.67394039744206E-15));
#9230=CARTESIAN_POINT('',(30.,0.,-3.67394039744206E-15));
#9231=CARTESIAN_POINT('Origin',(0.,0.,0.));
#9232=CARTESIAN_POINT('Origin',(0.,155.,0.));
#9233=CARTESIAN_POINT('Origin',(0.,0.,0.));
#9234=CARTESIAN_POINT('',(0.,0.,0.));
#9235=CARTESIAN_POINT('Origin',(-0.1,47.5302611415936,-19.1901816364276));
#9236=CARTESIAN_POINT('',(-0.1,47.5302611415936,-20.6901816364276));
#9237=CARTESIAN_POINT('',(-0.1,47.5302611415936,-19.1901816364276));
#9238=CARTESIAN_POINT('',(-0.1,47.5302611415936,-20.5263506811507));
#9239=CARTESIAN_POINT('',(0.,47.5302611415936,-20.6901816364276));
#9240=CARTESIAN_POINT('',(-0.1,47.5302611415936,-20.6901816364276));
#9241=CARTESIAN_POINT('',(0.,47.5302611415936,-19.1901816364276));
#9242=CARTESIAN_POINT('',(0.,47.5302611415936,-19.1901816364276));
#9243=CARTESIAN_POINT('',(-0.1,47.5302611415936,-19.1901816364276));
#9244=CARTESIAN_POINT('Origin',(-0.1,50.9310235509585,-22.0494095093718));
#9245=CARTESIAN_POINT('',(-0.1,50.9310235509585,-22.0494095093718));
#9246=CARTESIAN_POINT('',(-0.1,49.3213867704909,-20.6960899315749));
#9247=CARTESIAN_POINT('',(0.,50.9310235509585,-22.0494095093718));
#9248=CARTESIAN_POINT('',(0.,50.9310235509585,-22.0494095093718));
#9249=CARTESIAN_POINT('',(-0.1,50.9310235509585,-22.0494095093718));
#9250=CARTESIAN_POINT('Origin',(-0.1,47.5302611415936,-24.8107668228897));
#9251=CARTESIAN_POINT('',(-0.1,47.5302611415936,-24.8107668228897));
#9252=CARTESIAN_POINT('',(-0.1,47.6679400857252,-24.6989740207086));
#9253=CARTESIAN_POINT('',(0.,47.5302611415936,-24.8107668228897));
#9254=CARTESIAN_POINT('',(0.,47.5302611415936,-24.8107668228897));
#9255=CARTESIAN_POINT('',(-0.1,47.5302611415936,-24.8107668228897));
#9256=CARTESIAN_POINT('Origin',(-0.1,47.5302611415936,-23.3107668228897));
#9257=CARTESIAN_POINT('',(-0.1,47.5302611415936,-23.3107668228897));
#9258=CARTESIAN_POINT('',(-0.1,47.5302611415936,-22.5866432743818));
#9259=CARTESIAN_POINT('',(0.,47.5302611415936,-23.3107668228897));
#9260=CARTESIAN_POINT('',(0.,47.5302611415936,-23.3107668228897));
#9261=CARTESIAN_POINT('',(-0.1,47.5302611415936,-23.3107668228897));
#9262=CARTESIAN_POINT('Origin',(-0.1,40.9632825020834,-23.3107668228897));
#9263=CARTESIAN_POINT('',(-0.1,40.9632825020834,-23.3107668228897));
#9264=CARTESIAN_POINT('',(-0.1,43.2782629418985,-23.3107668228897));
#9265=CARTESIAN_POINT('',(0.,40.9632825020834,-23.3107668228897));
#9266=CARTESIAN_POINT('',(0.,40.9632825020834,-23.3107668228897));
#9267=CARTESIAN_POINT('',(-0.05,40.9632825020834,-23.3107668228897));
#9268=CARTESIAN_POINT('Origin',(-0.1,40.9632825020834,-20.6901816364276));
#9269=CARTESIAN_POINT('',(-0.1,40.9632825020834,-20.6901816364276));
#9270=CARTESIAN_POINT('',(-0.1,40.9632825020834,-21.2763506811507));
#9271=CARTESIAN_POINT('',(0.,40.9632825020834,-20.6901816364276));
#9272=CARTESIAN_POINT('',(0.,40.9632825020834,-20.6901816364276));
#9273=CARTESIAN_POINT('',(-0.05,40.9632825020834,-20.6901816364276));
#9274=CARTESIAN_POINT('Origin',(-0.1,47.5302611415936,-20.6901816364276));
#9275=CARTESIAN_POINT('',(-0.1,46.5617522616536,-20.6901816364276));
#9276=CARTESIAN_POINT('',(0.,47.5302611415936,-20.6901816364276));
#9277=CARTESIAN_POINT('Origin',(0.,45.9471530265209,-22.0004742296586));
#9278=CARTESIAN_POINT('Origin',(0.,49.8707318249292,-29.3189172544915));
#9279=CARTESIAN_POINT('',(-0.05,40.9632825020834,-23.3107668228897));
#9280=CARTESIAN_POINT('',(-0.1,39.0932433817137,-22.0494095093718));
#9281=CARTESIAN_POINT('',(-0.1,39.0932433817137,-22.0494095093718));
#9282=CARTESIAN_POINT('',(0.,39.0932433817137,-22.0494095093718));
#9283=CARTESIAN_POINT('',(0.,39.0932433817137,-22.0494095093718));
#9284=CARTESIAN_POINT('',(0.,44.4384914366595,-25.6548248470682));
#9285=CARTESIAN_POINT('Origin',(-0.1,45.5932433817136,-21.8625197258739));
#9286=CARTESIAN_POINT('',(-0.1,49.8707318249292,-29.3189172544915));
#9287=CARTESIAN_POINT('',(-0.1,39.0932433817137,-22.0494095093718));
#9288=CARTESIAN_POINT('',(-0.1,49.6089534891887,-14.4061221972562));
#9289=CARTESIAN_POINT('Origin',(-0.1,39.0932433817136,-22.0494095093718));
#9290=CARTESIAN_POINT('',(-0.1,49.6089534891887,-14.4061221972562));
#9291=CARTESIAN_POINT('Origin',(-0.1,45.5932433817136,-21.8625197258739));
#9292=CARTESIAN_POINT('',(-0.1,49.6089534891887,-14.4061221972562));
#9293=CARTESIAN_POINT('Origin',(0.,39.0932433817137,-22.0494095093718));
#9294=CARTESIAN_POINT('',(-0.05,40.9632825020834,-20.6901816364276));
#9295=CARTESIAN_POINT('',(0.,49.6089534891887,-14.4061221972562));
#9296=CARTESIAN_POINT('',(0.,49.6089534891887,-14.4061221972562));
#9297=CARTESIAN_POINT('',(0.,39.0744871724125,-22.063042359185));
#9298=CARTESIAN_POINT('Origin',(0.,37.9919854180636,-5.96567169385821));
#9299=CARTESIAN_POINT('',(0.,37.9919854180636,-5.96567169385821));
#9300=CARTESIAN_POINT('',(0.,37.9919854180636,-38.1331473248854));
#9301=CARTESIAN_POINT('',(0.,37.9919854180636,-13.9828358469291));
#9302=CARTESIAN_POINT('',(-0.1,37.9919854180636,-5.96567169385821));
#9303=CARTESIAN_POINT('',(0.,37.9919854180636,-5.96567169385821));
#9304=CARTESIAN_POINT('',(-0.1,37.9919854180636,-38.1331473248854));
#9305=CARTESIAN_POINT('',(-0.1,37.9919854180636,-39.1331473248854));
#9306=CARTESIAN_POINT('',(0.,37.9919854180636,-38.1331473248854));
#9307=CARTESIAN_POINT('Origin',(0.,39.0932433817137,-22.0494095093718));
#9308=CARTESIAN_POINT('Origin',(0.,39.0932433817137,-22.0494095093718));
#9309=CARTESIAN_POINT('Origin',(-0.1,39.0932433817137,-22.0494095093718));
#9310=CARTESIAN_POINT('Origin',(0.,37.9919854180636,-39.1331473248854));
#9311=CARTESIAN_POINT('',(0.,37.9919854180636,-39.1331473248854));
#9312=CARTESIAN_POINT('',(0.,36.9919854180636,-39.1331473248854));
#9313=CARTESIAN_POINT('',(0.,38.4959927090318,-39.1331473248854));
#9314=CARTESIAN_POINT('',(-0.1,37.9919854180636,-39.1331473248854));
#9315=CARTESIAN_POINT('',(0.,37.9919854180636,-39.1331473248854));
#9316=CARTESIAN_POINT('',(-0.1,36.9919854180636,-39.1331473248854));
#9317=CARTESIAN_POINT('',(-0.1,36.9919854180636,-39.1331473248854));
#9318=CARTESIAN_POINT('',(0.,36.9919854180636,-39.1331473248854));
#9319=CARTESIAN_POINT('Origin',(0.,39.0932433817137,-22.0494095093718));
#9320=CARTESIAN_POINT('',(0.,37.9919854180636,-4.96567169385821));
#9321=CARTESIAN_POINT('Origin',(0.,39.0932433817137,-22.0494095093718));
#9322=CARTESIAN_POINT('',(-0.1,37.9919854180636,-4.96567169385821));
#9323=CARTESIAN_POINT('',(0.,37.9919854180636,-4.96567169385821));
#9324=CARTESIAN_POINT('Origin',(-0.1,39.0932433817137,-22.0494095093718));
#9325=CARTESIAN_POINT('Origin',(0.,36.9919854180636,-4.96567169385821));
#9326=CARTESIAN_POINT('',(0.,36.9919854180636,-4.96567169385821));
#9327=CARTESIAN_POINT('',(0.,37.9959927090318,-4.96567169385821));
#9328=CARTESIAN_POINT('',(-0.1,36.9919854180636,-4.96567169385821));
#9329=CARTESIAN_POINT('',(0.,36.9919854180636,-4.96567169385821));
#9330=CARTESIAN_POINT('',(-0.1,37.9919854180636,-4.96567169385821));
#9331=CARTESIAN_POINT('Origin',(0.,36.9919854180636,-39.1331473248854));
#9332=CARTESIAN_POINT('',(0.,36.9919854180636,-30.5665736624427));
#9333=CARTESIAN_POINT('',(-0.1,36.9919854180636,-4.96567169385821));
#9334=CARTESIAN_POINT('Origin',(-0.1,46.6022123292851,-22.0494095093718));
#9335=CARTESIAN_POINT('Origin',(0.,39.0932433817137,-22.0494095093718));
#9336=CARTESIAN_POINT('',(0.,39.0744871724125,-22.063042359185));
#9337=CARTESIAN_POINT('',(0.,39.0932433817137,-22.0494095093718));
#9338=CARTESIAN_POINT('Origin',(0.,49.8707318249292,-29.3189172544915));
#9339=CARTESIAN_POINT('',(0.,49.8707318249292,-29.3189172544915));
#9340=CARTESIAN_POINT('',(0.,44.4384914366595,-25.6548248470682));
#9341=CARTESIAN_POINT('',(0.,49.8707318249292,-29.3189172544915));
#9342=CARTESIAN_POINT('Origin',(0.,39.0932433817136,-22.0494095093718));
#9343=CARTESIAN_POINT('Origin',(0.,39.0932433817136,-22.0494095093718));
#9344=CARTESIAN_POINT('Origin',(0.,39.0932433817137,-22.0494095093718));
#9345=CARTESIAN_POINT('',(0.,39.0932433817137,-9.0494095093718));
#9346=CARTESIAN_POINT('',(0.,39.0932433817137,-22.0247047546859));
#9347=CARTESIAN_POINT('',(0.,39.0932433817137,-22.0494095093718));
#9348=CARTESIAN_POINT('',(-0.1,39.0932433817137,-9.0494095093718));
#9349=CARTESIAN_POINT('',(-0.1,39.0932433817137,-9.0494095093718));
#9350=CARTESIAN_POINT('',(0.,39.0932433817137,-9.0494095093718));
#9351=CARTESIAN_POINT('Origin',(0.,49.0518211422604,-13.6931705834468));
#9352=CARTESIAN_POINT('',(0.,49.0518211422604,-13.6931705834468));
#9353=CARTESIAN_POINT('',(0.,44.0573382477055,-17.884039338189));
#9354=CARTESIAN_POINT('',(-0.1,49.0518211422604,-13.6931705834468));
#9355=CARTESIAN_POINT('',(0.,49.0518211422604,-13.6931705834468));
#9356=CARTESIAN_POINT('',(-0.1,39.0932433817137,-22.0494095093718));
#9357=CARTESIAN_POINT('Origin',(0.,41.6149588120659,-16.6415733174257));
#9358=CARTESIAN_POINT('Origin',(0.,41.6149588120659,-16.6415733174257));
#9359=CARTESIAN_POINT('Origin',(-0.1,41.6149588120659,-16.6415733174257));
#9360=CARTESIAN_POINT('Origin',(-0.1,44.072532261987,-15.3454914133988));
#9361=CARTESIAN_POINT('Origin',(0.,39.0932433817137,-35.0494095093718));
#9362=CARTESIAN_POINT('',(0.,39.0932433817137,-35.0494095093718));
#9363=CARTESIAN_POINT('',(0.,39.0932433817137,-28.5247047546859));
#9364=CARTESIAN_POINT('',(-0.1,39.0932433817137,-35.0494095093718));
#9365=CARTESIAN_POINT('',(0.,39.0932433817137,-35.0494095093718));
#9366=CARTESIAN_POINT('',(-0.1,39.0932433817137,-22.0494095093718));
#9367=CARTESIAN_POINT('Origin',(0.,41.6149588120659,-27.4572457013179));
#9368=CARTESIAN_POINT('',(0.,49.0518211422604,-30.4056484352968));
#9369=CARTESIAN_POINT('Origin',(0.,41.6149588120659,-27.4572457013179));
#9370=CARTESIAN_POINT('',(-0.1,49.0518211422604,-30.4056484352968));
#9371=CARTESIAN_POINT('',(0.,49.0518211422604,-30.4056484352968));
#9372=CARTESIAN_POINT('Origin',(-0.1,41.6149588120659,-27.4572457013179));
#9373=CARTESIAN_POINT('Origin',(0.,39.0932433817137,-22.0494095093718));
#9374=CARTESIAN_POINT('',(0.,39.0537199334813,-22.0162453985371));
#9375=CARTESIAN_POINT('',(-0.1,49.0518211422604,-30.4056484352968));
#9376=CARTESIAN_POINT('Origin',(-0.1,44.072532261987,-28.7533276053449));
#9377=CARTESIAN_POINT('Origin',(0.,39.,-22.));
#9378=CARTESIAN_POINT('',(0.,0.,0.));
#9379=CARTESIAN_POINT('',(0.,0.,-44.));
#9380=CARTESIAN_POINT('',(0.,0.,0.));
#9381=CARTESIAN_POINT('',(0.,78.,-44.));
#9382=CARTESIAN_POINT('',(0.,0.,-44.));
#9383=CARTESIAN_POINT('',(0.,78.,0.));
#9384=CARTESIAN_POINT('',(0.,78.,-44.));
#9385=CARTESIAN_POINT('',(0.,78.,0.));
#9386=CARTESIAN_POINT('Origin',(0.,78.,-44.));
#9387=CARTESIAN_POINT('',(-3.4,0.,-44.));
#9388=CARTESIAN_POINT('',(0.,0.,-44.));
#9389=CARTESIAN_POINT('',(-3.4,78.,-44.));
#9390=CARTESIAN_POINT('',(-3.4,0.,-44.));
#9391=CARTESIAN_POINT('',(0.,78.,-44.));
#9392=CARTESIAN_POINT('Origin',(0.,78.,0.));
#9393=CARTESIAN_POINT('',(-3.4,78.,0.));
#9394=CARTESIAN_POINT('',(-3.4,78.,-44.));
#9395=CARTESIAN_POINT('',(0.,78.,0.));
#9396=CARTESIAN_POINT('Origin',(0.,0.,0.));
#9397=CARTESIAN_POINT('',(-3.4,0.,0.));
#9398=CARTESIAN_POINT('',(-3.4,78.,0.));
#9399=CARTESIAN_POINT('',(0.,0.,0.));
#9400=CARTESIAN_POINT('Origin',(0.,0.,-44.));
#9401=CARTESIAN_POINT('',(-3.4,0.,0.));
#9402=CARTESIAN_POINT('Origin',(0.,39.,-22.));
#9403=CARTESIAN_POINT('Origin',(-3.4,39.,-22.));
#9404=CARTESIAN_POINT('',(0.,0.,0.));
#9405=CARTESIAN_POINT('',(0.,0.,0.));
#9406=CARTESIAN_POINT('Origin',(2.5,82.0000000000001,-1.99999999999999));
#9407=CARTESIAN_POINT('',(2.5,82.0000000000001,-48.));
#9408=CARTESIAN_POINT('',(2.5,82.0000000000001,-1.99999999999999));
#9409=CARTESIAN_POINT('',(2.5,82.0000000000001,-13.5));
#9410=CARTESIAN_POINT('',(3.5,82.0000000000001,-48.));
#9411=CARTESIAN_POINT('',(2.5,82.0000000000001,-48.));
#9412=CARTESIAN_POINT('',(3.5,82.0000000000001,-1.99999999999999));
#9413=CARTESIAN_POINT('',(3.5,82.0000000000001,-1.99999999999999));
#9414=CARTESIAN_POINT('',(2.5,82.0000000000001,-1.99999999999999));
#9415=CARTESIAN_POINT('Origin',(2.5,2.,-1.9999999999999));
#9416=CARTESIAN_POINT('',(2.5,2.,-1.9999999999999));
#9417=CARTESIAN_POINT('',(2.5,22.,-1.9999999999999));
#9418=CARTESIAN_POINT('',(3.5,2.,-1.9999999999999));
#9419=CARTESIAN_POINT('',(3.5,2.,-1.9999999999999));
#9420=CARTESIAN_POINT('',(2.5,2.,-1.9999999999999));
#9421=CARTESIAN_POINT('Origin',(2.5,2.,-48.));
#9422=CARTESIAN_POINT('',(2.5,2.,-48.));
#9423=CARTESIAN_POINT('',(2.5,2.,-36.5));
#9424=CARTESIAN_POINT('',(3.5,2.,-48.));
#9425=CARTESIAN_POINT('',(3.5,2.,-48.));
#9426=CARTESIAN_POINT('',(2.5,2.,-48.));
#9427=CARTESIAN_POINT('Origin',(2.5,82.0000000000001,-48.));
#9428=CARTESIAN_POINT('',(2.5,62.0000000000001,-48.));
#9429=CARTESIAN_POINT('',(3.5,82.0000000000001,-48.));
#9430=CARTESIAN_POINT('Origin',(2.5,1.24999999999999,-1.25));
#9431=CARTESIAN_POINT('',(2.5,1.25000000000022,-48.7500000000004));
#9432=CARTESIAN_POINT('',(2.5,1.24999999999999,-1.25));
#9433=CARTESIAN_POINT('',(2.5,1.25000000000005,-13.1250000000001));
#9434=CARTESIAN_POINT('',(3.5,1.25000000000022,-48.7500000000004));
#9435=CARTESIAN_POINT('',(2.5,1.25000000000022,-48.7500000000004));
#9436=CARTESIAN_POINT('',(3.5,1.24999999999999,-1.25));
#9437=CARTESIAN_POINT('',(3.5,1.24999999999999,-1.25));
#9438=CARTESIAN_POINT('',(2.5,1.24999999999999,-1.25));
#9439=CARTESIAN_POINT('Origin',(2.5,82.7500000000001,-1.25));
#9440=CARTESIAN_POINT('',(2.5,82.7500000000001,-1.25));
#9441=CARTESIAN_POINT('',(2.5,62.375,-1.25));
#9442=CARTESIAN_POINT('',(3.5,82.7500000000001,-1.25));
#9443=CARTESIAN_POINT('',(3.5,82.7500000000001,-1.25));
#9444=CARTESIAN_POINT('',(2.5,82.7500000000001,-1.25));
#9445=CARTESIAN_POINT('Origin',(2.5,82.7500000000001,-48.75));
#9446=CARTESIAN_POINT('',(2.5,82.7500000000001,-48.75));
#9447=CARTESIAN_POINT('',(2.5,82.7500000000001,-36.875));
#9448=CARTESIAN_POINT('',(3.5,82.7500000000001,-48.75));
#9449=CARTESIAN_POINT('',(3.5,82.7500000000001,-48.75));
#9450=CARTESIAN_POINT('',(2.5,82.7500000000001,-48.75));
#9451=CARTESIAN_POINT('Origin',(2.5,1.25000000000022,-48.7500000000004));
#9452=CARTESIAN_POINT('',(2.5,21.6250000000002,-48.7500000000003));
#9453=CARTESIAN_POINT('',(3.5,1.25000000000022,-48.7500000000004));
#9454=CARTESIAN_POINT('Origin',(3.5,42.,-25.0000000000002));
#9455=CARTESIAN_POINT('Origin',(2.5,42.,-25.));
#9456=CARTESIAN_POINT('',(2.5,0.,0.));
#9457=CARTESIAN_POINT('',(2.5,0.,-50.));
#9458=CARTESIAN_POINT('',(2.5,0.,0.));
#9459=CARTESIAN_POINT('',(2.5,84.,-50.));
#9460=CARTESIAN_POINT('',(2.5,0.,-50.));
#9461=CARTESIAN_POINT('',(2.5,84.,0.));
#9462=CARTESIAN_POINT('',(2.5,84.,-50.));
#9463=CARTESIAN_POINT('',(2.5,84.,0.));
#9464=CARTESIAN_POINT('Origin',(0.,84.,0.));
#9465=CARTESIAN_POINT('',(0.,84.,0.));
#9466=CARTESIAN_POINT('',(0.,0.,0.));
#9467=CARTESIAN_POINT('',(0.,84.,0.));
#9468=CARTESIAN_POINT('',(0.,0.,0.));
#9469=CARTESIAN_POINT('',(0.,84.,0.));
#9470=CARTESIAN_POINT('Origin',(0.,84.,-50.));
#9471=CARTESIAN_POINT('',(0.,84.,-50.));
#9472=CARTESIAN_POINT('',(0.,84.,-50.));
#9473=CARTESIAN_POINT('',(0.,84.,-50.));
#9474=CARTESIAN_POINT('Origin',(0.,0.,-50.));
#9475=CARTESIAN_POINT('',(0.,0.,-50.));
#9476=CARTESIAN_POINT('',(0.,0.,-50.));
#9477=CARTESIAN_POINT('',(0.,0.,-50.));
#9478=CARTESIAN_POINT('Origin',(0.,0.,0.));
#9479=CARTESIAN_POINT('',(0.,0.,0.));
#9480=CARTESIAN_POINT('Origin',(2.5,42.,-25.));
#9481=CARTESIAN_POINT('Origin',(0.,42.,-25.));
#9482=CARTESIAN_POINT('',(0.,0.,0.));
#9483=CARTESIAN_POINT('Origin',(-23.5000155679265,-40.5000155679264,0.));
#9484=CARTESIAN_POINT('',(22.5000155679265,-39.5000155679264,1.22464679914737E-16));
#9485=CARTESIAN_POINT('Origin',(23.5000155679265,-40.5000155679264,0.));
#9486=CARTESIAN_POINT('',(-22.5000155679265,-39.5000155679264,1.22464679914735E-16));
#9487=CARTESIAN_POINT('',(-23.5000155679265,-39.5000155679264,1.22464679914735E-16));
#9488=CARTESIAN_POINT('Origin',(-23.5000155679265,-40.5000155679264,0.));
#9489=CARTESIAN_POINT('Origin',(-23.5000155679265,40.5000155679264,0.));
#9490=CARTESIAN_POINT('',(-22.5000155679265,39.5000155679264,1.22464679914735E-16));
#9491=CARTESIAN_POINT('',(-22.5000155679265,40.5000155679264,1.22464679914735E-16));
#9492=CARTESIAN_POINT('Origin',(-23.5000155679265,40.5000155679264,0.));
#9493=CARTESIAN_POINT('Origin',(23.5000155679265,40.5000155679264,0.));
#9494=CARTESIAN_POINT('',(22.5000155679265,39.5000155679264,1.22464679914735E-16));
#9495=CARTESIAN_POINT('',(23.5000155679265,39.5000155679264,1.22464679914735E-16));
#9496=CARTESIAN_POINT('Origin',(23.5000155679265,40.5000155679264,0.));
#9497=CARTESIAN_POINT('Origin',(23.5000155679265,-39.4999999999998,0.));
#9498=CARTESIAN_POINT('',(22.5000155679265,-39.4999999999998,1.22464679914735E-16));
#9499=CARTESIAN_POINT('',(0.,0.,0.));
#9500=CARTESIAN_POINT('Origin',(1.5,0.,-10.5));
#9501=CARTESIAN_POINT('',(1.5,1.25,1.5));
#9502=CARTESIAN_POINT('',(1.5,-1.25,1.5));
#9503=CARTESIAN_POINT('Origin',(1.5,0.,1.5));
#9504=CARTESIAN_POINT('',(2.75,1.53080849893419E-16,2.75));
#9505=CARTESIAN_POINT('Origin',(1.5,0.,1.5));
#9506=CARTESIAN_POINT('',(2.75,1.53080849893419E-16,-11.75));
#9507=CARTESIAN_POINT('',(2.75,1.53080849893419E-16,-10.5));
#9508=CARTESIAN_POINT('',(1.5,1.25,-10.5));
#9509=CARTESIAN_POINT('Origin',(1.5,0.,-10.5));
#9510=CARTESIAN_POINT('',(1.5,-1.25,-10.5));
#9511=CARTESIAN_POINT('Origin',(1.5,0.,-10.5));
#9512=CARTESIAN_POINT('Origin',(1.5,0.,-10.5));
#9513=CARTESIAN_POINT('Origin',(1.5,0.,1.5));
#9514=CARTESIAN_POINT('Origin',(-10.5,0.,-10.5));
#9515=CARTESIAN_POINT('',(-11.75,1.53080849893419E-16,-11.75));
#9516=CARTESIAN_POINT('',(-10.5,1.53080849893419E-16,-11.75));
#9517=CARTESIAN_POINT('',(-10.5,1.25,-10.5));
#9518=CARTESIAN_POINT('Origin',(-10.5,0.,-10.5));
#9519=CARTESIAN_POINT('',(-10.5,-1.25,-10.5));
#9520=CARTESIAN_POINT('Origin',(-10.5,0.,-10.5));
#9521=CARTESIAN_POINT('Origin',(-10.5,0.,-10.5));
#9522=CARTESIAN_POINT('Origin',(-10.5,0.,1.5));
#9523=CARTESIAN_POINT('',(-11.75,1.53080849893419E-16,2.75));
#9524=CARTESIAN_POINT('',(-11.75,1.53080849893419E-16,1.5));
#9525=CARTESIAN_POINT('',(-10.5,1.25,1.5));
#9526=CARTESIAN_POINT('Origin',(-10.5,0.,1.5));
#9527=CARTESIAN_POINT('',(-10.5,-1.25,1.5));
#9528=CARTESIAN_POINT('Origin',(-10.5,0.,1.5));
#9529=CARTESIAN_POINT('Origin',(-10.5,0.,1.5));
#9530=CARTESIAN_POINT('Origin',(0.,0.,1.5));
#9531=CARTESIAN_POINT('',(0.,-1.25,1.5));
#9532=CARTESIAN_POINT('',(0.,0.,0.));
#9533=CARTESIAN_POINT('Origin',(-7.,2.,-7.));
#9534=CARTESIAN_POINT('',(-2.5,2.,-11.5));
#9535=CARTESIAN_POINT('',(-2.5,2.,-2.5));
#9536=CARTESIAN_POINT('',(-2.5,2.,-11.5));
#9537=CARTESIAN_POINT('',(-11.5,2.,-2.5));
#9538=CARTESIAN_POINT('',(-2.5,2.,-2.5));
#9539=CARTESIAN_POINT('',(-11.5,2.,-11.5));
#9540=CARTESIAN_POINT('',(-11.5,2.,-2.5));
#9541=CARTESIAN_POINT('',(-11.5,2.,-11.5));
#9542=CARTESIAN_POINT('Origin',(-14.,2.,0.));
#9543=CARTESIAN_POINT('',(-14.0087266551209,7.,0.008726655120944));
#9544=CARTESIAN_POINT('',(-14.0087266551209,7.,-14.0087266551209));
#9545=CARTESIAN_POINT('',(-14.0087266551209,7.,-14.));
#9546=CARTESIAN_POINT('',(-14.,2.,-14.));
#9547=CARTESIAN_POINT('',(-13.9999786768672,1.98778275726253,-13.9999786768672));
#9548=CARTESIAN_POINT('',(-14.,2.,0.));
#9549=CARTESIAN_POINT('',(-14.,2.,-14.));
#9550=CARTESIAN_POINT('',(-13.9999786768672,1.98778275726253,-2.13231327797518E-5));
#9551=CARTESIAN_POINT('Origin',(-14.,2.,-14.));
#9552=CARTESIAN_POINT('',(0.00872665512094349,7.,-14.0087266551209));
#9553=CARTESIAN_POINT('',(0.,7.,-14.0087266551209));
#9554=CARTESIAN_POINT('',(0.,2.,-14.));
#9555=CARTESIAN_POINT('',(-2.1323132780269E-5,1.98778275726253,-13.9999786768672));
#9556=CARTESIAN_POINT('',(0.,2.,-14.));
#9557=CARTESIAN_POINT('Origin',(0.,2.,-14.));
#9558=CARTESIAN_POINT('',(0.008726655120944,7.,0.00872665512094349));
#9559=CARTESIAN_POINT('',(0.008726655120944,7.,0.));
#9560=CARTESIAN_POINT('',(0.,2.,0.));
#9561=CARTESIAN_POINT('',(-2.13231327797537E-5,1.98778275726253,-2.1323132780269E-5));
#9562=CARTESIAN_POINT('',(0.,2.,0.));
#9563=CARTESIAN_POINT('Origin',(0.,2.,0.));
#9564=CARTESIAN_POINT('',(-14.,7.,0.008726655120944));
#9565=CARTESIAN_POINT('',(-14.,2.,0.));
#9566=CARTESIAN_POINT('Origin',(-7.,7.,-7.));
#9567=CARTESIAN_POINT('Origin',(-2.5,0.,-11.5));
#9568=CARTESIAN_POINT('',(-2.5,0.,-11.5));
#9569=CARTESIAN_POINT('',(-2.5,0.,-2.5));
#9570=CARTESIAN_POINT('',(-2.5,0.,-11.5));
#9571=CARTESIAN_POINT('',(-2.5,0.,-2.5));
#9572=CARTESIAN_POINT('',(-2.5,0.,-11.5));
#9573=CARTESIAN_POINT('Origin',(-11.5,0.,-11.5));
#9574=CARTESIAN_POINT('',(-11.5,0.,-11.5));
#9575=CARTESIAN_POINT('',(-11.5,0.,-11.5));
#9576=CARTESIAN_POINT('',(-11.5,0.,-11.5));
#9577=CARTESIAN_POINT('Origin',(-11.5,0.,-2.5));
#9578=CARTESIAN_POINT('',(-11.5,0.,-2.5));
#9579=CARTESIAN_POINT('',(-11.5,0.,-2.5));
#9580=CARTESIAN_POINT('',(-11.5,0.,-2.5));
#9581=CARTESIAN_POINT('Origin',(-2.5,0.,-2.5));
#9582=CARTESIAN_POINT('',(-2.5,0.,-2.5));
#9583=CARTESIAN_POINT('Origin',(-14.,0.,0.));
#9584=CARTESIAN_POINT('',(-14.,0.,0.));
#9585=CARTESIAN_POINT('',(0.,0.,0.));
#9586=CARTESIAN_POINT('',(-14.,0.,0.));
#9587=CARTESIAN_POINT('',(0.,0.,0.));
#9588=CARTESIAN_POINT('',(-14.,0.,0.));
#9589=CARTESIAN_POINT('Origin',(-14.,0.,-14.));
#9590=CARTESIAN_POINT('',(-14.,0.,-14.));
#9591=CARTESIAN_POINT('',(-14.,0.,-14.));
#9592=CARTESIAN_POINT('',(-14.,0.,-14.));
#9593=CARTESIAN_POINT('Origin',(0.,0.,-14.));
#9594=CARTESIAN_POINT('',(0.,0.,-14.));
#9595=CARTESIAN_POINT('',(0.,0.,-14.));
#9596=CARTESIAN_POINT('',(0.,0.,-14.));
#9597=CARTESIAN_POINT('Origin',(0.,0.,0.));
#9598=CARTESIAN_POINT('',(0.,0.,0.));
#9599=CARTESIAN_POINT('Origin',(-7.,0.,-7.));
#9600=CARTESIAN_POINT('',(0.,0.,0.));
#9601=CARTESIAN_POINT('Origin',(0.,0.,0.));
#9602=CARTESIAN_POINT('',(9.18485099360514E-17,-1.62265700887024E-15,13.25));
#9603=CARTESIAN_POINT('Origin',(0.,-1.71450551880629E-15,14.));
#9604=CARTESIAN_POINT('Origin',(-9.18485099360514E-17,0.,0.));
#9605=CARTESIAN_POINT('',(0.,0.,0.));
#9606=CARTESIAN_POINT('Origin',(9.,-1.,-5.));
#9607=CARTESIAN_POINT('',(9.,2.,-10.));
#9608=CARTESIAN_POINT('',(14.,2.,-5.));
#9609=CARTESIAN_POINT('Origin',(9.,2.,-5.));
#9610=CARTESIAN_POINT('',(14.,-2.,-5.));
#9611=CARTESIAN_POINT('',(14.,-1.,-5.));
#9612=CARTESIAN_POINT('',(9.,-2.,-10.));
#9613=CARTESIAN_POINT('Origin',(9.,-2.,-5.));
#9614=CARTESIAN_POINT('',(9.,-1.,-10.));
#9615=CARTESIAN_POINT('Origin',(4.,-2.,10.));
#9616=CARTESIAN_POINT('',(14.,-2.,5.));
#9617=CARTESIAN_POINT('',(14.,-2.,10.));
#9618=CARTESIAN_POINT('',(9.,-2.,10.));
#9619=CARTESIAN_POINT('Origin',(9.,-2.,5.));
#9620=CARTESIAN_POINT('',(4.,-2.,10.));
#9621=CARTESIAN_POINT('',(4.,-2.,10.));
#9622=CARTESIAN_POINT('',(4.,-2.,-10.));
#9623=CARTESIAN_POINT('',(4.,-2.,5.));
#9624=CARTESIAN_POINT('',(4.,-2.,-10.));
#9625=CARTESIAN_POINT('Origin',(14.,0.,0.));
#9626=CARTESIAN_POINT('',(14.,2.,5.));
#9627=CARTESIAN_POINT('',(14.,2.,-10.));
#9628=CARTESIAN_POINT('',(14.,1.,5.));
#9629=CARTESIAN_POINT('Origin',(9.,1.,5.));
#9630=CARTESIAN_POINT('',(9.,2.,10.));
#9631=CARTESIAN_POINT('Origin',(9.,2.,5.));
#9632=CARTESIAN_POINT('',(9.,1.,10.));
#9633=CARTESIAN_POINT('Origin',(4.,2.,-10.));
#9634=CARTESIAN_POINT('',(4.,2.,-10.));
#9635=CARTESIAN_POINT('',(4.,2.,-10.));
#9636=CARTESIAN_POINT('',(4.,2.,10.));
#9637=CARTESIAN_POINT('',(4.,2.,-5.));
#9638=CARTESIAN_POINT('',(4.,2.,10.));
#9639=CARTESIAN_POINT('Origin',(4.,-2.,-10.));
#9640=CARTESIAN_POINT('',(4.,-1.,-10.));
#9641=CARTESIAN_POINT('Origin',(4.,2.,10.));
#9642=CARTESIAN_POINT('',(4.,1.,10.));
#9643=CARTESIAN_POINT('Origin',(3.,0.,0.));
#9644=CARTESIAN_POINT('',(1.,1.65327317884893E-15,13.5));
#9645=CARTESIAN_POINT('Origin',(1.,0.,0.));
#9646=CARTESIAN_POINT('',(3.,1.65327317884893E-15,13.5));
#9647=CARTESIAN_POINT('',(3.,1.65327317884893E-15,13.5));
#9648=CARTESIAN_POINT('Origin',(3.,0.,0.));
#9649=CARTESIAN_POINT('Origin',(3.,0.,0.));
#9650=CARTESIAN_POINT('',(1.,-1.77573785876366E-15,-14.5));
#9651=CARTESIAN_POINT('Origin',(1.,0.,0.));
#9652=CARTESIAN_POINT('',(3.,-1.77573785876366E-15,-14.5));
#9653=CARTESIAN_POINT('',(3.,-1.77573785876366E-15,-14.5));
#9654=CARTESIAN_POINT('Origin',(3.,0.,0.));
#9655=CARTESIAN_POINT('Origin',(1.,0.,0.));
#9656=CARTESIAN_POINT('Origin',(3.,0.,0.));
#9657=CARTESIAN_POINT('',(3.,-1.83697019872103E-15,15.));
#9658=CARTESIAN_POINT('Origin',(3.,0.,0.));
#9659=CARTESIAN_POINT('Origin',(3.,0.,0.));
#9660=CARTESIAN_POINT('',(3.,-12.5,-1.53080849893419E-15));
#9661=CARTESIAN_POINT('Origin',(3.,0.,0.));
#9662=CARTESIAN_POINT('Origin',(3.,0.,0.));
#9663=CARTESIAN_POINT('',(4.,-1.83697019872103E-15,15.));
#9664=CARTESIAN_POINT('Origin',(4.,0.,0.));
#9665=CARTESIAN_POINT('',(3.,-1.83697019872103E-15,15.));
#9666=CARTESIAN_POINT('Origin',(4.,0.,0.));
#9667=CARTESIAN_POINT('Origin',(0.,0.,0.));
#9668=CARTESIAN_POINT('',(0.,-12.5,-1.53080849893419E-15));
#9669=CARTESIAN_POINT('',(0.,-12.5,-1.53080849893419E-15));
#9670=CARTESIAN_POINT('Origin',(0.,0.,0.));
#9671=CARTESIAN_POINT('Origin',(0.,0.,0.));
#9672=CARTESIAN_POINT('',(0.206065393687735,2.78050377565748,-1.95539688848176));
#9673=CARTESIAN_POINT('',(0.122738869302859,2.93774611343299,-0.312536202593239));
#9674=CARTESIAN_POINT('',(0.0330595271856234,2.97367992628619,0.561303050044445));
#9675=CARTESIAN_POINT('',(2.4428646762414,-3.29039468825878,-0.357955248324006));
#9676=CARTESIAN_POINT('',(0.0806599518319627,-1.32189075125082,-2.52330957903276));
#9677=CARTESIAN_POINT('',(0.946801684115426,-2.85732382211703,-4.19653792548954));
#9678=CARTESIAN_POINT('',(-0.903592016671937,-2.97543405833749,-4.29496312233994));
#9679=CARTESIAN_POINT('',(0.0806599518319246,-1.32189075125085,-4.1374828073793));
#9680=CARTESIAN_POINT('',(0.357752696880819,2.6013990291944,-1.72406002100848));
#9681=CARTESIAN_POINT('',(0.255254564739908,2.58955112902498,-1.80280439483319));
#9682=CARTESIAN_POINT('',(0.260064301890685,2.69385728024542,-0.202564708156355));
#9683=CARTESIAN_POINT('',(0.258078617153571,2.69385728024542,0.80583686337307));
#9684=CARTESIAN_POINT('',(0.358819858431553,2.70329429354193,0.867617982957008));
#9685=CARTESIAN_POINT('',(0.35658700062655,2.64562128119497,-0.136410027101231));
#9686=CARTESIAN_POINT('',(1.44250642466524,-3.22363380509763,-1.11033538208322));
#9687=CARTESIAN_POINT('',(1.44289133366223,-3.13291437329815,-1.11102539634599));
#9688=CARTESIAN_POINT('Origin',(0.,0.,0.));
#9689=UNCERTAINTY_MEASURE_WITH_UNIT(LENGTH_MEASURE(0.000393700787401575),
#9713,'DISTANCE_ACCURACY_VALUE',
'Maximum model space distance between geometric entities at asserted c
onnectivities');
#9690=UNCERTAINTY_MEASURE_WITH_UNIT(LENGTH_MEASURE(0.01),#9714,
'DISTANCE_ACCURACY_VALUE',
'Maximum model space distance between geometric entities at asserted c
onnectivities');
#9691=UNCERTAINTY_MEASURE_WITH_UNIT(LENGTH_MEASURE(0.01),#9714,
'DISTANCE_ACCURACY_VALUE',
'Maximum model space distance between geometric entities at asserted c
onnectivities');
#9692=UNCERTAINTY_MEASURE_WITH_UNIT(LENGTH_MEASURE(0.01),#9714,
'DISTANCE_ACCURACY_VALUE',
'Maximum model space distance between geometric entities at asserted c
onnectivities');
#9693=UNCERTAINTY_MEASURE_WITH_UNIT(LENGTH_MEASURE(0.01),#9714,
'DISTANCE_ACCURACY_VALUE',
'Maximum model space distance between geometric entities at asserted c
onnectivities');
#9694=UNCERTAINTY_MEASURE_WITH_UNIT(LENGTH_MEASURE(0.01),#9714,
'DISTANCE_ACCURACY_VALUE',
'Maximum model space distance between geometric entities at asserted c
onnectivities');
#9695=UNCERTAINTY_MEASURE_WITH_UNIT(LENGTH_MEASURE(0.01),#9714,
'DISTANCE_ACCURACY_VALUE',
'Maximum model space distance between geometric entities at asserted c
onnectivities');
#9696=UNCERTAINTY_MEASURE_WITH_UNIT(LENGTH_MEASURE(0.01),#9714,
'DISTANCE_ACCURACY_VALUE',
'Maximum model space distance between geometric entities at asserted c
onnectivities');
#9697=UNCERTAINTY_MEASURE_WITH_UNIT(LENGTH_MEASURE(0.01),#9714,
'DISTANCE_ACCURACY_VALUE',
'Maximum model space distance between geometric entities at asserted c
onnectivities');
#9698=UNCERTAINTY_MEASURE_WITH_UNIT(LENGTH_MEASURE(0.01),#9714,
'DISTANCE_ACCURACY_VALUE',
'Maximum model space distance between geometric entities at asserted c
onnectivities');
#9699=UNCERTAINTY_MEASURE_WITH_UNIT(LENGTH_MEASURE(0.000393700787401575),
#9713,'DISTANCE_ACCURACY_VALUE',
'Maximum model space distance between geometric entities at asserted c
onnectivities');
#9700=(
GEOMETRIC_REPRESENTATION_CONTEXT(3)
GLOBAL_UNCERTAINTY_ASSIGNED_CONTEXT((#9689))
GLOBAL_UNIT_ASSIGNED_CONTEXT((#9713,#9717,#9718))
REPRESENTATION_CONTEXT('','3D')
);
#9701=(
GEOMETRIC_REPRESENTATION_CONTEXT(3)
GLOBAL_UNCERTAINTY_ASSIGNED_CONTEXT((#9690))
GLOBAL_UNIT_ASSIGNED_CONTEXT((#9714,#9717,#9718))
REPRESENTATION_CONTEXT('','3D')
);
#9702=(
GEOMETRIC_REPRESENTATION_CONTEXT(3)
GLOBAL_UNCERTAINTY_ASSIGNED_CONTEXT((#9691))
GLOBAL_UNIT_ASSIGNED_CONTEXT((#9714,#9717,#9718))
REPRESENTATION_CONTEXT('','3D')
);
#9703=(
GEOMETRIC_REPRESENTATION_CONTEXT(3)
GLOBAL_UNCERTAINTY_ASSIGNED_CONTEXT((#9692))
GLOBAL_UNIT_ASSIGNED_CONTEXT((#9714,#9717,#9718))
REPRESENTATION_CONTEXT('','3D')
);
#9704=(
GEOMETRIC_REPRESENTATION_CONTEXT(3)
GLOBAL_UNCERTAINTY_ASSIGNED_CONTEXT((#9693))
GLOBAL_UNIT_ASSIGNED_CONTEXT((#9714,#9717,#9718))
REPRESENTATION_CONTEXT('','3D')
);
#9705=(
GEOMETRIC_REPRESENTATION_CONTEXT(3)
GLOBAL_UNCERTAINTY_ASSIGNED_CONTEXT((#9694))
GLOBAL_UNIT_ASSIGNED_CONTEXT((#9714,#9717,#9718))
REPRESENTATION_CONTEXT('','3D')
);
#9706=(
GEOMETRIC_REPRESENTATION_CONTEXT(3)
GLOBAL_UNCERTAINTY_ASSIGNED_CONTEXT((#9695))
GLOBAL_UNIT_ASSIGNED_CONTEXT((#9714,#9717,#9718))
REPRESENTATION_CONTEXT('','3D')
);
#9707=(
GEOMETRIC_REPRESENTATION_CONTEXT(3)
GLOBAL_UNCERTAINTY_ASSIGNED_CONTEXT((#9696))
GLOBAL_UNIT_ASSIGNED_CONTEXT((#9714,#9717,#9718))
REPRESENTATION_CONTEXT('','3D')
);
#9708=(
GEOMETRIC_REPRESENTATION_CONTEXT(3)
GLOBAL_UNCERTAINTY_ASSIGNED_CONTEXT((#9697))
GLOBAL_UNIT_ASSIGNED_CONTEXT((#9714,#9717,#9718))
REPRESENTATION_CONTEXT('','3D')
);
#9709=(
GEOMETRIC_REPRESENTATION_CONTEXT(3)
GLOBAL_UNCERTAINTY_ASSIGNED_CONTEXT((#9698))
GLOBAL_UNIT_ASSIGNED_CONTEXT((#9714,#9717,#9718))
REPRESENTATION_CONTEXT('','3D')
);
#9710=(
GEOMETRIC_REPRESENTATION_CONTEXT(3)
GLOBAL_UNCERTAINTY_ASSIGNED_CONTEXT((#9699))
GLOBAL_UNIT_ASSIGNED_CONTEXT((#9713,#9717,#9718))
REPRESENTATION_CONTEXT('','3D')
);
#9711=DIMENSIONAL_EXPONENTS(1.,0.,0.,0.,0.,0.,0.);
#9712=DIMENSIONAL_EXPONENTS(0.,1.,0.,0.,0.,0.,0.);
#9713=(
CONVERSION_BASED_UNIT('inch',#9716)
LENGTH_UNIT()
NAMED_UNIT(#9711)
);
#9714=(
LENGTH_UNIT()
NAMED_UNIT(*)
SI_UNIT(.MILLI.,.METRE.)
);
#9715=(
LENGTH_UNIT()
NAMED_UNIT(*)
SI_UNIT(.CENTI.,.METRE.)
);
#9716=LENGTH_MEASURE_WITH_UNIT(LENGTH_MEASURE(25.4),#9714);
#9717=(
NAMED_UNIT(*)
PLANE_ANGLE_UNIT()
SI_UNIT($,.RADIAN.)
);
#9718=(
NAMED_UNIT(*)
SI_UNIT($,.STERADIAN.)
SOLID_ANGLE_UNIT()
);
#9719=SHAPE_DEFINITION_REPRESENTATION(#9729,#9752);
#9720=SHAPE_DEFINITION_REPRESENTATION(#9730,#9753);
#9721=SHAPE_DEFINITION_REPRESENTATION(#9731,#9754);
#9722=SHAPE_DEFINITION_REPRESENTATION(#9732,#9755);
#9723=SHAPE_DEFINITION_REPRESENTATION(#9733,#9756);
#9724=SHAPE_DEFINITION_REPRESENTATION(#9734,#9757);
#9725=SHAPE_DEFINITION_REPRESENTATION(#9735,#9758);
#9726=SHAPE_DEFINITION_REPRESENTATION(#9736,#9759);
#9727=SHAPE_DEFINITION_REPRESENTATION(#9737,#9760);
#9728=SHAPE_DEFINITION_REPRESENTATION(#9738,#9761);
#9729=PRODUCT_DEFINITION_SHAPE('',$,#9763);
#9730=PRODUCT_DEFINITION_SHAPE('',$,#9764);
#9731=PRODUCT_DEFINITION_SHAPE('',$,#9765);
#9732=PRODUCT_DEFINITION_SHAPE('',$,#9766);
#9733=PRODUCT_DEFINITION_SHAPE('',$,#9767);
#9734=PRODUCT_DEFINITION_SHAPE('',$,#9768);
#9735=PRODUCT_DEFINITION_SHAPE('',$,#9769);
#9736=PRODUCT_DEFINITION_SHAPE('',$,#9770);
#9737=PRODUCT_DEFINITION_SHAPE('',$,#9771);
#9738=PRODUCT_DEFINITION_SHAPE('',$,#9772);
#9739=PRODUCT_DEFINITION_SHAPE($,$,#53);
#9740=PRODUCT_DEFINITION_SHAPE($,$,#54);
#9741=PRODUCT_DEFINITION_SHAPE($,$,#55);
#9742=PRODUCT_DEFINITION_SHAPE($,$,#56);
#9743=PRODUCT_DEFINITION_SHAPE($,$,#57);
#9744=PRODUCT_DEFINITION_SHAPE($,$,#58);
#9745=PRODUCT_DEFINITION_SHAPE($,$,#59);
#9746=PRODUCT_DEFINITION_SHAPE($,$,#60);
#9747=PRODUCT_DEFINITION_SHAPE($,$,#61);
#9748=PRODUCT_DEFINITION_SHAPE($,$,#62);
#9749=PRODUCT_DEFINITION_SHAPE($,$,#63);
#9750=PRODUCT_DEFINITION_SHAPE($,$,#64);
#9751=PRODUCT_DEFINITION_SHAPE($,$,#65);
#9752=SHAPE_REPRESENTATION('',(#6056,#6515,#6516,#6517,#6518,#6519,#6520,
#6521,#6522,#6523,#6524,#6525,#6526,#6527),#9700);
#9753=SHAPE_REPRESENTATION('',(#6057),#9701);
#9754=SHAPE_REPRESENTATION('',(#6369),#9702);
#9755=SHAPE_REPRESENTATION('',(#6375),#9703);
#9756=SHAPE_REPRESENTATION('',(#6423),#9704);
#9757=SHAPE_REPRESENTATION('',(#6440),#9705);
#9758=SHAPE_REPRESENTATION('',(#6449),#9706);
#9759=SHAPE_REPRESENTATION('',(#6466),#9707);
#9760=SHAPE_REPRESENTATION('',(#6482),#9708);
#9761=SHAPE_REPRESENTATION('',(#6486),#9709);
#9762=PRODUCT_DEFINITION_CONTEXT('part definition',#9794,'design');
#9763=PRODUCT_DEFINITION('Full casing + sensor','Full casing + sensor',
#9773,#9762);
#9764=PRODUCT_DEFINITION('Main casing','Main casing',#9774,#9762);
#9765=PRODUCT_DEFINITION('Radiation sensor','Radiation sensor',#9775,#9762);
#9766=PRODUCT_DEFINITION('Electronic screen','Electronic screen',#9776,
#9762);
#9767=PRODUCT_DEFINITION('Protective glass','Protective glass',#9777,#9762);
#9768=PRODUCT_DEFINITION('O-ring for protective glass',
'O-ring for protective glass',#9778,#9762);
#9769=PRODUCT_DEFINITION('O-Ring for buttons','O-Ring for buttons',#9779,
#9762);
#9770=PRODUCT_DEFINITION('Button','Button',#9780,#9762);
#9771=PRODUCT_DEFINITION('O-ring for battery hatch',
'O-ring for battery hatch',#9781,#9762);
#9772=PRODUCT_DEFINITION('Hatch opening','Hatch opening',#9782,#9762);
#9773=PRODUCT_DEFINITION_FORMATION('',$,#9796);
#9774=PRODUCT_DEFINITION_FORMATION('',$,#9797);
#9775=PRODUCT_DEFINITION_FORMATION('',$,#9798);
#9776=PRODUCT_DEFINITION_FORMATION('',$,#9799);
#9777=PRODUCT_DEFINITION_FORMATION('',$,#9800);
#9778=PRODUCT_DEFINITION_FORMATION('',$,#9801);
#9779=PRODUCT_DEFINITION_FORMATION('',$,#9802);
#9780=PRODUCT_DEFINITION_FORMATION('',$,#9803);
#9781=PRODUCT_DEFINITION_FORMATION('',$,#9804);
#9782=PRODUCT_DEFINITION_FORMATION('',$,#9805);
#9783=PRODUCT_RELATED_PRODUCT_CATEGORY('Full casing + sensor',
'Full casing + sensor',(#9796));
#9784=PRODUCT_RELATED_PRODUCT_CATEGORY('Main casing','Main casing',(#9797));
#9785=PRODUCT_RELATED_PRODUCT_CATEGORY('Radiation sensor',
'Radiation sensor',(#9798));
#9786=PRODUCT_RELATED_PRODUCT_CATEGORY('Electronic screen',
'Electronic screen',(#9799));
#9787=PRODUCT_RELATED_PRODUCT_CATEGORY('Protective glass',
'Protective glass',(#9800));
#9788=PRODUCT_RELATED_PRODUCT_CATEGORY('O-ring for protective glass',
'O-ring for protective glass',(#9801));
#9789=PRODUCT_RELATED_PRODUCT_CATEGORY('O-Ring for buttons',
'O-Ring for buttons',(#9802));
#9790=PRODUCT_RELATED_PRODUCT_CATEGORY('Button','Button',(#9803));
#9791=PRODUCT_RELATED_PRODUCT_CATEGORY('O-ring for battery hatch',
'O-ring for battery hatch',(#9804));
#9792=PRODUCT_RELATED_PRODUCT_CATEGORY('Hatch opening','Hatch opening',
(#9805));
#9793=APPLICATION_PROTOCOL_DEFINITION('international standard',
'automotive_design',2009,#9794);
#9794=APPLICATION_CONTEXT(
'Core Data for Automotive Mechanical Design Process');
#9795=PRODUCT_CONTEXT('part definition',#9794,'mechanical');
#9796=PRODUCT('Full casing + sensor','Full casing + sensor',$,(#9795));
#9797=PRODUCT('Main casing','Main casing',$,(#9795));
#9798=PRODUCT('Radiation sensor','Radiation sensor',$,(#9795));
#9799=PRODUCT('Electronic screen','Electronic screen',$,(#9795));
#9800=PRODUCT('Protective glass','Protective glass',$,(#9795));
#9801=PRODUCT('O-ring for protective glass',
'O-ring for protective glass',$,(#9795));
#9802=PRODUCT('O-Ring for buttons','O-Ring for buttons',$,(#9795));
#9803=PRODUCT('Button','Button',$,(#9795));
#9804=PRODUCT('O-ring for battery hatch','O-ring for battery hatch',$,(#9795));
#9805=PRODUCT('Hatch opening','Hatch opening',$,(#9795));
#9806=PRESENTATION_STYLE_ASSIGNMENT((#9824));
#9807=PRESENTATION_STYLE_ASSIGNMENT((#9825));
#9808=PRESENTATION_STYLE_ASSIGNMENT((#9826));
#9809=PRESENTATION_STYLE_ASSIGNMENT((#9827));
#9810=PRESENTATION_STYLE_ASSIGNMENT((#9828));
#9811=PRESENTATION_STYLE_ASSIGNMENT((#9829));
#9812=PRESENTATION_STYLE_ASSIGNMENT((#9830));
#9813=PRESENTATION_STYLE_ASSIGNMENT((#9831));
#9814=PRESENTATION_STYLE_ASSIGNMENT((#9832));
#9815=PRESENTATION_STYLE_ASSIGNMENT((#9833));
#9816=PRESENTATION_STYLE_ASSIGNMENT((#9834));
#9817=PRESENTATION_STYLE_ASSIGNMENT((#9835));
#9818=PRESENTATION_STYLE_ASSIGNMENT((#9836));
#9819=PRESENTATION_STYLE_ASSIGNMENT((#9837));
#9820=PRESENTATION_STYLE_ASSIGNMENT((#9838));
#9821=PRESENTATION_STYLE_ASSIGNMENT((#9839));
#9822=PRESENTATION_STYLE_ASSIGNMENT((#9840));
#9823=PRESENTATION_STYLE_ASSIGNMENT((NULL_STYLE(.NULL.)));
#9824=SURFACE_STYLE_USAGE(.BOTH.,#9873);
#9825=SURFACE_STYLE_USAGE(.BOTH.,#9874);
#9826=SURFACE_STYLE_USAGE(.BOTH.,#9875);
#9827=SURFACE_STYLE_USAGE(.BOTH.,#9876);
#9828=SURFACE_STYLE_USAGE(.BOTH.,#9877);
#9829=SURFACE_STYLE_USAGE(.BOTH.,#9878);
#9830=SURFACE_STYLE_USAGE(.BOTH.,#9879);
#9831=SURFACE_STYLE_USAGE(.BOTH.,#9880);
#9832=SURFACE_STYLE_USAGE(.BOTH.,#9881);
#9833=SURFACE_STYLE_USAGE(.BOTH.,#9882);
#9834=SURFACE_STYLE_USAGE(.BOTH.,#9883);
#9835=SURFACE_STYLE_USAGE(.BOTH.,#9884);
#9836=SURFACE_STYLE_USAGE(.BOTH.,#9885);
#9837=SURFACE_STYLE_USAGE(.BOTH.,#9886);
#9838=SURFACE_STYLE_USAGE(.BOTH.,#9887);
#9839=SURFACE_STYLE_USAGE(.BOTH.,#9888);
#9840=SURFACE_STYLE_USAGE(.BOTH.,#9889);
#9841=SURFACE_STYLE_RENDERING_WITH_PROPERTIES($,#9941,(#9857));
#9842=SURFACE_STYLE_RENDERING_WITH_PROPERTIES($,#9942,(#9858));
#9843=SURFACE_STYLE_RENDERING_WITH_PROPERTIES($,#9943,(#9859));
#9844=SURFACE_STYLE_RENDERING_WITH_PROPERTIES($,#9945,(#9860));
#9845=SURFACE_STYLE_RENDERING_WITH_PROPERTIES($,#9946,(#9861));
#9846=SURFACE_STYLE_RENDERING_WITH_PROPERTIES($,#9947,(#9862));
#9847=SURFACE_STYLE_RENDERING_WITH_PROPERTIES($,#9948,(#9863));
#9848=SURFACE_STYLE_RENDERING_WITH_PROPERTIES($,#9949,(#9864));
#9849=SURFACE_STYLE_RENDERING_WITH_PROPERTIES($,#9950,(#9865));
#9850=SURFACE_STYLE_RENDERING_WITH_PROPERTIES($,#9951,(#9866));
#9851=SURFACE_STYLE_RENDERING_WITH_PROPERTIES($,#9952,(#9867));
#9852=SURFACE_STYLE_RENDERING_WITH_PROPERTIES($,#9953,(#9868));
#9853=SURFACE_STYLE_RENDERING_WITH_PROPERTIES($,#9954,(#9869));
#9854=SURFACE_STYLE_RENDERING_WITH_PROPERTIES($,#9955,(#9870));
#9855=SURFACE_STYLE_RENDERING_WITH_PROPERTIES($,#9956,(#9871));
#9856=SURFACE_STYLE_RENDERING_WITH_PROPERTIES($,#9957,(#9872));
#9857=SURFACE_STYLE_TRANSPARENT(0.);
#9858=SURFACE_STYLE_TRANSPARENT(0.);
#9859=SURFACE_STYLE_TRANSPARENT(0.);
#9860=SURFACE_STYLE_TRANSPARENT(0.);
#9861=SURFACE_STYLE_TRANSPARENT(0.);
#9862=SURFACE_STYLE_TRANSPARENT(0.);
#9863=SURFACE_STYLE_TRANSPARENT(0.);
#9864=SURFACE_STYLE_TRANSPARENT(0.);
#9865=SURFACE_STYLE_TRANSPARENT(0.);
#9866=SURFACE_STYLE_TRANSPARENT(0.339999973773956);
#9867=SURFACE_STYLE_TRANSPARENT(0.);
#9868=SURFACE_STYLE_TRANSPARENT(0.53999999165535);
#9869=SURFACE_STYLE_TRANSPARENT(0.);
#9870=SURFACE_STYLE_TRANSPARENT(0.);
#9871=SURFACE_STYLE_TRANSPARENT(0.);
#9872=SURFACE_STYLE_TRANSPARENT(0.);
#9873=SURFACE_SIDE_STYLE('',(#9890,#9841));
#9874=SURFACE_SIDE_STYLE('',(#9891,#9842));
#9875=SURFACE_SIDE_STYLE('',(#9892,#9843));
#9876=SURFACE_SIDE_STYLE('',(#9893));
#9877=SURFACE_SIDE_STYLE('',(#9894,#9844));
#9878=SURFACE_SIDE_STYLE('',(#9895,#9845));
#9879=SURFACE_SIDE_STYLE('',(#9896,#9846));
#9880=SURFACE_SIDE_STYLE('',(#9897,#9847));
#9881=SURFACE_SIDE_STYLE('',(#9898,#9848));
#9882=SURFACE_SIDE_STYLE('',(#9899,#9849));
#9883=SURFACE_SIDE_STYLE('',(#9900,#9850));
#9884=SURFACE_SIDE_STYLE('',(#9901,#9851));
#9885=SURFACE_SIDE_STYLE('',(#9902,#9852));
#9886=SURFACE_SIDE_STYLE('',(#9903,#9853));
#9887=SURFACE_SIDE_STYLE('',(#9904,#9854));
#9888=SURFACE_SIDE_STYLE('',(#9905,#9855));
#9889=SURFACE_SIDE_STYLE('',(#9906,#9856));
#9890=SURFACE_STYLE_FILL_AREA(#9907);
#9891=SURFACE_STYLE_FILL_AREA(#9908);
#9892=SURFACE_STYLE_FILL_AREA(#9909);
#9893=SURFACE_STYLE_FILL_AREA(#9910);
#9894=SURFACE_STYLE_FILL_AREA(#9911);
#9895=SURFACE_STYLE_FILL_AREA(#9912);
#9896=SURFACE_STYLE_FILL_AREA(#9913);
#9897=SURFACE_STYLE_FILL_AREA(#9914);
#9898=SURFACE_STYLE_FILL_AREA(#9915);
#9899=SURFACE_STYLE_FILL_AREA(#9916);
#9900=SURFACE_STYLE_FILL_AREA(#9917);
#9901=SURFACE_STYLE_FILL_AREA(#9918);
#9902=SURFACE_STYLE_FILL_AREA(#9919);
#9903=SURFACE_STYLE_FILL_AREA(#9920);
#9904=SURFACE_STYLE_FILL_AREA(#9921);
#9905=SURFACE_STYLE_FILL_AREA(#9922);
#9906=SURFACE_STYLE_FILL_AREA(#9923);
#9907=FILL_AREA_STYLE('',(#9924));
#9908=FILL_AREA_STYLE('',(#9925));
#9909=FILL_AREA_STYLE('',(#9926));
#9910=FILL_AREA_STYLE('',(#9927));
#9911=FILL_AREA_STYLE('',(#9928));
#9912=FILL_AREA_STYLE('',(#9929));
#9913=FILL_AREA_STYLE('',(#9930));
#9914=FILL_AREA_STYLE('',(#9931));
#9915=FILL_AREA_STYLE('',(#9932));
#9916=FILL_AREA_STYLE('',(#9933));
#9917=FILL_AREA_STYLE('',(#9934));
#9918=FILL_AREA_STYLE('',(#9935));
#9919=FILL_AREA_STYLE('',(#9936));
#9920=FILL_AREA_STYLE('',(#9937));
#9921=FILL_AREA_STYLE('',(#9938));
#9922=FILL_AREA_STYLE('',(#9939));
#9923=FILL_AREA_STYLE('',(#9940));
#9924=FILL_AREA_STYLE_COLOUR('',#9941);
#9925=FILL_AREA_STYLE_COLOUR('',#9942);
#9926=FILL_AREA_STYLE_COLOUR('',#9943);
#9927=FILL_AREA_STYLE_COLOUR('',#9944);
#9928=FILL_AREA_STYLE_COLOUR('',#9945);
#9929=FILL_AREA_STYLE_COLOUR('',#9946);
#9930=FILL_AREA_STYLE_COLOUR('',#9947);
#9931=FILL_AREA_STYLE_COLOUR('',#9948);
#9932=FILL_AREA_STYLE_COLOUR('',#9949);
#9933=FILL_AREA_STYLE_COLOUR('',#9950);
#9934=FILL_AREA_STYLE_COLOUR('',#9951);
#9935=FILL_AREA_STYLE_COLOUR('',#9952);
#9936=FILL_AREA_STYLE_COLOUR('',#9953);
#9937=FILL_AREA_STYLE_COLOUR('',#9954);
#9938=FILL_AREA_STYLE_COLOUR('',#9955);
#9939=FILL_AREA_STYLE_COLOUR('',#9956);
#9940=FILL_AREA_STYLE_COLOUR('',#9957);
#9941=COLOUR_RGB('',0.411764705882353,0.411764705882353,0.411764705882353);
#9942=COLOUR_RGB('',0.772549019607843,0.76078431372549,0.580392156862745);
#9943=COLOUR_RGB('',0.698039215686274,0.698039215686274,0.698039215686274);
#9944=COLOUR_RGB('',0.913725490196078,0.913725490196078,0.);
#9945=COLOUR_RGB('',0.835294117647059,0.109803921568627,0.0941176470588235);
#9946=COLOUR_RGB('',0.698039215686274,0.698039215686274,0.698039215686274);
#9947=COLOUR_RGB('',0.835294117647059,0.109803921568627,0.0941176470588235);
#9948=COLOUR_RGB('',0.749019607843137,0.749019607843137,0.749019607843137);
#9949=COLOUR_RGB('',0.0392156862745098,0.0392156862745098,0.0392156862745098);
#9950=COLOUR_RGB('',0.866666666666667,0.486274509803922,0.0588235294117647);
#9951=COLOUR_RGB('',0.749019607843137,0.101960784313725,0.101960784313725);
#9952=COLOUR_RGB('',0.0509803921568627,0.615686274509804,0.0509803921568627);
#9953=COLOUR_RGB('',0.8,0.8,0.8);
#9954=COLOUR_RGB('',0.250980392156863,0.250980392156863,0.250980392156863);
#9955=COLOUR_RGB('',0.250980392156863,0.250980392156863,0.250980392156863);
#9956=COLOUR_RGB('',0.0196078431372549,0.0196078431372549,0.0196078431372549);
#9957=COLOUR_RGB('',0.0196078431372549,0.0196078431372549,0.0196078431372549);
ENDSEC;
END-ISO-10303-21;
